Class Index,Title,Description,text,source_row,text_clean,token_length,exclusion_reason
3,Government Spending Up Sharply Locally," Federal procurement spending in the Washington area rose last year at its highest rate since the 1980s, according to a study to be released today, creating tens of thousands of jobs and increasing economic growth disproportionately in Northern Virginia.","Government Spending Up Sharply Locally Federal procurement spending in the Washington area rose last year at its highest rate since the 1980s, according to a study to be released today, creating tens of thousands of jobs and increasing economic growth disproportionately in Northern Virginia.",674,government spending up sharply locally federal procurement spending in the washington area rose last year at its highest rate since the 1980s according to a study to be released today creating tens of thousands of jobs and increasing economic growth disproportionately in northern virginia,44,conflicting_train_labels
4,Government Spending Up Sharply Locally,"Federal procurement spending in the Washington area rose last year at its highest rate since the 1980s, according to a study to be released today, creating tens of thousands of jobs and increasing economic growth disproportionately in Northern Virginia.","Government Spending Up Sharply Locally Federal procurement spending in the Washington area rose last year at its highest rate since the 1980s, according to a study to be released today, creating tens of thousands of jobs and increasing economic growth disproportionately in Northern Virginia.",790,government spending up sharply locally federal procurement spending in the washington area rose last year at its highest rate since the 1980s according to a study to be released today creating tens of thousands of jobs and increasing economic growth disproportionately in northern virginia,44,conflicting_train_labels
3,Demand Helps CACI Profit Increase 56,CACI International Inc. said increased demand for its homeland security and intelligence services helped boost fourth-quarter profit by 56 percent over the same period a year earlier. ,Demand Helps CACI Profit Increase 56 CACI International Inc. said increased demand for its homeland security and intelligence services helped boost fourth-quarter profit by 56 percent over the same period a year earlier.,3547,demand helps caci profit increase 56 caci international inc said increased demand for its homeland security and intelligence services helped boost fourth quarter profit by 56 percent over the same period a year earlier,34,conflicting_train_labels
4,Demand Helps CACI Profit Increase 56,CACI International Inc. said increased demand for its homeland security and intelligence services helped boost fourth-quarter profit by 56 percent over the same period a year earlier.,Demand Helps CACI Profit Increase 56 CACI International Inc. said increased demand for its homeland security and intelligence services helped boost fourth-quarter profit by 56 percent over the same period a year earlier.,4019,demand helps caci profit increase 56 caci international inc said increased demand for its homeland security and intelligence services helped boost fourth quarter profit by 56 percent over the same period a year earlier,34,conflicting_train_labels
3,Judges rule file-sharing software legal,update A federal appeals court has upheld a controversial court decision that said file-sharing software programs such as Grokster or Morpheus are legal. ,Judges rule file-sharing software legal update A federal appeals court has upheld a controversial court decision that said file-sharing software programs such as Grokster or Morpheus are legal.,4437,judges rule file sharing software legal update a federal appeals court has upheld a controversial court decision that said file sharing software programs such as grokster or morpheus are legal,30,conflicting_train_labels
3,Update 4: Two Firms Cleared of Swapping Violations,"In a judicial blow to the entertainment industry, a federal appeals court ruled that makers of two leading file-sharing programs are not legally liable for the songs, movies and other copyright works their users swap online. ","Update 4: Two Firms Cleared of Swapping Violations In a judicial blow to the entertainment industry, a federal appeals court ruled that makers of two leading file-sharing programs are not legally liable for the songs, movies and other copyright works their users swap online.",4612,update 4 two firms cleared of swapping violations in a judicial blow to the entertainment industry a federal appeals court ruled that makers of two leading file sharing programs are not legally liable for the songs movies and other copyright works their users swap online,45,conflicting_train_labels
3,Amazon to purchase Chinese on-line retailer,"Amazon.com Inc. has agreed to buy Joyo.com, China #39;s largest on-line retailer of books, music and videos, for \$75-million (US) to gain access to the world #39;s second-biggest Internet market. ","Amazon to purchase Chinese on-line retailer Amazon.com Inc. has agreed to buy Joyo.com, China #39;s largest on-line retailer of books, music and videos, for \$75-million (US) to gain access to the world #39;s second-biggest Internet market.",4671,amazon to purchase chinese on line retailer amazon com inc has agreed to buy joyo com china 39 s largest on line retailer of books music and videos for 75 million us to gain access to the world 39 s second biggest internet market,44,conflicting_train_labels
3,Movie Studios Lose In Case Against File-Sharing Apps,The decision is likely to force the industry to take the more costly and less-popular route of going directly after file-swappers. ,Movie Studios Lose In Case Against File-Sharing Apps The decision is likely to force the industry to take the more costly and less-popular route of going directly after file-swappers.,5094,movie studios lose in case against file sharing apps the decision is likely to force the industry to take the more costly and less popular route of going directly after file swappers,32,conflicting_train_labels
4,Movie Studios Lose In Case Against File-Sharing Apps,The decision is likely to force the industry to take the more costly and less-popular route of going directly after file-swappers.,Movie Studios Lose In Case Against File-Sharing Apps The decision is likely to force the industry to take the more costly and less-popular route of going directly after file-swappers.,5642,movie studios lose in case against file sharing apps the decision is likely to force the industry to take the more costly and less popular route of going directly after file swappers,32,conflicting_train_labels
4,Amazon to purchase Chinese on-line retailer,"Amazon.com Inc. has agreed to buy Joyo.com, China #39;s largest on-line retailer of books, music and videos, for \$75-million (US) to gain access to the world #39;s second-biggest Internet market.","Amazon to purchase Chinese on-line retailer Amazon.com Inc. has agreed to buy Joyo.com, China #39;s largest on-line retailer of books, music and videos, for \$75-million (US) to gain access to the world #39;s second-biggest Internet market.",5653,amazon to purchase chinese on line retailer amazon com inc has agreed to buy joyo com china 39 s largest on line retailer of books music and videos for 75 million us to gain access to the world 39 s second biggest internet market,44,conflicting_train_labels
4,Update 4: Two Firms Cleared of Swapping Violations,"In a judicial blow to the entertainment industry, a federal appeals court ruled that makers of two leading file-sharing programs are not legally liable for the songs, movies and other copyright works their users swap online.","Update 4: Two Firms Cleared of Swapping Violations In a judicial blow to the entertainment industry, a federal appeals court ruled that makers of two leading file-sharing programs are not legally liable for the songs, movies and other copyright works their users swap online.",5971,update 4 two firms cleared of swapping violations in a judicial blow to the entertainment industry a federal appeals court ruled that makers of two leading file sharing programs are not legally liable for the songs movies and other copyright works their users swap online,45,conflicting_train_labels
4,Judges rule file-sharing software legal,update A federal appeals court has upheld a controversial court decision that said file-sharing software programs such as Grokster or Morpheus are legal.,Judges rule file-sharing software legal update A federal appeals court has upheld a controversial court decision that said file-sharing software programs such as Grokster or Morpheus are legal.,6399,judges rule file sharing software legal update a federal appeals court has upheld a controversial court decision that said file sharing software programs such as grokster or morpheus are legal,30,conflicting_train_labels
4,Post-9/11 Mergers Brought Problems,"Government service firms often leaped before they looked as they scrambled to buy their way into the booming intelligence and anti-terrorism field.&lt;br&gt;&lt;FONT face=""verdana,MS Sans Serif,arial,helvetica"" size=""-2"" color=""#666666""&gt;&lt;B&gt;-The Washington Post&lt;/B&gt;&lt;/FONT&gt;","Post-9/11 Mergers Brought Problems Government service firms often leaped before they looked as they scrambled to buy their way into the booming intelligence and anti-terrorism field.&lt;br&gt;&lt;FONT face=""verdana,MS Sans Serif,arial,helvetica"" size=""-2"" color=""#666666""&gt;&lt;B&gt;-The Washington Post&lt;/B&gt;&lt;/FONT&gt;",6945,post 9 11 mergers brought problems government service firms often leaped before they looked as they scrambled to buy their way into the booming intelligence and anti terrorism field the washington post,32,conflicting_train_labels
3,Post-9/11 Mergers Brought Problems,"Government service firms often leaped before they looked as they scrambled to buy their way into the booming intelligence and anti-terrorism field.  &lt;FONT face=""verdana,MS Sans Serif,arial,helvetica"" size=""-2"" color=""#666666""&gt;&lt;B&gt;-The Washington Post&lt;/B&gt;&lt;/FONT&gt;","Post-9/11 Mergers Brought Problems Government service firms often leaped before they looked as they scrambled to buy their way into the booming intelligence and anti-terrorism field.  &lt;FONT face=""verdana,MS Sans Serif,arial,helvetica"" size=""-2"" color=""#666666""&gt;&lt;B&gt;-The Washington Post&lt;/B&gt;&lt;/FONT&gt;",6965,post 9 11 mergers brought problems government service firms often leaped before they looked as they scrambled to buy their way into the booming intelligence and anti terrorism field the washington post,32,conflicting_train_labels
3,Intel Seen Readying New Wi-Fi Chips," SAN FRANCISCO (Reuters) - Intel Corp. &lt;A HREF=""http://www.investor.reuters.com/FullQuote.aspx?ticker=INTC.O target=/stocks/quickinfo/fullquote""&gt;INTC.O&lt;/A&gt; this week is  expected to introduce a chip that adds support for a relatively  obscure version of Wi-Fi, analysts said on Monday, in a move  that could help ease congestion on wireless networks.","Intel Seen Readying New Wi-Fi Chips SAN FRANCISCO (Reuters) - Intel Corp. &lt;A HREF=""http://www.investor.reuters.com/FullQuote.aspx?ticker=INTC.O target=/stocks/quickinfo/fullquote""&gt;INTC.O&lt;/A&gt; this week is  expected to introduce a chip that adds support for a relatively  obscure version of Wi-Fi, analysts said on Monday, in a move  that could help ease congestion on wireless networks.",7850,intel seen readying new wi fi chips san francisco reuters intel corp intc o this week is expected to introduce a chip that adds support for a relatively obscure version of wi fi analysts said on monday in a move that could help ease congestion on wireless networks,48,conflicting_train_labels
4,Intel Seen Readying New Wi-Fi Chips," SAN FRANCISCO (Reuters) - Intel Corp. &lt;A HREF=""http://www.reuters.co.uk/financeQuoteLookup.jhtml?ticker=INTC.O qtype=sym infotype=info qcat=news""&gt;INTC.O&lt;/A&gt; this week is  expected to introduce a chip that adds support for a relatively  obscure version of Wi-Fi, analysts said on Monday, in a move  that could help ease congestion on wireless networks.","Intel Seen Readying New Wi-Fi Chips SAN FRANCISCO (Reuters) - Intel Corp. &lt;A HREF=""http://www.reuters.co.uk/financeQuoteLookup.jhtml?ticker=INTC.O qtype=sym infotype=info qcat=news""&gt;INTC.O&lt;/A&gt; this week is  expected to introduce a chip that adds support for a relatively  obscure version of Wi-Fi, analysts said on Monday, in a move  that could help ease congestion on wireless networks.",7870,intel seen readying new wi fi chips san francisco reuters intel corp intc o this week is expected to introduce a chip that adds support for a relatively obscure version of wi fi analysts said on monday in a move that could help ease congestion on wireless networks,48,conflicting_train_labels
4,Comcast Subpoenas Elected Leaders In Montgomery Who Favored Union,Two Montgomery County Council members who supported a campaign by employees of Comcast Cable Communications to form a union have been subpoenaed by company attorneys in a federal labor relations case involving a Rockville man who says he was illegally fired by the firm.,Comcast Subpoenas Elected Leaders In Montgomery Who Favored Union Two Montgomery County Council members who supported a campaign by employees of Comcast Cable Communications to form a union have been subpoenaed by company attorneys in a federal labor relations case involving a Rockville man who says he was illegally fired by the firm.,11443,comcast subpoenas elected leaders in montgomery who favored union two montgomery county council members who supported a campaign by employees of comcast cable communications to form a union have been subpoenaed by company attorneys in a federal labor relations case involving a rockville man who says he was illegally fired by the firm,53,conflicting_train_labels
3,Comcast Subpoenas Elected Leaders In Montgomery Who Favored Union, Two Montgomery County Council members who supported a campaign by employees of Comcast Cable Communications to form a union have been subpoenaed by company attorneys in a federal labor relations case involving a Rockville man who says he was illegally fired by the firm.,Comcast Subpoenas Elected Leaders In Montgomery Who Favored Union Two Montgomery County Council members who supported a campaign by employees of Comcast Cable Communications to form a union have been subpoenaed by company attorneys in a federal labor relations case involving a Rockville man who says he was illegally fired by the firm.,11464,comcast subpoenas elected leaders in montgomery who favored union two montgomery county council members who supported a campaign by employees of comcast cable communications to form a union have been subpoenaed by company attorneys in a federal labor relations case involving a rockville man who says he was illegally fired by the firm,53,conflicting_train_labels
3,Microsoft Targets 2006 for Next Windows," SEATTLE (Reuters) - The next version of the Windows  operating system, Microsoft Corp.'s &lt;A HREF=""http://www.investor.reuters.com/FullQuote.aspx?ticker=MSFT.O target=/stocks/quickinfo/fullquote""&gt;MSFT.O&lt;/A&gt; flagship product,  will ship in 2006, the world's largest software maker said on  Friday.","Microsoft Targets 2006 for Next Windows SEATTLE (Reuters) - The next version of the Windows  operating system, Microsoft Corp.'s &lt;A HREF=""http://www.investor.reuters.com/FullQuote.aspx?ticker=MSFT.O target=/stocks/quickinfo/fullquote""&gt;MSFT.O&lt;/A&gt; flagship product,  will ship in 2006, the world's largest software maker said on  Friday.",12461,microsoft targets 2006 for next windows seattle reuters the next version of the windows operating system microsoft corp s msft o flagship product will ship in 2006 the world's largest software maker said on friday,35,conflicting_train_labels
4,Microsoft Targets 2006 for Next Windows," SEATTLE (Reuters) - The next version of the Windows  operating system, Microsoft Corp.'s &lt;A HREF=""http://www.reuters.co.uk/financeQuoteLookup.jhtml?ticker=MSFT.O qtype=sym infotype=info qcat=news""&gt;MSFT.O&lt;/A&gt; flagship product,  will ship in 2006, the world's largest software maker said on  Friday.","Microsoft Targets 2006 for Next Windows SEATTLE (Reuters) - The next version of the Windows  operating system, Microsoft Corp.'s &lt;A HREF=""http://www.reuters.co.uk/financeQuoteLookup.jhtml?ticker=MSFT.O qtype=sym infotype=info qcat=news""&gt;MSFT.O&lt;/A&gt; flagship product,  will ship in 2006, the world's largest software maker said on  Friday.",12462,microsoft targets 2006 for next windows seattle reuters the next version of the windows operating system microsoft corp s msft o flagship product will ship in 2006 the world's largest software maker said on friday,35,conflicting_train_labels
3,Enron Broadband Chief Makes Deal,"The chief operating officer of Enron Corp.'s failed Internet unit pleaded guilty yesterday to a single criminal conspiracy charge and agreed to cooperate with the government, as prosecutors continued to build their case against the Houston energy company's top leaders.","Enron Broadband Chief Makes Deal The chief operating officer of Enron Corp.'s failed Internet unit pleaded guilty yesterday to a single criminal conspiracy charge and agreed to cooperate with the government, as prosecutors continued to build their case against the Houston energy company's top leaders.",16068,enron broadband chief makes deal the chief operating officer of enron corp s failed internet unit pleaded guilty yesterday to a single criminal conspiracy charge and agreed to cooperate with the government as prosecutors continued to build their case against the houston energy company's top leaders,46,conflicting_train_labels
4,Enron Broadband Chief Makes Deal," The chief operating officer of Enron Corp.'s failed Internet unit pleaded guilty yesterday to a single criminal conspiracy charge and agreed to cooperate with the government, as prosecutors continued to build their case against the Houston energy company's top leaders.","Enron Broadband Chief Makes Deal The chief operating officer of Enron Corp.'s failed Internet unit pleaded guilty yesterday to a single criminal conspiracy charge and agreed to cooperate with the government, as prosecutors continued to build their case against the Houston energy company's top leaders.",16109,enron broadband chief makes deal the chief operating officer of enron corp s failed internet unit pleaded guilty yesterday to a single criminal conspiracy charge and agreed to cooperate with the government as prosecutors continued to build their case against the houston energy company's top leaders,46,conflicting_train_labels
3,Laser Printers Recalled for Shock Hazard - CPSC," WASHINGTON (Reuters) - About 39,400 laser printers made by  Lexmark International Inc. &lt;A HREF=""http://www.investor.reuters.com/FullQuote.aspx?ticker=LXK.N target=/stocks/quickinfo/fullquote""&gt;LXK.N&lt;/A&gt; and sold by IBM &lt;A HREF=""http://www.investor.reuters.com/FullQuote.aspx?ticker=IBM.N target=/stocks/quickinfo/fullquote""&gt;IBM.N&lt;/A&gt; and  Dell Inc. &lt;A HREF=""http://www.investor.reuters.com/FullQuote.aspx?ticker=DELL.O target=/stocks/quickinfo/fullquote""&gt;DELL.O&lt;/A&gt; are being recalled in the United States  because of a potential electrical shock hazard, the Consumer  Product Safety Commission said on Tuesday.","Laser Printers Recalled for Shock Hazard - CPSC WASHINGTON (Reuters) - About 39,400 laser printers made by  Lexmark International Inc. &lt;A HREF=""http://www.investor.reuters.com/FullQuote.aspx?ticker=LXK.N target=/stocks/quickinfo/fullquote""&gt;LXK.N&lt;/A&gt; and sold by IBM &lt;A HREF=""http://www.investor.reuters.com/FullQuote.aspx?ticker=IBM.N target=/stocks/quickinfo/fullquote""&gt;IBM.N&lt;/A&gt; and  Dell Inc. &lt;A HREF=""http://www.investor.reuters.com/FullQuote.aspx?ticker=DELL.O target=/stocks/quickinfo/fullquote""&gt;DELL.O&lt;/A&gt; are being recalled in the United States  because of a potential electrical shock hazard, the Consumer  Product Safety Commission said on Tuesday.",20802,laser printers recalled for shock hazard cpsc washington reuters about 39 400 laser printers made by lexmark international inc lxk n and sold by ibm ibm n and dell inc dell o are being recalled in the united states because of a potential electrical shock hazard the consumer product safety commission said on tuesday,54,conflicting_train_labels
4,Laser Printers Recalled for Shock Hazard - CPSC," WASHINGTON (Reuters) - About 39,400 laser printers made by  Lexmark International Inc. &lt;A HREF=""http://www.reuters.co.uk/financeQuoteLookup.jhtml?ticker=LXK.N qtype=sym infotype=info qcat=news""&gt;LXK.N&lt;/A&gt; and sold by IBM &lt;A HREF=""http://www.reuters.co.uk/financeQuoteLookup.jhtml?ticker=IBM.N qtype=sym infotype=info qcat=news""&gt;IBM.N&lt;/A&gt; and  Dell Inc. &lt;A HREF=""http://www.reuters.co.uk/financeQuoteLookup.jhtml?ticker=DELL.O qtype=sym infotype=info qcat=news""&gt;DELL.O&lt;/A&gt; are being recalled in the United States  because of a potential electrical shock hazard, the Consumer  Product Safety Commission said on Tuesday.","Laser Printers Recalled for Shock Hazard - CPSC WASHINGTON (Reuters) - About 39,400 laser printers made by  Lexmark International Inc. &lt;A HREF=""http://www.reuters.co.uk/financeQuoteLookup.jhtml?ticker=LXK.N qtype=sym infotype=info qcat=news""&gt;LXK.N&lt;/A&gt; and sold by IBM &lt;A HREF=""http://www.reuters.co.uk/financeQuoteLookup.jhtml?ticker=IBM.N qtype=sym infotype=info qcat=news""&gt;IBM.N&lt;/A&gt; and  Dell Inc. &lt;A HREF=""http://www.reuters.co.uk/financeQuoteLookup.jhtml?ticker=DELL.O qtype=sym infotype=info qcat=news""&gt;DELL.O&lt;/A&gt; are being recalled in the United States  because of a potential electrical shock hazard, the Consumer  Product Safety Commission said on Tuesday.",20859,laser printers recalled for shock hazard cpsc washington reuters about 39 400 laser printers made by lexmark international inc lxk n and sold by ibm ibm n and dell inc dell o are being recalled in the united states because of a potential electrical shock hazard the consumer product safety commission said on tuesday,54,conflicting_train_labels
1,Johnson Said to Be in Talks for Heart Device Maker,"Johnson   Johnson is in advanced negotiations to acquire Guidant, one of the nation's largest makers of devices to treat heart illnesses, for more than \$24 billion.","Johnson Said to Be in Talks for Heart Device Maker Johnson   Johnson is in advanced negotiations to acquire Guidant, one of the nation's largest makers of devices to treat heart illnesses, for more than \$24 billion.",21315,johnson said to be in talks for heart device maker johnson johnson is in advanced negotiations to acquire guidant one of the nation's largest makers of devices to treat heart illnesses for more than 24 billion,36,conflicting_train_labels
3,Johnson Said To Be in Talks for Heart Device Maker,"Johnson   Johnson is in advanced negotiations to acquire Guidant, one of the nation's largest makers of devices to treat heart illnesses, for more than \$24 billion.","Johnson Said To Be in Talks for Heart Device Maker Johnson   Johnson is in advanced negotiations to acquire Guidant, one of the nation's largest makers of devices to treat heart illnesses, for more than \$24 billion.",22570,johnson said to be in talks for heart device maker johnson johnson is in advanced negotiations to acquire guidant one of the nation's largest makers of devices to treat heart illnesses for more than 24 billion,36,conflicting_train_labels
3,Texas Instruments Plans Buyback," SAN FRANCISCO (Reuters) - Texas Instruments Inc., the  largest maker of chips for cellular phones, on Thursday said it  plans to buy back \$1 billion in stock and boost its quarterly  dividend by more than 17 percent, becoming the latest  technology company to return extra cash to investors.","Texas Instruments Plans Buyback SAN FRANCISCO (Reuters) - Texas Instruments Inc., the  largest maker of chips for cellular phones, on Thursday said it  plans to buy back \$1 billion in stock and boost its quarterly  dividend by more than 17 percent, becoming the latest  technology company to return extra cash to investors.",30083,texas instruments plans buyback san francisco reuters texas instruments inc the largest maker of chips for cellular phones on thursday said it plans to buy back 1 billion in stock and boost its quarterly dividend by more than 17 percent becoming the latest technology company to return extra cash to investors,51,conflicting_train_labels
4,Texas Instruments Plans Buyback,"&lt;p&gt;\&lt;/p&gt;&lt;p&gt; SAN FRANCISCO (Reuters) - Texas Instruments Inc., the\largest maker of chips for cellular phones, on Thursday said it\plans to buy back \$1 billion in stock and boost its quarterly\dividend by more than 17 percent, becoming the latest\technology company to return extra cash to investors.&lt;/p&gt;","Texas Instruments Plans Buyback &lt;p&gt;\&lt;/p&gt;&lt;p&gt; SAN FRANCISCO (Reuters) - Texas Instruments Inc., the\largest maker of chips for cellular phones, on Thursday said it\plans to buy back \$1 billion in stock and boost its quarterly\dividend by more than 17 percent, becoming the latest\technology company to return extra cash to investors.&lt;/p&gt;",30742,texas instruments plans buyback san francisco reuters texas instruments inc the largest maker of chips for cellular phones on thursday said it plans to buy back 1 billion in stock and boost its quarterly dividend by more than 17 percent becoming the latest technology company to return extra cash to investors,51,conflicting_train_labels
3,Iraq Airways heads past borders,Iraqi Airways is reportedly planning to restart international flights after a 14-year break on Saturday. ,Iraq Airways heads past borders Iraqi Airways is reportedly planning to restart international flights after a 14-year break on Saturday.,30989,iraq airways heads past borders iraqi airways is reportedly planning to restart international flights after a 14 year break on saturday,21,conflicting_train_labels
1,Iraq Airways heads past borders,Iraqi Airways is reportedly planning to restart international flights after a 14-year break on Saturday.,Iraq Airways heads past borders Iraqi Airways is reportedly planning to restart international flights after a 14-year break on Saturday.,31070,iraq airways heads past borders iraqi airways is reportedly planning to restart international flights after a 14 year break on saturday,21,conflicting_train_labels
2,Palestinian gunmen kidnap CNN producer,"GAZA CITY, Gaza Strip -- Palestinian gunmen abducted a CNN producer in Gaza City on Monday, the network said. The network said Riyadh Ali was taken away at gunpoint from a CNN van.","Palestinian gunmen kidnap CNN producer GAZA CITY, Gaza Strip -- Palestinian gunmen abducted a CNN producer in Gaza City on Monday, the network said. The network said Riyadh Ali was taken away at gunpoint from a CNN van.",41247,palestinian gunmen kidnap cnn producer gaza city gaza strip palestinian gunmen abducted a cnn producer in gaza city on monday the network said the network said riyadh ali was taken away at gunpoint from a cnn van,37,conflicting_train_labels
1,Palestinian Gunmen Kidnap CNN Producer,"GAZA CITY, Gaza Strip - Palestinian gunmen abducted a CNN producer in Gaza City on Monday, the network said.    The network said Riyadh Ali was taken away at gunpoint from a CNN van...","Palestinian Gunmen Kidnap CNN Producer GAZA CITY, Gaza Strip - Palestinian gunmen abducted a CNN producer in Gaza City on Monday, the network said.    The network said Riyadh Ali was taken away at gunpoint from a CNN van...",41298,palestinian gunmen kidnap cnn producer gaza city gaza strip palestinian gunmen abducted a cnn producer in gaza city on monday the network said the network said riyadh ali was taken away at gunpoint from a cnn van,37,conflicting_train_labels
3,New Company Starts Up a Challenge to Google,Google executives have long conceded that one of their great fears is to be overtaken by a more advanced Internet search technology.,New Company Starts Up a Challenge to Google Google executives have long conceded that one of their great fears is to be overtaken by a more advanced Internet search technology.,44611,new company starts up a challenge to google google executives have long conceded that one of their great fears is to be overtaken by a more advanced internet search technology,30,conflicting_train_labels
3,Research in Motion 2Q Profit Soars,"Research In Motion Ltd., which makes the BlackBerry handheld device and other mobile products, on Thursday said its second-quarter profit rose significantly on improved sales.","Research in Motion 2Q Profit Soars Research In Motion Ltd., which makes the BlackBerry handheld device and other mobile products, on Thursday said its second-quarter profit rose significantly on improved sales.",45578,research in motion 2q profit soars research in motion ltd which makes the blackberry handheld device and other mobile products on thursday said its second quarter profit rose significantly on improved sales,32,conflicting_train_labels
4,Research In Motion 2Q Profit Soars,"Research In Motion Ltd., which makes the BlackBerry handheld device and other mobile products, on Thursday said its second-quarter profit rose significantly on improved sales.","Research In Motion 2Q Profit Soars Research In Motion Ltd., which makes the BlackBerry handheld device and other mobile products, on Thursday said its second-quarter profit rose significantly on improved sales.",45707,research in motion 2q profit soars research in motion ltd which makes the blackberry handheld device and other mobile products on thursday said its second quarter profit rose significantly on improved sales,32,conflicting_train_labels
3,"From Spam To Lacrosse, A Day for The Books","New laws aimed at prosecuting big-time Internet spammers, helping small businesses and elevating lacrosse to the status of ""state team sport"" will become effective today in Maryland.","From Spam To Lacrosse, A Day for The Books New laws aimed at prosecuting big-time Internet spammers, helping small businesses and elevating lacrosse to the status of ""state team sport"" will become effective today in Maryland.",45885,from spam to lacrosse a day for the books new laws aimed at prosecuting big time internet spammers helping small businesses and elevating lacrosse to the status of state team sport will become effective today in maryland,37,conflicting_train_labels
4,"From Spam To Lacrosse, A Day for The Books"," New laws aimed at prosecuting big-time Internet spammers, helping small businesses and elevating lacrosse to the status of ""state team sport"" will become effective today in Maryland.","From Spam To Lacrosse, A Day for The Books New laws aimed at prosecuting big-time Internet spammers, helping small businesses and elevating lacrosse to the status of ""state team sport"" will become effective today in Maryland.",46381,from spam to lacrosse a day for the books new laws aimed at prosecuting big time internet spammers helping small businesses and elevating lacrosse to the status of state team sport will become effective today in maryland,37,conflicting_train_labels
4,Virgin Making Mark Among Mobile Services," NEW YORK (Reuters) - When Virgin Group &lt;A HREF=""http://www.reuters.co.uk/financeQuoteLookup.jhtml?ticker=VA.UL qtype=sym infotype=info qcat=news""&gt;VA.UL&lt;/A&gt; Chairman  Richard Branson put his brand on a U.S. mobile telephone  service two years ago, there appeared to be scant space for  newcomers to the crowded market.","Virgin Making Mark Among Mobile Services NEW YORK (Reuters) - When Virgin Group &lt;A HREF=""http://www.reuters.co.uk/financeQuoteLookup.jhtml?ticker=VA.UL qtype=sym infotype=info qcat=news""&gt;VA.UL&lt;/A&gt; Chairman  Richard Branson put his brand on a U.S. mobile telephone  service two years ago, there appeared to be scant space for  newcomers to the crowded market.",47584,virgin making mark among mobile services new york reuters when virgin group va ul chairman richard branson put his brand on a u s mobile telephone service two years ago there appeared to be scant space for newcomers to the crowded market,42,conflicting_train_labels
3,Virgin Making Mark Among Mobile Services," NEW YORK (Reuters) - When Virgin Group &lt;A HREF=""http://www.investor.reuters.com/FullQuote.aspx?ticker=VA.UL target=/stocks/quickinfo/fullquote""&gt;VA.UL&lt;/A&gt; Chairman  Richard Branson put his brand on a U.S. mobile telephone  service two years ago, there appeared to be scant space for  newcomers to the crowded market.","Virgin Making Mark Among Mobile Services NEW YORK (Reuters) - When Virgin Group &lt;A HREF=""http://www.investor.reuters.com/FullQuote.aspx?ticker=VA.UL target=/stocks/quickinfo/fullquote""&gt;VA.UL&lt;/A&gt; Chairman  Richard Branson put his brand on a U.S. mobile telephone  service two years ago, there appeared to be scant space for  newcomers to the crowded market.",47585,virgin making mark among mobile services new york reuters when virgin group va ul chairman richard branson put his brand on a u s mobile telephone service two years ago there appeared to be scant space for newcomers to the crowded market,42,conflicting_train_labels
4,New company starts up a challenge to Google,Google executives have long conceded that one of their great fears is to be overtaken by a more advanced Internet search technology.,New company starts up a challenge to Google Google executives have long conceded that one of their great fears is to be overtaken by a more advanced Internet search technology.,48023,new company starts up a challenge to google google executives have long conceded that one of their great fears is to be overtaken by a more advanced internet search technology,30,conflicting_train_labels
3,Oil Firms Say Iraqi Purchases Were Legal,Two large American oil companies that received profitable vouchers to buy Iraqi oil under the United Nations' oil-for-food program said yesterday that the purchases complied with U.S. law.,Oil Firms Say Iraqi Purchases Were Legal Two large American oil companies that received profitable vouchers to buy Iraqi oil under the United Nations' oil-for-food program said yesterday that the purchases complied with U.S. law.,57728,oil firms say iraqi purchases were legal two large american oil companies that received profitable vouchers to buy iraqi oil under the united nations oil for food program said yesterday that the purchases complied with u s law,38,conflicting_train_labels
1,Oil Firms Say Iraqi Purchases Were Legal, Two large American oil companies that received profitable vouchers to buy Iraqi oil under the United Nations' oil-for-food program said yesterday that the purchases complied with U.S. law.,Oil Firms Say Iraqi Purchases Were Legal Two large American oil companies that received profitable vouchers to buy Iraqi oil under the United Nations' oil-for-food program said yesterday that the purchases complied with U.S. law.,57970,oil firms say iraqi purchases were legal two large american oil companies that received profitable vouchers to buy iraqi oil under the united nations oil for food program said yesterday that the purchases complied with u s law,38,conflicting_train_labels
4,Sony Ericsson sees profits triple,"Japanese-Swedish mobile phone maker Sony Ericsson reports a tripling of its third quarter profit, driven by sales of new camera phones.","Sony Ericsson sees profits triple Japanese-Swedish mobile phone maker Sony Ericsson reports a tripling of its third quarter profit, driven by sales of new camera phones.",60143,sony ericsson sees profits triple japanese swedish mobile phone maker sony ericsson reports a tripling of its third quarter profit driven by sales of new camera phones,27,conflicting_train_labels
3,Sony Ericsson sees profits triple,"Japanese-Swedish mobile phone maker Sony Ericsson reports a tripling of its third-quarter profit, driven by sales of new camera phones.","Sony Ericsson sees profits triple Japanese-Swedish mobile phone maker Sony Ericsson reports a tripling of its third-quarter profit, driven by sales of new camera phones.",60218,sony ericsson sees profits triple japanese swedish mobile phone maker sony ericsson reports a tripling of its third quarter profit driven by sales of new camera phones,27,conflicting_train_labels
3,General Dynamics Posts Profit, Defense contractor General Dynamics Corp. reported a 23 percent jump in profit in its third quarter yesterday despite escalating costs on a contract to build commercial oil tankers.,General Dynamics Posts Profit Defense contractor General Dynamics Corp. reported a 23 percent jump in profit in its third quarter yesterday despite escalating costs on a contract to build commercial oil tankers.,66910,general dynamics posts profit defense contractor general dynamics corp reported a 23 percent jump in profit in its third quarter yesterday despite escalating costs on a contract to build commercial oil tankers,32,conflicting_train_labels
4,General Dynamics Posts Profit,Defense contractor General Dynamics Corp. reported a 23 percent jump in profit in its third quarter yesterday despite escalating costs on a contract to build commercial oil tankers.,General Dynamics Posts Profit Defense contractor General Dynamics Corp. reported a 23 percent jump in profit in its third quarter yesterday despite escalating costs on a contract to build commercial oil tankers.,67213,general dynamics posts profit defense contractor general dynamics corp reported a 23 percent jump in profit in its third quarter yesterday despite escalating costs on a contract to build commercial oil tankers,32,conflicting_train_labels
3,AT T Posts \$7.1 Billion Loss on Writedown, WASHINGTON (Reuters) - AT T Corp. on Thursday reported a  \$7.1 billion third-quarter loss due to an \$11.4 billion  writedown of its assets after its retreat from consumer  services and other restructuring charges.,AT T Posts \$7.1 Billion Loss on Writedown WASHINGTON (Reuters) - AT T Corp. on Thursday reported a  \$7.1 billion third-quarter loss due to an \$11.4 billion  writedown of its assets after its retreat from consumer  services and other restructuring charges.,67231,at t posts 7 1 billion loss on writedown washington reuters at t corp on thursday reported a 7 1 billion third quarter loss due to an 11 4 billion writedown of its assets after its retreat from consumer services and other restructuring charges,44,conflicting_train_labels
4,AT T Posts \$7.1 Billion Loss on Writedown,&lt;p&gt;\&lt;/p&gt;&lt;p&gt; WASHINGTON (Reuters) - AT T Corp. on Thursday reported a\\$7.1 billion third-quarter loss due to an \$11.4 billion\writedown of its assets after its retreat from consumer\services and other restructuring charges.&lt;/p&gt;,AT T Posts \$7.1 Billion Loss on Writedown &lt;p&gt;\&lt;/p&gt;&lt;p&gt; WASHINGTON (Reuters) - AT T Corp. on Thursday reported a\\$7.1 billion third-quarter loss due to an \$11.4 billion\writedown of its assets after its retreat from consumer\services and other restructuring charges.&lt;/p&gt;,67242,at t posts 7 1 billion loss on writedown washington reuters at t corp on thursday reported a 7 1 billion third quarter loss due to an 11 4 billion writedown of its assets after its retreat from consumer services and other restructuring charges,44,conflicting_train_labels
3,Google buys digital mapping company,"Google Inc. has bought digital map maker Keyhole Corp., extending the search engine leader #39;s bid to fend off rivals with a toolbox that can catalog almost anything in the world.","Google buys digital mapping company Google Inc. has bought digital map maker Keyhole Corp., extending the search engine leader #39;s bid to fend off rivals with a toolbox that can catalog almost anything in the world.",75044,google buys digital mapping company google inc has bought digital map maker keyhole corp extending the search engine leader 39 s bid to fend off rivals with a toolbox that can catalog almost anything in the world,37,conflicting_train_labels
4,AMD Introduces Low-Cost Net Access Device in India (Reuters),"Reuters - U.S. chip maker Advanced Micro Devices\Inc.  has introduced a low-cost Internet access device\that could cost just a few hundred dollars, aimed at first-time\technology users in the developing world.","AMD Introduces Low-Cost Net Access Device in India (Reuters) Reuters - U.S. chip maker Advanced Micro Devices\Inc.  has introduced a low-cost Internet access device\that could cost just a few hundred dollars, aimed at first-time\technology users in the developing world.",76100,amd introduces low cost net access device in india reuters reuters u s chip maker advanced micro devices inc has introduced a low cost internet access device that could cost just a few hundred dollars aimed at first time technology users in the developing world,45,conflicting_train_labels
1,AMD introduces low-cost Net access device in India (Reuters),"Reuters - U.S. chip maker Advanced Micro Devices Inc. has introduced a low-cost Internet access device that could cost just a few hundred dollars, aimed at first-time technology users in the developing world.","AMD introduces low-cost Net access device in India (Reuters) Reuters - U.S. chip maker Advanced Micro Devices Inc. has introduced a low-cost Internet access device that could cost just a few hundred dollars, aimed at first-time technology users in the developing world.",76153,amd introduces low cost net access device in india reuters reuters u s chip maker advanced micro devices inc has introduced a low cost internet access device that could cost just a few hundred dollars aimed at first time technology users in the developing world,45,conflicting_train_labels
4,Google Buys Digital Mapping Company,"Google Inc. has bought digital map maker Keyhole Corp., extending the search engine leader #39;s bid to fend off rivals with a toolbox that can catalog almost anything in the world.","Google Buys Digital Mapping Company Google Inc. has bought digital map maker Keyhole Corp., extending the search engine leader #39;s bid to fend off rivals with a toolbox that can catalog almost anything in the world.",78318,google buys digital mapping company google inc has bought digital map maker keyhole corp extending the search engine leader 39 s bid to fend off rivals with a toolbox that can catalog almost anything in the world,37,conflicting_train_labels
3,Justice Dept. And S.E.C. Investigating Merck Drug,"Federal prosecutors and the S.E.C. are investigating Merck in connection with its recalled pain reliever, Vioxx.","Justice Dept. And S.E.C. Investigating Merck Drug Federal prosecutors and the S.E.C. are investigating Merck in connection with its recalled pain reliever, Vioxx.",85227,justice dept and s e c investigating merck drug federal prosecutors and the s e c are investigating merck in connection with its recalled pain reliever vioxx,27,conflicting_train_labels
1,Justice Dept. and S.E.C. Investigating Merck Drug,"Federal prosecutors and the S.E.C. are investigating Merck in connection with its recalled pain reliever, Vioxx.","Justice Dept. and S.E.C. Investigating Merck Drug Federal prosecutors and the S.E.C. are investigating Merck in connection with its recalled pain reliever, Vioxx.",85305,justice dept and s e c investigating merck drug federal prosecutors and the s e c are investigating merck in connection with its recalled pain reliever vioxx,27,conflicting_train_labels
1,'Huge' potential for gene therapy,\Scientists have taken an important step towards a new way of treating disease by switching off key genes.,'Huge' potential for gene therapy \Scientists have taken an important step towards a new way of treating disease by switching off key genes.,87703,huge potential for gene therapy scientists have taken an important step towards a new way of treating disease by switching off key genes,23,conflicting_train_labels
4,Huge potential for gene therapy,\Scientists have taken an important step towards a new way of treating disease by switching off key genes.,Huge potential for gene therapy \Scientists have taken an important step towards a new way of treating disease by switching off key genes.,87821,huge potential for gene therapy scientists have taken an important step towards a new way of treating disease by switching off key genes,23,conflicting_train_labels
4,Europe probe arrives at the Moon,"The Smart 1 lunar probe has entered into orbit around the Moon, the first ever European mission to do so. ","Europe probe arrives at the Moon The Smart 1 lunar probe has entered into orbit around the Moon, the first ever European mission to do so.",92069,europe probe arrives at the moon the smart 1 lunar probe has entered into orbit around the moon the first ever european mission to do so,26,conflicting_train_labels
1,Europe probe arrives at the Moon,"The Smart 1 lunar probe has entered into orbit around the Moon, the first ever European mission to do so.","Europe probe arrives at the Moon The Smart 1 lunar probe has entered into orbit around the Moon, the first ever European mission to do so.",92077,europe probe arrives at the moon the smart 1 lunar probe has entered into orbit around the moon the first ever european mission to do so,26,conflicting_train_labels
3,Four Companies Plan Expansion in Virginia," Four companies are planning to hire more than 10,000 workers for new homeland security-related jobs in Virginia over the next five years, Gov. Mark R. Warner is to announce today.","Four Companies Plan Expansion in Virginia Four companies are planning to hire more than 10,000 workers for new homeland security-related jobs in Virginia over the next five years, Gov. Mark R. Warner is to announce today.",93254,four companies plan expansion in virginia four companies are planning to hire more than 10 000 workers for new homeland security related jobs in virginia over the next five years gov mark r warner is to announce today,38,conflicting_train_labels
4,Four Companies Plan Expansion in Virginia,"Four companies are planning to hire more than 10,000 workers for new homeland security-related jobs in Virginia over the next five years, Gov. Mark R. Warner is to announce today.","Four Companies Plan Expansion in Virginia Four companies are planning to hire more than 10,000 workers for new homeland security-related jobs in Virginia over the next five years, Gov. Mark R. Warner is to announce today.",93557,four companies plan expansion in virginia four companies are planning to hire more than 10 000 workers for new homeland security related jobs in virginia over the next five years gov mark r warner is to announce today,38,conflicting_train_labels
3,SBC and Microsoft Plan IP TV Service," NEW YORK (Reuters) - SBC Communications &lt;A HREF=""http://www.investor.reuters.com/FullQuote.aspx?ticker=SBC.N target=/stocks/quickinfo/fullquote""&gt;SBC.N&lt;/A&gt; on  Wednesday said it reached a 10-year, \$400 million deal with  Microsoft Corp. &lt;A HREF=""http://www.investor.reuters.com/FullQuote.aspx?ticker=MSFT.O target=/stocks/quickinfo/fullquote""&gt;MSFT.O&lt;/A&gt; to provide next-generation television  services.","SBC and Microsoft Plan IP TV Service NEW YORK (Reuters) - SBC Communications &lt;A HREF=""http://www.investor.reuters.com/FullQuote.aspx?ticker=SBC.N target=/stocks/quickinfo/fullquote""&gt;SBC.N&lt;/A&gt; on  Wednesday said it reached a 10-year, \$400 million deal with  Microsoft Corp. &lt;A HREF=""http://www.investor.reuters.com/FullQuote.aspx?ticker=MSFT.O target=/stocks/quickinfo/fullquote""&gt;MSFT.O&lt;/A&gt; to provide next-generation television  services.",93624,sbc and microsoft plan ip tv service new york reuters sbc communications sbc n on wednesday said it reached a 10 year 400 million deal with microsoft corp msft o to provide next generation television services,36,conflicting_train_labels
4,SBC and Microsoft Plan IP TV Service," NEW YORK (Reuters) - SBC Communications &lt;A HREF=""http://www.reuters.co.uk/financeQuoteLookup.jhtml?ticker=SBC.N qtype=sym infotype=info qcat=news""&gt;SBC.N&lt;/A&gt; on  Wednesday said it reached a 10-year, \$400 million deal with  Microsoft Corp. &lt;A HREF=""http://www.reuters.co.uk/financeQuoteLookup.jhtml?ticker=MSFT.O qtype=sym infotype=info qcat=news""&gt;MSFT.O&lt;/A&gt; to provide next-generation television  services.","SBC and Microsoft Plan IP TV Service NEW YORK (Reuters) - SBC Communications &lt;A HREF=""http://www.reuters.co.uk/financeQuoteLookup.jhtml?ticker=SBC.N qtype=sym infotype=info qcat=news""&gt;SBC.N&lt;/A&gt; on  Wednesday said it reached a 10-year, \$400 million deal with  Microsoft Corp. &lt;A HREF=""http://www.reuters.co.uk/financeQuoteLookup.jhtml?ticker=MSFT.O qtype=sym infotype=info qcat=news""&gt;MSFT.O&lt;/A&gt; to provide next-generation television  services.",93680,sbc and microsoft plan ip tv service new york reuters sbc communications sbc n on wednesday said it reached a 10 year 400 million deal with microsoft corp msft o to provide next generation television services,36,conflicting_train_labels
3,RIM's BlackBerry Subscribers Top 2 Mln," TORONTO (Reuters) - The BlackBerry wireless e-mail device  is now being used by a record two million subscribers, less  than a year after it topped the one million market, Research In  Motion Ltd. (RIM) &lt;A HREF=""http://www.investor.reuters.com/FullQuote.aspx?ticker=RIM.TO target=/stocks/quickinfo/fullquote""&gt;RIM.TO&lt;/A&gt; said on Wednesday.","RIM's BlackBerry Subscribers Top 2 Mln TORONTO (Reuters) - The BlackBerry wireless e-mail device  is now being used by a record two million subscribers, less  than a year after it topped the one million market, Research In  Motion Ltd. (RIM) &lt;A HREF=""http://www.investor.reuters.com/FullQuote.aspx?ticker=RIM.TO target=/stocks/quickinfo/fullquote""&gt;RIM.TO&lt;/A&gt; said on Wednesday.",93852,rim's blackberry subscribers top 2 mln toronto reuters the blackberry wireless e mail device is now being used by a record two million subscribers less than a year after it topped the one million market research in motion ltd rim rim to said on wednesday,45,conflicting_train_labels
4,RIM's BlackBerry Subscribers Top 2 Mln," TORONTO (Reuters) - The BlackBerry wireless e-mail device  is now being used by a record two million subscribers, less  than a year after it topped the one million market, Research In  Motion Ltd. (RIM) &lt;A HREF=""http://www.reuters.co.uk/financeQuoteLookup.jhtml?ticker=RIM.TO qtype=sym infotype=info qcat=news""&gt;RIM.TO&lt;/A&gt; said on Wednesday.","RIM's BlackBerry Subscribers Top 2 Mln TORONTO (Reuters) - The BlackBerry wireless e-mail device  is now being used by a record two million subscribers, less  than a year after it topped the one million market, Research In  Motion Ltd. (RIM) &lt;A HREF=""http://www.reuters.co.uk/financeQuoteLookup.jhtml?ticker=RIM.TO qtype=sym infotype=info qcat=news""&gt;RIM.TO&lt;/A&gt; said on Wednesday.",93877,rim's blackberry subscribers top 2 mln toronto reuters the blackberry wireless e mail device is now being used by a record two million subscribers less than a year after it topped the one million market research in motion ltd rim rim to said on wednesday,45,conflicting_train_labels
1,"Russia Ratifies Kyoto, Starts on Feb. 16 (Reuters)","Reuters - Russia formally ratified the Kyoto\Protocol on global warming on Thursday, clearing the way for\the environment pact to come into force in February 2005.","Russia Ratifies Kyoto, Starts on Feb. 16 (Reuters) Reuters - Russia formally ratified the Kyoto\Protocol on global warming on Thursday, clearing the way for\the environment pact to come into force in February 2005.",95016,russia ratifies kyoto starts on feb 16 reuters reuters russia formally ratified the kyoto protocol on global warming on thursday clearing the way for the environment pact to come into force in february 2005,34,conflicting_train_labels
1,"Russia Ratifies Kyoto, Starts on Feb. 16"," NAIROBI (Reuters) - Russia formally ratified the Kyoto  Protocol on global warming on Thursday, clearing the way for  the environment pact to come into force in February 2005.","Russia Ratifies Kyoto, Starts on Feb. 16 NAIROBI (Reuters) - Russia formally ratified the Kyoto  Protocol on global warming on Thursday, clearing the way for  the environment pact to come into force in February 2005.",95018,russia ratifies kyoto starts on feb 16 nairobi reuters russia formally ratified the kyoto protocol on global warming on thursday clearing the way for the environment pact to come into force in february 2005,34,conflicting_train_labels
3,"Russia Ratifies Kyoto, Starts on Feb 16"," NAIROBI (Reuters) - Russia formally ratified the Kyoto  Protocol on global warming on Thursday, clearing the way for  the environment pact to come into force in February 2005.","Russia Ratifies Kyoto, Starts on Feb 16 NAIROBI (Reuters) - Russia formally ratified the Kyoto  Protocol on global warming on Thursday, clearing the way for  the environment pact to come into force in February 2005.",95053,russia ratifies kyoto starts on feb 16 nairobi reuters russia formally ratified the kyoto protocol on global warming on thursday clearing the way for the environment pact to come into force in february 2005,34,conflicting_train_labels
4,"Russia Ratifies Kyoto, Starts on Feb 16 (Reuters)","Reuters - Russia formally ratified the Kyoto\Protocol on global warming on Thursday, clearing the way for\the environment pact to come into force in February 2005.","Russia Ratifies Kyoto, Starts on Feb 16 (Reuters) Reuters - Russia formally ratified the Kyoto\Protocol on global warming on Thursday, clearing the way for\the environment pact to come into force in February 2005.",95073,russia ratifies kyoto starts on feb 16 reuters reuters russia formally ratified the kyoto protocol on global warming on thursday clearing the way for the environment pact to come into force in february 2005,34,conflicting_train_labels
1,WTO Negotiators Finish Week of Farm Talks,"Negotiators at the World Trade Organization completed weeklong farm talks Friday, part of discussions on ways to reach a wider-ranging liberalization accord by the end of 2005.","WTO Negotiators Finish Week of Farm Talks Negotiators at the World Trade Organization completed weeklong farm talks Friday, part of discussions on ways to reach a wider-ranging liberalization accord by the end of 2005.",96517,wto negotiators finish week of farm talks negotiators at the world trade organization completed weeklong farm talks friday part of discussions on ways to reach a wider ranging liberalization accord by the end of 2005,35,conflicting_train_labels
3,WTO negotiators finish week of farm talks,"Negotiators at the World Trade Organization completed weeklong farm talks Friday, part of discussions on ways to reach a wider-ranging liberalization accord by the end of 2005.","WTO negotiators finish week of farm talks Negotiators at the World Trade Organization completed weeklong farm talks Friday, part of discussions on ways to reach a wider-ranging liberalization accord by the end of 2005.",97765,wto negotiators finish week of farm talks negotiators at the world trade organization completed weeklong farm talks friday part of discussions on ways to reach a wider ranging liberalization accord by the end of 2005,35,conflicting_train_labels
3,PayPal and Apple iTunes link-up,Payment system Paypal announces a tie-up with Apple's iTunes as it continues to secure new business with online retailers.,PayPal and Apple iTunes link-up Payment system Paypal announces a tie-up with Apple's iTunes as it continues to secure new business with online retailers.,112701,paypal and apple itunes link up payment system paypal announces a tie up with apple's itunes as it continues to secure new business with online retailers,26,conflicting_train_labels
4,Paypal and Apple iTunes link-up,Payment system Paypal announces a tie-up with Apple's iTunes as it continues to secure new business with online retailers.,Paypal and Apple iTunes link-up Payment system Paypal announces a tie-up with Apple's iTunes as it continues to secure new business with online retailers.,112770,paypal and apple itunes link up payment system paypal announces a tie up with apple's itunes as it continues to secure new business with online retailers,26,conflicting_train_labels
3,RIM Patent Suit Partly Upheld," TORONTO/WASHINGTON (Reuters) - A U.S. appeals court upheld  a patent infringement finding against BlackBerry e-mail device  maker Research In Motion Ltd. &lt;A HREF=""http://www.investor.reuters.com/FullQuote.aspx?ticker=RIM.TO target=/stocks/quickinfo/fullquote""&gt;RIM.TO&lt;/A&gt; on Tuesday, but said  part of an earlier court ruling was flawed and sent the case  back to a lower court.","RIM Patent Suit Partly Upheld TORONTO/WASHINGTON (Reuters) - A U.S. appeals court upheld  a patent infringement finding against BlackBerry e-mail device  maker Research In Motion Ltd. &lt;A HREF=""http://www.investor.reuters.com/FullQuote.aspx?ticker=RIM.TO target=/stocks/quickinfo/fullquote""&gt;RIM.TO&lt;/A&gt; on Tuesday, but said  part of an earlier court ruling was flawed and sent the case  back to a lower court.",115822,rim patent suit partly upheld toronto washington reuters a u s appeals court upheld a patent infringement finding against blackberry e mail device maker research in motion ltd rim to on tuesday but said part of an earlier court ruling was flawed and sent the case back to a lower court,51,conflicting_train_labels
4,RIM Patent Suit Partly Upheld," TORONTO/WASHINGTON (Reuters) - A U.S. appeals court upheld  a patent infringement finding against BlackBerry e-mail device  maker Research In Motion Ltd. &lt;A HREF=""http://www.reuters.co.uk/financeQuoteLookup.jhtml?ticker=RIM.TO qtype=sym infotype=info qcat=news""&gt;RIM.TO&lt;/A&gt; on Tuesday, but said  part of an earlier court ruling was flawed and sent the case  back to a lower court.","RIM Patent Suit Partly Upheld TORONTO/WASHINGTON (Reuters) - A U.S. appeals court upheld  a patent infringement finding against BlackBerry e-mail device  maker Research In Motion Ltd. &lt;A HREF=""http://www.reuters.co.uk/financeQuoteLookup.jhtml?ticker=RIM.TO qtype=sym infotype=info qcat=news""&gt;RIM.TO&lt;/A&gt; on Tuesday, but said  part of an earlier court ruling was flawed and sent the case  back to a lower court.",115921,rim patent suit partly upheld toronto washington reuters a u s appeals court upheld a patent infringement finding against blackberry e mail device maker research in motion ltd rim to on tuesday but said part of an earlier court ruling was flawed and sent the case back to a lower court,51,conflicting_train_labels
3,RIM Patent Suit Partly Upheld," TORONTO/WASHINGTON (Reuters) - A U.S. appeals court upheld  a patent infringement finding against BlackBerry e-mail device  maker Research In Motion Ltd. &lt;A HREF=""http://www.investor.reuters.com/FullQuote.aspx?ticker=RIM.TO target=/stocks/quickinfo/fullquote""&gt;RIM.TO&lt;/A&gt; on Tuesday, but said  part of the earlier court ruling was flawed and sent the case  back to a lower court.","RIM Patent Suit Partly Upheld TORONTO/WASHINGTON (Reuters) - A U.S. appeals court upheld  a patent infringement finding against BlackBerry e-mail device  maker Research In Motion Ltd. &lt;A HREF=""http://www.investor.reuters.com/FullQuote.aspx?ticker=RIM.TO target=/stocks/quickinfo/fullquote""&gt;RIM.TO&lt;/A&gt; on Tuesday, but said  part of the earlier court ruling was flawed and sent the case  back to a lower court.",115986,rim patent suit partly upheld toronto washington reuters a u s appeals court upheld a patent infringement finding against blackberry e mail device maker research in motion ltd rim to on tuesday but said part of the earlier court ruling was flawed and sent the case back to a lower court,51,conflicting_train_labels
4,RIM Patent Suit Partly Upheld," TORONTO/WASHINGTON (Reuters) - A U.S. appeals court upheld  a patent infringement finding against BlackBerry e-mail device  maker Research In Motion Ltd. &lt;A HREF=""http://www.reuters.co.uk/financeQuoteLookup.jhtml?ticker=RIM.TO qtype=sym infotype=info qcat=news""&gt;RIM.TO&lt;/A&gt; on Tuesday, but said  part of the earlier court ruling was flawed and sent the case  back to a lower court.","RIM Patent Suit Partly Upheld TORONTO/WASHINGTON (Reuters) - A U.S. appeals court upheld  a patent infringement finding against BlackBerry e-mail device  maker Research In Motion Ltd. &lt;A HREF=""http://www.reuters.co.uk/financeQuoteLookup.jhtml?ticker=RIM.TO qtype=sym infotype=info qcat=news""&gt;RIM.TO&lt;/A&gt; on Tuesday, but said  part of the earlier court ruling was flawed and sent the case  back to a lower court.",116225,rim patent suit partly upheld toronto washington reuters a u s appeals court upheld a patent infringement finding against blackberry e mail device maker research in motion ltd rim to on tuesday but said part of the earlier court ruling was flawed and sent the case back to a lower court,51,conflicting_train_labels
3,FCC Considers Cell Phone Use On Airplanes,"Air travelers moved one step closer to being able to talk on cell phones and surf the Internet from laptops while in flight, thanks to votes by the Federal Communications Commission yesterday.","FCC Considers Cell Phone Use On Airplanes Air travelers moved one step closer to being able to talk on cell phones and surf the Internet from laptops while in flight, thanks to votes by the Federal Communications Commission yesterday.",117520,fcc considers cell phone use on airplanes air travelers moved one step closer to being able to talk on cell phones and surf the internet from laptops while in flight thanks to votes by the federal communications commission yesterday,39,conflicting_train_labels
4,FCC Considers Cell Phone Use On Airplanes,"Air travelers moved one step closer to being able to talk on cell phones and surf the Internet from  laptops while in flight, thanks to votes by the Federal Communications Commission yesterday.","FCC Considers Cell Phone Use On Airplanes Air travelers moved one step closer to being able to talk on cell phones and surf the Internet from  laptops while in flight, thanks to votes by the Federal Communications Commission yesterday.",117538,fcc considers cell phone use on airplanes air travelers moved one step closer to being able to talk on cell phones and surf the internet from laptops while in flight thanks to votes by the federal communications commission yesterday,39,conflicting_train_labels
3,Merger Activity Hits Record High,"Johnson   Johnson's \$25.4 billion takeover of Guidant Corp. and the \$35 billion union of Sprint Corp. and Nextel Communications Inc. are leading the busiest quarter for mergers in more than four years. &lt;FONT face=""verdana,MS Sans Serif,arial,helvetica"" size=""-2"" color=""#666666""&gt;&lt;B&gt;-The Washington Post&lt;/b&gt;&lt;/font&gt;","Merger Activity Hits Record High Johnson   Johnson's \$25.4 billion takeover of Guidant Corp. and the \$35 billion union of Sprint Corp. and Nextel Communications Inc. are leading the busiest quarter for mergers in more than four years. &lt;FONT face=""verdana,MS Sans Serif,arial,helvetica"" size=""-2"" color=""#666666""&gt;&lt;B&gt;-The Washington Post&lt;/b&gt;&lt;/font&gt;",118682,merger activity hits record high johnson johnson's 25 4 billion takeover of guidant corp and the 35 billion union of sprint corp and nextel communications inc are leading the busiest quarter for mergers in more than four years the washington post,41,conflicting_train_labels
4,Merger Activity Hits Record High,"Johnson   Johnson's \$25.4 billion takeover of Guidant Corp. and the \$35 billion union of Sprint Corp. and Nextel Communications Inc. are leading the busiest quarter for mergers in more than four years. &lt;br&gt; &lt;FONT face=""verdana,MS Sans Serif,arial,helvetica"" size=""-2"" color=""#666666""&gt;&lt;B&gt;-The Washington Post&lt;/b&gt;&lt;/font&gt;","Merger Activity Hits Record High Johnson   Johnson's \$25.4 billion takeover of Guidant Corp. and the \$35 billion union of Sprint Corp. and Nextel Communications Inc. are leading the busiest quarter for mergers in more than four years. &lt;br&gt; &lt;FONT face=""verdana,MS Sans Serif,arial,helvetica"" size=""-2"" color=""#666666""&gt;&lt;B&gt;-The Washington Post&lt;/b&gt;&lt;/font&gt;",118749,merger activity hits record high johnson johnson's 25 4 billion takeover of guidant corp and the 35 billion union of sprint corp and nextel communications inc are leading the busiest quarter for mergers in more than four years the washington post,41,conflicting_train_labels
1,"Phelps, Thorpe Advance in 200 Freestyle","ATHENS, Greece - Michael Phelps took care of qualifying for the Olympic 200-meter freestyle semifinals Sunday, and then found out he had been added to the American team for the evening's 400 freestyle relay final.    Phelps' rivals Ian Thorpe and Pieter van den Hoogenband and teammate Klete Keller were faster than the teenager in the 200 free preliminaries...","Phelps, Thorpe Advance in 200 Freestyle ATHENS, Greece - Michael Phelps took care of qualifying for the Olympic 200-meter freestyle semifinals Sunday, and then found out he had been added to the American team for the evening's 400 freestyle relay final.    Phelps' rivals Ian Thorpe and Pieter van den Hoogenband and teammate Klete Keller were faster than the teenager in the 200 free preliminaries...",537,phelps thorpe advance in 200 freestyle athens greece michael phelps took care of qualifying for the olympic 200 meter freestyle semifinals sunday and then found out he had been added to the american team for the evening's 400 freestyle relay final phelps rivals ian thorpe and pieter van den hoogenband and teammate klete keller were faster than the teenager in the 200 free preliminaries,64,duplicate_train_text
3,Housing Starts Rebound Sharply in July,"WASHINGTON (Reuters) - Housing starts rebounded sharply in July, making up almost all the ground lost in a June slump by posting their largest monthly percentage gain since September 2002, a report from the Commerce Department on Tuesday showed. ","Housing Starts Rebound Sharply in July WASHINGTON (Reuters) - Housing starts rebounded sharply in July, making up almost all the ground lost in a June slump by posting their largest monthly percentage gain since September 2002, a report from the Commerce Department on Tuesday showed.",1495,housing starts rebound sharply in july washington reuters housing starts rebounded sharply in july making up almost all the ground lost in a june slump by posting their largest monthly percentage gain since september 2002 a report from the commerce department on tuesday showed,44,duplicate_train_text
1,"Sharon Allows 1,000 More Settler Homes in West Bank"," JERUSALEM (Reuters) - Prime Minister Ariel Sharon approved  tenders to build 1,000 more Israeli settler homes in the  occupied West Bank, plans that were shelved earlier to avoid  discord with Washington, political sources said Tuesday.","Sharon Allows 1,000 More Settler Homes in West Bank JERUSALEM (Reuters) - Prime Minister Ariel Sharon approved  tenders to build 1,000 more Israeli settler homes in the  occupied West Bank, plans that were shelved earlier to avoid  discord with Washington, political sources said Tuesday.",1568,sharon allows 1 000 more settler homes in west bank jerusalem reuters prime minister ariel sharon approved tenders to build 1 000 more israeli settler homes in the occupied west bank plans that were shelved earlier to avoid discord with washington political sources said tuesday,45,duplicate_train_text
2,Medical Examiner Finds No Injuries on Thanou-Source,"ATHENS (Reuters) - A medical examiner has found that Greek sprinter Katerina Thanou, who was in hospital with fellow athlete Costas Kenteris, had no injuries, a judicial source said on Tuesday. ","Medical Examiner Finds No Injuries on Thanou-Source ATHENS (Reuters) - A medical examiner has found that Greek sprinter Katerina Thanou, who was in hospital with fellow athlete Costas Kenteris, had no injuries, a judicial source said on Tuesday.",1617,medical examiner finds no injuries on thanou source athens reuters a medical examiner has found that greek sprinter katerina thanou who was in hospital with fellow athlete costas kenteris had no injuries a judicial source said on tuesday,38,duplicate_train_text
4,Microsoft readies Host Integration Server 2004,"In a continued effort to compete with IBM Corp. and its WebSphere offerings, Microsoft Corp. on Tuesday announced imminent availability of Host Integration Server 2004. ","Microsoft readies Host Integration Server 2004 In a continued effort to compete with IBM Corp. and its WebSphere offerings, Microsoft Corp. on Tuesday announced imminent availability of Host Integration Server 2004.",1686,microsoft readies host integration server 2004 in a continued effort to compete with ibm corp and its websphere offerings microsoft corp on tuesday announced imminent availability of host integration server 2004,31,duplicate_train_text
4,IBM adds four-way 550 server to new i5 product line,"IBM Corp. bolstered the new eServer i5 server lineup with the i5 550, a new system based on the Power 5 chip that can run multiple operating systems. ","IBM adds four-way 550 server to new i5 product line IBM Corp. bolstered the new eServer i5 server lineup with the i5 550, a new system based on the Power 5 chip that can run multiple operating systems.",1751,ibm adds four way 550 server to new i5 product line ibm corp bolstered the new eserver i5 server lineup with the i5 550 a new system based on the power 5 chip that can run multiple operating systems,39,duplicate_train_text
1,Blast in Gaza Home of Hamas Man Kills 4 - Medics,"GAZA (Reuters) - An explosion tore through the home of a senior Hamas militant in Gaza on Wednesday, killing at least four people and wounding him and about a dozen other Palestinians, medics said. ","Blast in Gaza Home of Hamas Man Kills 4 - Medics GAZA (Reuters) - An explosion tore through the home of a senior Hamas militant in Gaza on Wednesday, killing at least four people and wounding him and about a dozen other Palestinians, medics said.",1965,blast in gaza home of hamas man kills 4 medics gaza reuters an explosion tore through the home of a senior hamas militant in gaza on wednesday killing at least four people and wounding him and about a dozen other palestinians medics said,43,duplicate_train_text
3,"Fall Season Looks Solid for Retailers, but Holidays Could Be Another Story","Against a background of lackluster retail sales in June and July, analysts and merchants still predict a decent, possibly strong, fall selling season for clothes, accessories and home furnishings.","Fall Season Looks Solid for Retailers, but Holidays Could Be Another Story Against a background of lackluster retail sales in June and July, analysts and merchants still predict a decent, possibly strong, fall selling season for clothes, accessories and home furnishings.",2218,fall season looks solid for retailers but holidays could be another story against a background of lackluster retail sales in june and july analysts and merchants still predict a decent possibly strong fall selling season for clothes accessories and home furnishings,41,duplicate_train_text
2,NL Wrap: Walker Grand Slam Helps Cards Beat Reds Again,NEW YORK (Reuters) - Larry Walker hit a grand slam home run to key a six-run eighth inning as the Cardinals stayed hot with a 7-2 win over the Cincinnati Reds in St Louis on Tuesday. ,NL Wrap: Walker Grand Slam Helps Cards Beat Reds Again NEW YORK (Reuters) - Larry Walker hit a grand slam home run to key a six-run eighth inning as the Cardinals stayed hot with a 7-2 win over the Cincinnati Reds in St Louis on Tuesday.,2270,nl wrap walker grand slam helps cards beat reds again new york reuters larry walker hit a grand slam home run to key a six run eighth inning as the cardinals stayed hot with a 7 2 win over the cincinnati reds in st louis on tuesday,47,duplicate_train_text
4,Rival Targets Apple's iTunes Customers (AP),"AP - For more than a year, Apple Computers Inc. enjoyed singular success selling songs exclusively to users of its iPod portable music player. Now, it's got rival RealNetworks Inc. trying to lure iTunes customers away.","Rival Targets Apple's iTunes Customers (AP) AP - For more than a year, Apple Computers Inc. enjoyed singular success selling songs exclusively to users of its iPod portable music player. Now, it's got rival RealNetworks Inc. trying to lure iTunes customers away.",2730,rival targets apple's itunes customers ap ap for more than a year apple computers inc enjoyed singular success selling songs exclusively to users of its ipod portable music player now it's got rival realnetworks inc trying to lure itunes customers away,41,duplicate_train_text
4,Pakistan Mobile Phone Firms Vie for Pent-Up Demand,"ISLAMABAD (Reuters) - Tens of thousands of Pakistanis endured hours of stifling heat this week to accept an offer of free mobile phone connections, a sign of the pent-up demand in a country where cell phone usage has remained low. ","Pakistan Mobile Phone Firms Vie for Pent-Up Demand ISLAMABAD (Reuters) - Tens of thousands of Pakistanis endured hours of stifling heat this week to accept an offer of free mobile phone connections, a sign of the pent-up demand in a country where cell phone usage has remained low.",3386,pakistan mobile phone firms vie for pent up demand islamabad reuters tens of thousands of pakistanis endured hours of stifling heat this week to accept an offer of free mobile phone connections a sign of the pent up demand in a country where cell phone usage has remained low,49,duplicate_train_text
2,AL Wrap: Santana Solid on Mound as Twins Beat Yankees,"NEW YORK (Reuters) - Johan Santana pitched seven strong innings to win his fifth straight start and Shannon Stewart homered, had three hits and two RBI to lead the Minnesota Twins to a 7-2 home win over the New York Yankees. ","AL Wrap: Santana Solid on Mound as Twins Beat Yankees NEW YORK (Reuters) - Johan Santana pitched seven strong innings to win his fifth straight start and Shannon Stewart homered, had three hits and two RBI to lead the Minnesota Twins to a 7-2 home win over the New York Yankees.",3550,al wrap santana solid on mound as twins beat yankees new york reuters johan santana pitched seven strong innings to win his fifth straight start and shannon stewart homered had three hits and two rbi to lead the minnesota twins to a 7 2 home win over the new york yankees,51,duplicate_train_text
3,Oil Sets Record as New Violence Flares in Iraq,"LONDON (Reuters) - Oil prices struck a fresh record on Thursday, spurred higher by renewed violence in Iraq and fresh evidence that strong demand growth in China and India has not been slowed yet by higher energy costs. ","Oil Sets Record as New Violence Flares in Iraq LONDON (Reuters) - Oil prices struck a fresh record on Thursday, spurred higher by renewed violence in Iraq and fresh evidence that strong demand growth in China and India has not been slowed yet by higher energy costs.",3949,oil sets record as new violence flares in iraq london reuters oil prices struck a fresh record on thursday spurred higher by renewed violence in iraq and fresh evidence that strong demand growth in china and india has not been slowed yet by higher energy costs,46,duplicate_train_text
2,Doping Casts Shadow Over Olympics -- Again,"ATHENS (Reuters) - Five weightlifters were banned from the Olympics after failing drugs tests, officials said on Thursday, as doping scandals continued to dominate the first week of the Games. ","Doping Casts Shadow Over Olympics -- Again ATHENS (Reuters) - Five weightlifters were banned from the Olympics after failing drugs tests, officials said on Thursday, as doping scandals continued to dominate the first week of the Games.",3956,doping casts shadow over olympics again athens reuters five weightlifters were banned from the olympics after failing drugs tests officials said on thursday as doping scandals continued to dominate the first week of the games,35,duplicate_train_text
4,"Sony Unveils New Flat TVs, Aims to Boost Share",TOKYO (Reuters) - Electronics conglomerate Sony Corp. unveiled eight new flat-screen televisions on Thursday in a product push it hopes will help it secure a leading 35 percent of the domestic market in the key month of December. ,"Sony Unveils New Flat TVs, Aims to Boost Share TOKYO (Reuters) - Electronics conglomerate Sony Corp. unveiled eight new flat-screen televisions on Thursday in a product push it hopes will help it secure a leading 35 percent of the domestic market in the key month of December.",4216,sony unveils new flat tvs aims to boost share tokyo reuters electronics conglomerate sony corp unveiled eight new flat screen televisions on thursday in a product push it hopes will help it secure a leading 35 percent of the domestic market in the key month of december,47,duplicate_train_text
2,"NL Wrap: Maddux, Sosa Help Cubs Beat Brewers",NEW YORK (Reuters) - Greg Maddux overcame a shaky start to post his 301st career win while Sammy Sosa hit his 566th career home run as the Chicago Cubs beat the Milwaukee Brewers 9-6 in Milwaukee Thursday. ,"NL Wrap: Maddux, Sosa Help Cubs Beat Brewers NEW YORK (Reuters) - Greg Maddux overcame a shaky start to post his 301st career win while Sammy Sosa hit his 566th career home run as the Chicago Cubs beat the Milwaukee Brewers 9-6 in Milwaukee Thursday.",4405,nl wrap maddux sosa help cubs beat brewers new york reuters greg maddux overcame a shaky start to post his 301st career win while sammy sosa hit his 566th career home run as the chicago cubs beat the milwaukee brewers 9 6 in milwaukee thursday,45,duplicate_train_text
3,Google Up in Market Debut After Bumpy IPO,"NEW YORK/SEATTLE (Reuters) - Google Inc. shares jumped 18 percent in their long-awaited stock market debut on Thursday, after a scaled-down \$1.67 billion IPO marked by missteps and lackluster market conditions. ","Google Up in Market Debut After Bumpy IPO NEW YORK/SEATTLE (Reuters) - Google Inc. shares jumped 18 percent in their long-awaited stock market debut on Thursday, after a scaled-down \$1.67 billion IPO marked by missteps and lackluster market conditions.",4550,google up in market debut after bumpy ipo new york seattle reuters google inc shares jumped 18 percent in their long awaited stock market debut on thursday after a scaled down 1 67 billion ipo marked by missteps and lackluster market conditions,42,duplicate_train_text
4,Oracle moves to monthly patching schedule,"Weeks after coming under criticism for sitting on patches for multiple holes in its database software, Oracle Corp. has announced that it is moving to a monthly patch release schedule. ","Oracle moves to monthly patching schedule Weeks after coming under criticism for sitting on patches for multiple holes in its database software, Oracle Corp. has announced that it is moving to a monthly patch release schedule.",4913,oracle moves to monthly patching schedule weeks after coming under criticism for sitting on patches for multiple holes in its database software oracle corp has announced that it is moving to a monthly patch release schedule,36,duplicate_train_text
2,Judge Maintains Peirsol Broke Rules,ATHENS (Reuters) - The swimming judge who disqualified gold medal winner Aaron Peirsol at the Athens Olympics is standing by his claim that the American backstroker broke the rules. ,Judge Maintains Peirsol Broke Rules ATHENS (Reuters) - The swimming judge who disqualified gold medal winner Aaron Peirsol at the Athens Olympics is standing by his claim that the American backstroker broke the rules.,4954,judge maintains peirsol broke rules athens reuters the swimming judge who disqualified gold medal winner aaron peirsol at the athens olympics is standing by his claim that the american backstroker broke the rules,33,duplicate_train_text
1,Japan Court Ex-Chess Champ Fischer Can Be Deported,"TOKYO (Reuters) - A Tokyo court on Friday rejected a request by former world chess champion Bobby Fischer to have Japanese authorities halt procedures to deport him, Kyodo news agency reported. ","Japan Court Ex-Chess Champ Fischer Can Be Deported TOKYO (Reuters) - A Tokyo court on Friday rejected a request by former world chess champion Bobby Fischer to have Japanese authorities halt procedures to deport him, Kyodo news agency reported.",5056,japan court ex chess champ fischer can be deported tokyo reuters a tokyo court on friday rejected a request by former world chess champion bobby fischer to have japanese authorities halt procedures to deport him kyodo news agency reported,39,duplicate_train_text
1,Japan Court: Bobby Fischer Can Be Deported,"TOKYO (Reuters) - A Tokyo court on Friday rejected a request by former world chess champion Bobby Fischer to have the Japanese authorities halt procedures to deport him, his lawyer said. ","Japan Court: Bobby Fischer Can Be Deported TOKYO (Reuters) - A Tokyo court on Friday rejected a request by former world chess champion Bobby Fischer to have the Japanese authorities halt procedures to deport him, his lawyer said.",5108,japan court bobby fischer can be deported tokyo reuters a tokyo court on friday rejected a request by former world chess champion bobby fischer to have the japanese authorities halt procedures to deport him his lawyer said,37,duplicate_train_text
3,Dollar Up Vs. Most Except Yen,"NEW YORK (Reuters) - The dollar rose against almost every one of its main counterparts except the yen on Friday, as technically focused investors shifted positions and considered the implications of spiking oil prices. ","Dollar Up Vs. Most Except Yen NEW YORK (Reuters) - The dollar rose against almost every one of its main counterparts except the yen on Friday, as technically focused investors shifted positions and considered the implications of spiking oil prices.",5160,dollar up vs most except yen new york reuters the dollar rose against almost every one of its main counterparts except the yen on friday as technically focused investors shifted positions and considered the implications of spiking oil prices,39,duplicate_train_text
1,IRS: Rose Owes Nearly \$1M in Unpaid Taxes,"MIAMI - Pete Rose is back in trouble with the Internal Revenue Service, which says the baseball great owes nearly \$1 million in unpaid taxes. The IRS filed a federal tax lien in Broward County on Tuesday alleging that baseball's all-time hits king owes \$973,693.28 in back taxes from 1997 to 2002...","IRS: Rose Owes Nearly \$1M in Unpaid Taxes MIAMI - Pete Rose is back in trouble with the Internal Revenue Service, which says the baseball great owes nearly \$1 million in unpaid taxes. The IRS filed a federal tax lien in Broward County on Tuesday alleging that baseball's all-time hits king owes \$973,693.28 in back taxes from 1997 to 2002...",5343,irs rose owes nearly 1m in unpaid taxes miami pete rose is back in trouble with the internal revenue service which says the baseball great owes nearly 1 million in unpaid taxes the irs filed a federal tax lien in broward county on tuesday alleging that baseball's all time hits king owes 973 693 28 in back taxes from 1997 to 2002,62,duplicate_train_text
4,'Doom 3' Game Unlikely for Xbox This Year - id CEO," NEW YORK (Reuters) - The Xbox version of ""Doom 3,"" the  long-awaited PC video game recently released to wide acclaim,  is not likely to be released in 2004 dealing a blow to  enthusiastic game players who are anxiously awaiting it.","'Doom 3' Game Unlikely for Xbox This Year - id CEO NEW YORK (Reuters) - The Xbox version of ""Doom 3,"" the  long-awaited PC video game recently released to wide acclaim,  is not likely to be released in 2004 dealing a blow to  enthusiastic game players who are anxiously awaiting it.",5423,doom 3 game unlikely for xbox this year id ceo new york reuters the xbox version of doom 3 the long awaited pc video game recently released to wide acclaim is not likely to be released in 2004 dealing a blow to enthusiastic game players who are anxiously awaiting it,50,duplicate_train_text
4,'Doom 3' Game Unlikely for Xbox This Year - id CEO (Reuters),"Reuters - The Xbox version of ""Doom 3,"" the\long-awaited PC video game recently released to wide acclaim,\is not likely to be released in 2004 dealing a blow to\enthusiastic game players who are anxiously awaiting it.","'Doom 3' Game Unlikely for Xbox This Year - id CEO (Reuters) Reuters - The Xbox version of ""Doom 3,"" the\long-awaited PC video game recently released to wide acclaim,\is not likely to be released in 2004 dealing a blow to\enthusiastic game players who are anxiously awaiting it.",5424,doom 3 game unlikely for xbox this year id ceo reuters reuters the xbox version of doom 3 the long awaited pc video game recently released to wide acclaim is not likely to be released in 2004 dealing a blow to enthusiastic game players who are anxiously awaiting it,49,duplicate_train_text
4,AMD using strained silicon on 90-nanometer chips,"Advanced Micro Devices (AMD) will implement the strained silicon manufacturing technique on its upcoming 90-nanometer processors as well as 130-nanometer processors released this quarter, an AMD spokesman said Friday. ","AMD using strained silicon on 90-nanometer chips Advanced Micro Devices (AMD) will implement the strained silicon manufacturing technique on its upcoming 90-nanometer processors as well as 130-nanometer processors released this quarter, an AMD spokesman said Friday.",5507,amd using strained silicon on 90 nanometer chips advanced micro devices amd will implement the strained silicon manufacturing technique on its upcoming 90 nanometer processors as well as 130 nanometer processors released this quarter an amd spokesman said friday,39,duplicate_train_text
4,Mars Rover Finds Mysterious Rocks and More Signs of Water,"ith one Mars rover climbing into the hills and the other descending deep into a crater, scientists yesterday reported the discovery of several mysterious rock structures along with yet more signs that Mars was once awash in water.","Mars Rover Finds Mysterious Rocks and More Signs of Water ith one Mars rover climbing into the hills and the other descending deep into a crater, scientists yesterday reported the discovery of several mysterious rock structures along with yet more signs that Mars was once awash in water.",5646,mars rover finds mysterious rocks and more signs of water ith one mars rover climbing into the hills and the other descending deep into a crater scientists yesterday reported the discovery of several mysterious rock structures along with yet more signs that mars was once awash in water,48,duplicate_train_text
4,Google #39;s ups and downs,"Google #39;s long-awaited public offering finally made it to the street, but the search is still on for Microsoft #39;s Windows update.","Google #39;s ups and downs Google #39;s long-awaited public offering finally made it to the street, but the search is still on for Microsoft #39;s Windows update.",5650,google 39 s ups and downs google 39 s long awaited public offering finally made it to the street but the search is still on for microsoft 39 s windows update,31,duplicate_train_text
4,IE Flaw Affects Windows XP SP2 Systems,"The  quot;highly criticial quot; vulnerability affects Internet Explorer 5.01, 5.5, and 6 on fully patched PCs running either Windows XP SP1 or the newer SP2.","IE Flaw Affects Windows XP SP2 Systems The  quot;highly criticial quot; vulnerability affects Internet Explorer 5.01, 5.5, and 6 on fully patched PCs running either Windows XP SP1 or the newer SP2.",5696,ie flaw affects windows xp sp2 systems the quot highly criticial quot vulnerability affects internet explorer 5 01 5 5 and 6 on fully patched pcs running either windows xp sp1 or the newer sp2,35,duplicate_train_text
4,Apple Recalls PowerBook Batteries,"Apple Computer this week launched a voluntary worldwide 15-inch PowerBook G4 battery exchange program to deal with 28,000 potentially faulty units.","Apple Recalls PowerBook Batteries Apple Computer this week launched a voluntary worldwide 15-inch PowerBook G4 battery exchange program to deal with 28,000 potentially faulty units.",5698,apple recalls powerbook batteries apple computer this week launched a voluntary worldwide 15 inch powerbook g4 battery exchange program to deal with 28 000 potentially faulty units,27,duplicate_train_text
4,Lindows halts stock release,Linux supplier Lindows has announced it has called a halt to the initial public offering of its common stock after filing for registration in April.,Lindows halts stock release Linux supplier Lindows has announced it has called a halt to the initial public offering of its common stock after filing for registration in April.,5795,lindows halts stock release linux supplier lindows has announced it has called a halt to the initial public offering of its common stock after filing for registration in april,29,duplicate_train_text
4,NASA prepares to catch a falling star sample,NASA #39;s three-year effort to bring some genuine star dust back to Earth is set for a dramatic finale Sept. 8 when Hollywood helicopter pilots will attempt a midair retrieval of a descending space capsule.,NASA prepares to catch a falling star sample NASA #39;s three-year effort to bring some genuine star dust back to Earth is set for a dramatic finale Sept. 8 when Hollywood helicopter pilots will attempt a midair retrieval of a descending space capsule.,5802,nasa prepares to catch a falling star sample nasa 39 s three year effort to bring some genuine star dust back to earth is set for a dramatic finale sept 8 when hollywood helicopter pilots will attempt a midair retrieval of a descending space capsule,45,duplicate_train_text
4,Brazil tribe prove words count,"When it comes to counting, a remote Amazonian tribespeople have been found to be lost for words. Researchers discovered the Piraha tribe of Brazil, with a population of 200, have no words beyond one, two and many.","Brazil tribe prove words count When it comes to counting, a remote Amazonian tribespeople have been found to be lost for words. Researchers discovered the Piraha tribe of Brazil, with a population of 200, have no words beyond one, two and many.",5852,brazil tribe prove words count when it comes to counting a remote amazonian tribespeople have been found to be lost for words researchers discovered the piraha tribe of brazil with a population of 200 have no words beyond one two and many,42,duplicate_train_text
4,Moveon.org subscriber-data leaked through search,Subscribers to Moveon.org #39;s mailing lists may have found their interest in the anti-Bush political site a matter of public record.,Moveon.org subscriber-data leaked through search Subscribers to Moveon.org #39;s mailing lists may have found their interest in the anti-Bush political site a matter of public record.,5876,moveon org subscriber data leaked through search subscribers to moveon org 39 s mailing lists may have found their interest in the anti bush political site a matter of public record,31,duplicate_train_text
3,Airways pilots extend talks,"Pilots for US Airways are continuing to negotiate this weekend over the Arlington airline #39;s demand for a 16.5 percent pay cut, despite a warning from management that negotiations should have concluded yesterday.","Airways pilots extend talks Pilots for US Airways are continuing to negotiate this weekend over the Arlington airline #39;s demand for a 16.5 percent pay cut, despite a warning from management that negotiations should have concluded yesterday.",5908,airways pilots extend talks pilots for us airways are continuing to negotiate this weekend over the arlington airline 39 s demand for a 16 5 percent pay cut despite a warning from management that negotiations should have concluded yesterday,39,duplicate_train_text
4,Stunt pilots to hook falling stardust sample,"A piece of the Sun is set to fall to Earth and be captured by Hollywood stunt pilots in a tricky mid-air manoeuvre, NASA announced on Thursday.","Stunt pilots to hook falling stardust sample A piece of the Sun is set to fall to Earth and be captured by Hollywood stunt pilots in a tricky mid-air manoeuvre, NASA announced on Thursday.",5959,stunt pilots to hook falling stardust sample a piece of the sun is set to fall to earth and be captured by hollywood stunt pilots in a tricky mid air manoeuvre nasa announced on thursday,35,duplicate_train_text
3,US Airways asks pilots for 16.5 cut in pay,Struggling US Airways (UAIR) has asked its pilots to accept a 16.5 pay cut while giving them the chance to recoup some of the money by flying more.,US Airways asks pilots for 16.5 cut in pay Struggling US Airways (UAIR) has asked its pilots to accept a 16.5 pay cut while giving them the chance to recoup some of the money by flying more.,5982,us airways asks pilots for 16 5 cut in pay struggling us airways uair has asked its pilots to accept a 16 5 pay cut while giving them the chance to recoup some of the money by flying more,39,duplicate_train_text
3,Nortel Will Cut Workforce by 10 Percent,"TORONTO, Aug. 19 -- Nortel Networks Corp. said Thursday it will slash its workforce by 3,500, or 10 percent, as it struggles to recover from an accounting scandal that toppled three top executives and led to a criminal investigation and lawsuits.","Nortel Will Cut Workforce by 10 Percent TORONTO, Aug. 19 -- Nortel Networks Corp. said Thursday it will slash its workforce by 3,500, or 10 percent, as it struggles to recover from an accounting scandal that toppled three top executives and led to a criminal investigation and lawsuits.",6076,nortel will cut workforce by 10 percent toronto aug 19 nortel networks corp said thursday it will slash its workforce by 3 500 or 10 percent as it struggles to recover from an accounting scandal that toppled three top executives and led to a criminal investigation and lawsuits,48,duplicate_train_text
4,RealNetworks Doesn #39;t Rock,"NEW YORK - It #39;s never a smart move to pick a public fight with Apple Computer, and it #39;s doubly unwise if that fight involves the iPod in some way.","RealNetworks Doesn #39;t Rock NEW YORK - It #39;s never a smart move to pick a public fight with Apple Computer, and it #39;s doubly unwise if that fight involves the iPod in some way.",6109,realnetworks doesn 39 t rock new york it 39 s never a smart move to pick a public fight with apple computer and it 39 s doubly unwise if that fight involves the ipod in some way,37,duplicate_train_text
4,AT amp;T strikes VoIP deals with cable,"In an attempt to spark growth in its Net phone service, AT amp;T has turned to cable companies to pitch the technology to more consumers.","AT amp;T strikes VoIP deals with cable In an attempt to spark growth in its Net phone service, AT amp;T has turned to cable companies to pitch the technology to more consumers.",6239,at amp t strikes voip deals with cable in an attempt to spark growth in its net phone service at amp t has turned to cable companies to pitch the technology to more consumers,34,duplicate_train_text
4,EA game  #39;Madden #39; tops 1.3 million first week," quot;Madden NFL 2005, quot; the latest version of Electronic Arts #39; pro football video game franchise, sold more than 1.3 million copies in its first week of release, the company said Thursday, citing internal figures.","EA game  #39;Madden #39; tops 1.3 million first week quot;Madden NFL 2005, quot; the latest version of Electronic Arts #39; pro football video game franchise, sold more than 1.3 million copies in its first week of release, the company said Thursday, citing internal figures.",6380,ea game 39 madden 39 tops 1 3 million first week quot madden nfl 2005 quot the latest version of electronic arts 39 pro football video game franchise sold more than 1 3 million copies in its first week of release the company said thursday citing internal figures,48,duplicate_train_text
1,Peres demands early Israeli elections,"Israel #39;s opposition leader, Shimon Peres, today called for early elections that would effectively rule his party out of joining a coalition to prop up the prime minister, Ariel Sharon.","Peres demands early Israeli elections Israel #39;s opposition leader, Shimon Peres, today called for early elections that would effectively rule his party out of joining a coalition to prop up the prime minister, Ariel Sharon.",6404,peres demands early israeli elections israel 39 s opposition leader shimon peres today called for early elections that would effectively rule his party out of joining a coalition to prop up the prime minister ariel sharon,36,duplicate_train_text
4,Stumbling over SP2,"People have Bill Gates all wrong. He doesn #39;t want to rule the world (or at least the computerized portion of it). And although he may secretly hope that all Linux source code spontaneously combusts, that isn #39;t his biggest wish.","Stumbling over SP2 People have Bill Gates all wrong. He doesn #39;t want to rule the world (or at least the computerized portion of it). And although he may secretly hope that all Linux source code spontaneously combusts, that isn #39;t his biggest wish.",6518,stumbling over sp2 people have bill gates all wrong he doesn 39 t want to rule the world or at least the computerized portion of it and although he may secretly hope that all linux source code spontaneously combusts that isn 39 t his biggest wish,46,duplicate_train_text
4,Web sites agree to be accessible to blind,"In one of the first enforcement actions of the Americans with Disabilities Act on the Internet, two major travel services have agreed to make sites more accessible to the blind and visually impaired.","Web sites agree to be accessible to blind In one of the first enforcement actions of the Americans with Disabilities Act on the Internet, two major travel services have agreed to make sites more accessible to the blind and visually impaired.",6770,web sites agree to be accessible to blind in one of the first enforcement actions of the americans with disabilities act on the internet two major travel services have agreed to make sites more accessible to the blind and visually impaired,41,duplicate_train_text
3,Toys R Us Posts Operating Loss," NEW YORK (Reuters) - Toys R Us Inc. &lt;A HREF=""http://www.investor.reuters.com/FullQuote.aspx?ticker=TOY.N target=/stocks/quickinfo/fullquote""&gt;TOY.N&lt;/A&gt;, which is  considering getting out of the toy business, on Monday posted a  second-quarter operating loss on poor sales of video games and  markdowns on older merchandise.","Toys R Us Posts Operating Loss NEW YORK (Reuters) - Toys R Us Inc. &lt;A HREF=""http://www.investor.reuters.com/FullQuote.aspx?ticker=TOY.N target=/stocks/quickinfo/fullquote""&gt;TOY.N&lt;/A&gt;, which is  considering getting out of the toy business, on Monday posted a  second-quarter operating loss on poor sales of video games and  markdowns on older merchandise.",7643,toys r us posts operating loss new york reuters toys r us inc toy n which is considering getting out of the toy business on monday posted a second quarter operating loss on poor sales of video games and markdowns on older merchandise,43,duplicate_train_text
4,Flaws and a Delay for XP SP2,"Just one day after Microsoft delayed the delivery of its Windows XP Service Pack 2 (XP SP2) update for the Professional Edition, a German research firm announced the discovery of two security flaws in the application.","Flaws and a Delay for XP SP2 Just one day after Microsoft delayed the delivery of its Windows XP Service Pack 2 (XP SP2) update for the Professional Edition, a German research firm announced the discovery of two security flaws in the application.",7824,flaws and a delay for xp sp2 just one day after microsoft delayed the delivery of its windows xp service pack 2 xp sp2 update for the professional edition a german research firm announced the discovery of two security flaws in the application,43,duplicate_train_text
3,Oil Won't Derail U.S. Expansion -Bernanke," WASHINGTON (Reuters) - Rising oil prices will weigh on U.S.  economic growth, but the increases seen so far will not derail  the expansion and need not fuel a troubling inflation, Federal  Reserve Board Governor Ben Bernanke said on Monday.","Oil Won't Derail U.S. Expansion -Bernanke WASHINGTON (Reuters) - Rising oil prices will weigh on U.S.  economic growth, but the increases seen so far will not derail  the expansion and need not fuel a troubling inflation, Federal  Reserve Board Governor Ben Bernanke said on Monday.",8156,oil won't derail u s expansion bernanke washington reuters rising oil prices will weigh on u s economic growth but the increases seen so far will not derail the expansion and need not fuel a troubling inflation federal reserve board governor ben bernanke said on monday,46,duplicate_train_text
3,Iraq output rises; oil futures fall,"Oil futures fell yesterday after Iraq, the sixth-largest supplier to the United States, boosted shipments to tankers to normal rates for the first time in two weeks.","Iraq output rises; oil futures fall Oil futures fell yesterday after Iraq, the sixth-largest supplier to the United States, boosted shipments to tankers to normal rates for the first time in two weeks.",8553,iraq output rises oil futures fall oil futures fell yesterday after iraq the sixth largest supplier to the united states boosted shipments to tankers to normal rates for the first time in two weeks,34,duplicate_train_text
3,Fact and Comment (Forbes.com),"Forbes.com - The news from Iran is grim. This Islamic dictatorship--the biggest source of terrorist training and financing in the world and the nation that's doing all it can to stir up trouble in already combustible Iraq--is clearly on the cusp of becoming a nuclear power. The clerical fascists running the country have dropped just about all pretense of their atomic programs being energy-related only. Tehran announced in July that it had resumed making the centrifuges needed to produce highly enriched uranium, a key ingredient for nuclear bombs. ...","Fact and Comment (Forbes.com) Forbes.com - The news from Iran is grim. This Islamic dictatorship--the biggest source of terrorist training and financing in the world and the nation that's doing all it can to stir up trouble in already combustible Iraq--is clearly on the cusp of becoming a nuclear power. The clerical fascists running the country have dropped just about all pretense of their atomic programs being energy-related only. Tehran announced in July that it had resumed making the centrifuges needed to produce highly enriched uranium, a key ingredient for nuclear bombs. ...",9266,fact and comment forbes com forbes com the news from iran is grim this islamic dictatorship the biggest source of terrorist training and financing in the world and the nation that's doing all it can to stir up trouble in already combustible iraq is clearly on the cusp of becoming a nuclear power the clerical fascists running the country have dropped just about all pretense of their atomic programs being energy related only tehran announced in july that it had resumed making the centrifuges needed to produce highly enriched uranium a key ingredient for nuclear bombs,96,duplicate_train_text
2,"Marbury Powers U.S. Over Spain, Coaches Square Off", ATHENS (Reuters) - Officials had to separate the U.S. and  Spanish coaches when an argument erupted at the end of the game  as the United States beat Spain 102-94 in the Olympic men's  basketball quarter-finals Thursday.,"Marbury Powers U.S. Over Spain, Coaches Square Off ATHENS (Reuters) - Officials had to separate the U.S. and  Spanish coaches when an argument erupted at the end of the game  as the United States beat Spain 102-94 in the Olympic men's  basketball quarter-finals Thursday.",10805,marbury powers u s over spain coaches square off athens reuters officials had to separate the u s and spanish coaches when an argument erupted at the end of the game as the united states beat spain 102 94 in the olympic men's basketball quarter finals thursday,47,duplicate_train_text
3,US Weekly Jobless Claims Rise,"The US Labor Department said Thursday the number of workers filing first-time applications for unemployment benefits rose by 10,000 last week.","US Weekly Jobless Claims Rise The US Labor Department said Thursday the number of workers filing first-time applications for unemployment benefits rose by 10,000 last week.",11041,us weekly jobless claims rise the us labor department said thursday the number of workers filing first time applications for unemployment benefits rose by 10 000 last week,28,duplicate_train_text
3,Citigroup Sued Over Enron Securities," NEW YORK (Reuters) - Citigroup Inc. &lt;A HREF=""http://www.investor.reuters.com/FullQuote.aspx?ticker=C.N target=/stocks/quickinfo/fullquote""&gt;C.N&lt;/A&gt; faces a lawsuit  from angry investors who allege they were defrauded in a  ""massive scheme of deception"" when they bought securities tied  to the credit-worthiness of bankrupt energy trader Enron Corp.  &lt;A HREF=""http://www.investor.reuters.com/FullQuote.aspx?ticker=ENRNQ.PK target=/stocks/quickinfo/fullquote""&gt;ENRNQ.PK&lt;/A&gt;","Citigroup Sued Over Enron Securities NEW YORK (Reuters) - Citigroup Inc. &lt;A HREF=""http://www.investor.reuters.com/FullQuote.aspx?ticker=C.N target=/stocks/quickinfo/fullquote""&gt;C.N&lt;/A&gt; faces a lawsuit  from angry investors who allege they were defrauded in a  ""massive scheme of deception"" when they bought securities tied  to the credit-worthiness of bankrupt energy trader Enron Corp.  &lt;A HREF=""http://www.investor.reuters.com/FullQuote.aspx?ticker=ENRNQ.PK target=/stocks/quickinfo/fullquote""&gt;ENRNQ.PK&lt;/A&gt;",11082,citigroup sued over enron securities new york reuters citigroup inc c n faces a lawsuit from angry investors who allege they were defrauded in a massive scheme of deception when they bought securities tied to the credit worthiness of bankrupt energy trader enron corp enrnq pk,46,duplicate_train_text
4,"U.S. Searches Computers, Trying to Disrupt Piracy","Federal authorities conducted six searches Wednesday in an attempt to disrupt a network used to trade copies of movies, software, games and music.","U.S. Searches Computers, Trying to Disrupt Piracy Federal authorities conducted six searches Wednesday in an attempt to disrupt a network used to trade copies of movies, software, games and music.",11554,u s searches computers trying to disrupt piracy federal authorities conducted six searches wednesday in an attempt to disrupt a network used to trade copies of movies software games and music,31,duplicate_train_text
4,Allchin: Don't call it 'Shorthorn',"Despite the removal of an advanced file system, Longhorn will not be short on features, Jim Allchin tells CNET News.com.","Allchin: Don't call it 'Shorthorn' Despite the removal of an advanced file system, Longhorn will not be short on features, Jim Allchin tells CNET News.com.",12472,allchin don't call it shorthorn despite the removal of an advanced file system longhorn will not be short on features jim allchin tells cnet news com,26,duplicate_train_text
4,California sues Microsoft for antitrust--again,"Five California counties and two cities sue the software giant under state antitrust laws, for taking advantage of government buyers.","California sues Microsoft for antitrust--again Five California counties and two cities sue the software giant under state antitrust laws, for taking advantage of government buyers.",12601,california sues microsoft for antitrust again five california counties and two cities sue the software giant under state antitrust laws for taking advantage of government buyers,26,duplicate_train_text
2,Birgit Fischer Wins Second Medal in Kayak,"Birgit Fischer settled for silver, leaving the 42-year-old Olympian with two medals in two days against decidedly younger competition.","Birgit Fischer Wins Second Medal in Kayak Birgit Fischer settled for silver, leaving the 42-year-old Olympian with two medals in two days against decidedly younger competition.",13107,birgit fischer wins second medal in kayak birgit fischer settled for silver leaving the 42 year old olympian with two medals in two days against decidedly younger competition,28,duplicate_train_text
1,2 Arrested in Alleged NYC Subway Bomb Plot,"NEW YORK - A U.S. citizen and a Pakistani national were arrested in an alleged plot to bomb a subway station in midtown Manhattan and possibly other locations around the city, police said Saturday...","2 Arrested in Alleged NYC Subway Bomb Plot NEW YORK - A U.S. citizen and a Pakistani national were arrested in an alleged plot to bomb a subway station in midtown Manhattan and possibly other locations around the city, police said Saturday...",13293,2 arrested in alleged nyc subway bomb plot new york a u s citizen and a pakistani national were arrested in an alleged plot to bomb a subway station in midtown manhattan and possibly other locations around the city police said saturday,42,duplicate_train_text
4,Duke Welcomes Freshmen With New iPods (AP),"AP - Newly arrived Duke University freshmen got something considerably snazzier than the usual Blue Devils T-shirts and ball caps: Their goodie bags included a free iPod digital music player engraved with the school's crest and the words ""Class of 2008.""","Duke Welcomes Freshmen With New iPods (AP) AP - Newly arrived Duke University freshmen got something considerably snazzier than the usual Blue Devils T-shirts and ball caps: Their goodie bags included a free iPod digital music player engraved with the school's crest and the words ""Class of 2008.""",13479,duke welcomes freshmen with new ipods ap ap newly arrived duke university freshmen got something considerably snazzier than the usual blue devils t shirts and ball caps their goodie bags included a free ipod digital music player engraved with the school's crest and the words class of 2008,48,duplicate_train_text
3,Atlas Copco to sell electric tool business,"STOCKHOLM, Sweden -- Swedish engineering company Atlas Copco Group is selling its electric tool business which includes Milwaukee Electric Tool in the United States to Hong Kong-based Techtronic Industries Co.","Atlas Copco to sell electric tool business STOCKHOLM, Sweden -- Swedish engineering company Atlas Copco Group is selling its electric tool business which includes Milwaukee Electric Tool in the United States to Hong Kong-based Techtronic Industries Co.",14650,atlas copco to sell electric tool business stockholm sweden swedish engineering company atlas copco group is selling its electric tool business which includes milwaukee electric tool in the united states to hong kong based techtronic industries co,37,duplicate_train_text
1,Sharon to Present Gaza Timetable to Mutinous Party, JERUSALEM (Reuters) - Israeli Prime Minister Ariel Sharon  intends to present a timetable for withdrawal from Gaza to  lawmakers from his Likud Party Tuesday despite a mutiny in the  right-wing bloc over the plan.,Sharon to Present Gaza Timetable to Mutinous Party JERUSALEM (Reuters) - Israeli Prime Minister Ariel Sharon  intends to present a timetable for withdrawal from Gaza to  lawmakers from his Likud Party Tuesday despite a mutiny in the  right-wing bloc over the plan.,14804,sharon to present gaza timetable to mutinous party jerusalem reuters israeli prime minister ariel sharon intends to present a timetable for withdrawal from gaza to lawmakers from his likud party tuesday despite a mutiny in the right wing bloc over the plan,42,duplicate_train_text
2,"Douglas cut, then lands with Eagles","Just a week after releasing their all-time sack leader, Tony Brackens , the Jacksonville Jaguars yesterday cut three-time Pro Bowler Hugh Douglas , leaving them without their starting defensive ends from last season.","Douglas cut, then lands with Eagles Just a week after releasing their all-time sack leader, Tony Brackens , the Jacksonville Jaguars yesterday cut three-time Pro Bowler Hugh Douglas , leaving them without their starting defensive ends from last season.",15422,douglas cut then lands with eagles just a week after releasing their all time sack leader tony brackens the jacksonville jaguars yesterday cut three time pro bowler hugh douglas leaving them without their starting defensive ends from last season,39,duplicate_train_text
4,Calif. Schools Warned of Identity Theft,"LOS ANGELES -- California university officials have warned nearly 600,000 students and faculty that they might be exposed to identity theft following incidents where computer hard drives loaded with their private information were lost or hacked into.","Calif. Schools Warned of Identity Theft LOS ANGELES -- California university officials have warned nearly 600,000 students and faculty that they might be exposed to identity theft following incidents where computer hard drives loaded with their private information were lost or hacked into.",17963,calif schools warned of identity theft los angeles california university officials have warned nearly 600 000 students and faculty that they might be exposed to identity theft following incidents where computer hard drives loaded with their private information were lost or hacked into,43,duplicate_train_text
4,Joswiak: 'True to What an iMac Has Always Been About' (MacCentral),"MacCentral - After Apple unveiled the iMac G5 in Paris this week, Vice President of Hardware Product Marketing Greg Joswiak gave Macworld editors a guided tour of the desktop's new design. Among the topics of conversation: the iMac's cooling system, why pre-installed Bluetooth functionality and FireWire 800 were left out, and how this new model fits in with Apple's objectives.","Joswiak: 'True to What an iMac Has Always Been About' (MacCentral) MacCentral - After Apple unveiled the iMac G5 in Paris this week, Vice President of Hardware Product Marketing Greg Joswiak gave Macworld editors a guided tour of the desktop's new design. Among the topics of conversation: the iMac's cooling system, why pre-installed Bluetooth functionality and FireWire 800 were left out, and how this new model fits in with Apple's objectives.",18052,joswiak true to what an imac has always been about maccentral maccentral after apple unveiled the imac g5 in paris this week vice president of hardware product marketing greg joswiak gave macworld editors a guided tour of the desktop's new design among the topics of conversation the imac's cooling system why pre installed bluetooth functionality and firewire 800 were left out and how this new model fits in with apple's objectives,71,duplicate_train_text
4,"Tivo, Netflix Close to Internet Movie Deal -Report (Reuters)","Reuters - Online DVD renter Netflix Inc.\ and television recorder maker TiVo Inc.  are\close to a deal to allow Netflix subscribers to download movies\over the Internet to their TiVo devices, according to the\latest issue of Newsweek magazine.","Tivo, Netflix Close to Internet Movie Deal -Report (Reuters) Reuters - Online DVD renter Netflix Inc.\ and television recorder maker TiVo Inc.  are\close to a deal to allow Netflix subscribers to download movies\over the Internet to their TiVo devices, according to the\latest issue of Newsweek magazine.",21157,tivo netflix close to internet movie deal report reuters reuters online dvd renter netflix inc and television recorder maker tivo inc are close to a deal to allow netflix subscribers to download movies over the internet to their tivo devices according to the latest issue of newsweek magazine,48,duplicate_train_text
1,Ritter Family Files Wrongful Death Suit,"LOS ANGELES - The family of John Ritter has sued a Burbank hospital, accusing it of negligence in the death of the 54-year-old actor. Ritter's wife Amy Yasbeck and his four children, including actor Jason Ritter, filed the wrongful death suit in Los Angeles County Superior Court on Sept...","Ritter Family Files Wrongful Death Suit LOS ANGELES - The family of John Ritter has sued a Burbank hospital, accusing it of negligence in the death of the 54-year-old actor. Ritter's wife Amy Yasbeck and his four children, including actor Jason Ritter, filed the wrongful death suit in Los Angeles County Superior Court on Sept...",23300,ritter family files wrongful death suit los angeles the family of john ritter has sued a burbank hospital accusing it of negligence in the death of the 54 year old actor ritter's wife amy yasbeck and his four children including actor jason ritter filed the wrongful death suit in los angeles county superior court on sept,56,duplicate_train_text
4,Tech Firms Announce Video Anti-Piracy Technology,"&lt;p&gt;\&lt;/p&gt;&lt;p&gt; LONDON (Reuters) - NDS, STMicroelectronics and Thomson said\on Friday they will develop new encryption technology to foil\video piracy, a \$3.5 billion problem for broadcasters and movie\studios.&lt;/p&gt;","Tech Firms Announce Video Anti-Piracy Technology &lt;p&gt;\&lt;/p&gt;&lt;p&gt; LONDON (Reuters) - NDS, STMicroelectronics and Thomson said\on Friday they will develop new encryption technology to foil\video piracy, a \$3.5 billion problem for broadcasters and movie\studios.&lt;/p&gt;",23728,tech firms announce video anti piracy technology london reuters nds stmicroelectronics and thomson said on friday they will develop new encryption technology to foil video piracy a 3 5 billion problem for broadcasters and movie studios,36,duplicate_train_text
4,Nokia to offer phones with 'old world' styling,"One of the new handsets invokes Garbo, according to the Finnish phone giant. Another is described as ""sleek and sexy.""","Nokia to offer phones with 'old world' styling One of the new handsets invokes Garbo, according to the Finnish phone giant. Another is described as ""sleek and sexy.""",23740,nokia to offer phones with old world styling one of the new handsets invokes garbo according to the finnish phone giant another is described as sleek and sexy,28,duplicate_train_text
2,Notre Dame Upsets No. 8 Michigan,"SOUTH BEND, Indiana (Sports Network) - True freshman Darius Walker ran for 115 yards and a pair of fourth-quarter touchdowns, leading Notre Dame to a 28-20 victory over eighth-ranked Michigan at Notre Dame Stadium.","Notre Dame Upsets No. 8 Michigan SOUTH BEND, Indiana (Sports Network) - True freshman Darius Walker ran for 115 yards and a pair of fourth-quarter touchdowns, leading Notre Dame to a 28-20 victory over eighth-ranked Michigan at Notre Dame Stadium.",24715,notre dame upsets no 8 michigan south bend indiana sports network true freshman darius walker ran for 115 yards and a pair of fourth quarter touchdowns leading notre dame to a 28 20 victory over eighth ranked michigan at notre dame stadium,42,duplicate_train_text
1,Australians 'kidnapped' in Iraq,Australia is investigating reports that two of its citizens have been taken hostage by militants in Iraq.,Australians 'kidnapped' in Iraq Australia is investigating reports that two of its citizens have been taken hostage by militants in Iraq.,25955,australians kidnapped in iraq australia is investigating reports that two of its citizens have been taken hostage by militants in iraq,21,duplicate_train_text
4,IBM Triples Transistor Performance with Germanium,"IBM has successfully demonstrated a new technique for improving transistor performance that will help the company build smaller, more powerful chips in the next decade, company researchers said Monday.","IBM Triples Transistor Performance with Germanium IBM has successfully demonstrated a new technique for improving transistor performance that will help the company build smaller, more powerful chips in the next decade, company researchers said Monday.",26454,ibm triples transistor performance with germanium ibm has successfully demonstrated a new technique for improving transistor performance that will help the company build smaller more powerful chips in the next decade company researchers said monday,35,duplicate_train_text
1,U.S. Alarmed Over Suspected Iran Nuke Site,"VIENNA, Austria - A U.S. official expressed alarm Thursday about a possible nuclear-weapons-related test site in Iran and accused the U.N...","U.S. Alarmed Over Suspected Iran Nuke Site VIENNA, Austria - A U.S. official expressed alarm Thursday about a possible nuclear-weapons-related test site in Iran and accused the U.N...",29580,u s alarmed over suspected iran nuke site vienna austria a u s official expressed alarm thursday about a possible nuclear weapons related test site in iran and accused the u n,32,duplicate_train_text
4,Infineon to Pay a Fine in the Fixing of Chip Prices,Federal prosecutors cracked a global cartel that had illegally fixed prices of memory chips in personal computers and servers for three years.,Infineon to Pay a Fine in the Fixing of Chip Prices Federal prosecutors cracked a global cartel that had illegally fixed prices of memory chips in personal computers and servers for three years.,30387,infineon to pay a fine in the fixing of chip prices federal prosecutors cracked a global cartel that had illegally fixed prices of memory chips in personal computers and servers for three years,33,duplicate_train_text
2,Rangers Reliever Francisco Suspended for Season, NEW YORK (Sports Network) - Texas Rangers relief pitcher  Frank Francisco was suspended for the rest of the 2004 season  Friday by Major League Baseball after tossing a chair into the  stands and hitting two fans in the head earlier this week.,Rangers Reliever Francisco Suspended for Season NEW YORK (Sports Network) - Texas Rangers relief pitcher  Frank Francisco was suspended for the rest of the 2004 season  Friday by Major League Baseball after tossing a chair into the  stands and hitting two fans in the head earlier this week.,31357,rangers reliever francisco suspended for season new york sports network texas rangers relief pitcher frank francisco was suspended for the rest of the 2004 season friday by major league baseball after tossing a chair into the stands and hitting two fans in the head earlier this week,47,duplicate_train_text
2,"Pouring It on, Yanks Cool Off Sox","With the offense rumbling and Jon Lieber in command, the Yankees walloped Boston at misty, wind-whipped Yankee Stadium.","Pouring It on, Yanks Cool Off Sox With the offense rumbling and Jon Lieber in command, the Yankees walloped Boston at misty, wind-whipped Yankee Stadium.",32212,pouring it on yanks cool off sox with the offense rumbling and jon lieber in command the yankees walloped boston at misty wind whipped yankee stadium,26,duplicate_train_text
3,HHS Orders Avian Flu Vaccine from Aventis, WASHINGTON (Reuters) - The U.S. Health and Human Services  Department said on Tuesday it had ordered 2 million doses of  avian influenza vaccine from Aventis Pasteur Inc.,HHS Orders Avian Flu Vaccine from Aventis WASHINGTON (Reuters) - The U.S. Health and Human Services  Department said on Tuesday it had ordered 2 million doses of  avian influenza vaccine from Aventis Pasteur Inc.,34668,hhs orders avian flu vaccine from aventis washington reuters the u s health and human services department said on tuesday it had ordered 2 million doses of avian influenza vaccine from aventis pasteur inc,34,duplicate_train_text
4,"AMD, IBM extend chip development deal","Chipmaker will pay Big Blue nearly \$300 million, but move should help in competition with Intel.","AMD, IBM extend chip development deal Chipmaker will pay Big Blue nearly \$300 million, but move should help in competition with Intel.",35069,amd ibm extend chip development deal chipmaker will pay big blue nearly 300 million but move should help in competition with intel,22,duplicate_train_text
4,Revamped EMusic Targets Indie Market (AP),"AP - Nearly a year since it was sold by Vivendi Universal to private investors, online retailer eMusic has undergone a facelift that includes a panel of music critics to help users comb its trove of independent music.","Revamped EMusic Targets Indie Market (AP) AP - Nearly a year since it was sold by Vivendi Universal to private investors, online retailer eMusic has undergone a facelift that includes a panel of music critics to help users comb its trove of independent music.",35164,revamped emusic targets indie market ap ap nearly a year since it was sold by vivendi universal to private investors online retailer emusic has undergone a facelift that includes a panel of music critics to help users comb its trove of independent music,43,duplicate_train_text
3,"Blue Chips Drop, Oil Reaches \$49 a Barrel", NEW YORK (Reuters) - U.S. blue-chip stocks fell on Thursday  and crude oil prices touched \$49 a barrel as traders saw a  possible oil loan from U.S. government reserves as too small to  make up for supply disruptions caused by Hurricane Ivan.,"Blue Chips Drop, Oil Reaches \$49 a Barrel NEW YORK (Reuters) - U.S. blue-chip stocks fell on Thursday  and crude oil prices touched \$49 a barrel as traders saw a  possible oil loan from U.S. government reserves as too small to  make up for supply disruptions caused by Hurricane Ivan.",37374,blue chips drop oil reaches 49 a barrel new york reuters u s blue chip stocks fell on thursday and crude oil prices touched 49 a barrel as traders saw a possible oil loan from u s government reserves as too small to make up for supply disruptions caused by hurricane ivan,52,duplicate_train_text
4,Ireland cracks down on Internet fraud,Ireland has become the first country on earth to cut off direct-dialed calls to entire nations in a bid to crack down on Internet-based fraud.,Ireland cracks down on Internet fraud Ireland has become the first country on earth to cut off direct-dialed calls to entire nations in a bid to crack down on Internet-based fraud.,37505,ireland cracks down on internet fraud ireland has become the first country on earth to cut off direct dialed calls to entire nations in a bid to crack down on internet based fraud,33,duplicate_train_text
3,Bank of America bases unit in Hub ,Bank of America Corp. confirmed yesterday it will locate its wealth management division in Boston and said it will move about 100 high-level jobs here.,Bank of America bases unit in Hub Bank of America Corp. confirmed yesterday it will locate its wealth management division in Boston and said it will move about 100 high-level jobs here.,38058,bank of america bases unit in hub bank of america corp confirmed yesterday it will locate its wealth management division in boston and said it will move about 100 high level jobs here,33,duplicate_train_text
4,"Microsoft Sues Web Hoster, Others Over Spam","&lt;p&gt;\&lt;/p&gt;&lt;p&gt; SEATTLE (Reuters) - Microsoft Corp. filed nine new lawsuits\against spammers who send unsolicited e-mail, including an\e-mail marketing Web hosting company, the world's largest\software maker said on Thursday&lt;/p&gt;","Microsoft Sues Web Hoster, Others Over Spam &lt;p&gt;\&lt;/p&gt;&lt;p&gt; SEATTLE (Reuters) - Microsoft Corp. filed nine new lawsuits\against spammers who send unsolicited e-mail, including an\e-mail marketing Web hosting company, the world's largest\software maker said on Thursday&lt;/p&gt;",38218,microsoft sues web hoster others over spam seattle reuters microsoft corp filed nine new lawsuits against spammers who send unsolicited e mail including an e mail marketing web hosting company the world's largest software maker said on thursday,38,duplicate_train_text
3,Former CA chief indicted; company reaches accord,"Computer Associates International #39;s former chief executive was indicted on criminal charges related to fraudulent accounting practices, and the company on Wednesday agreed to pay \$225 million to settle with federal prosecutors.","Former CA chief indicted; company reaches accord Computer Associates International #39;s former chief executive was indicted on criminal charges related to fraudulent accounting practices, and the company on Wednesday agreed to pay \$225 million to settle with federal prosecutors.",39251,former ca chief indicted company reaches accord computer associates international 39 s former chief executive was indicted on criminal charges related to fraudulent accounting practices and the company on wednesday agreed to pay 225 million to settle with federal prosecutors,40,duplicate_train_text
1,al-Qaida Aims to Disrupt Afghan Elections,"KABUL, Afghanistan - U.S.-led forces trying to protect landmark Afghan elections face a rising wave of violence from about 2,000 insurgents, including al-Qaida militants slipping in from Pakistan, an American general said Saturday.    In the latest bloodshed, Afghan police said suspected Taliban gunmen killed nine militia soldiers in two attacks on checkpoints in a troubled southern province...","al-Qaida Aims to Disrupt Afghan Elections KABUL, Afghanistan - U.S.-led forces trying to protect landmark Afghan elections face a rising wave of violence from about 2,000 insurgents, including al-Qaida militants slipping in from Pakistan, an American general said Saturday.    In the latest bloodshed, Afghan police said suspected Taliban gunmen killed nine militia soldiers in two attacks on checkpoints in a troubled southern province...",39718,al qaida aims to disrupt afghan elections kabul afghanistan u s led forces trying to protect landmark afghan elections face a rising wave of violence from about 2 000 insurgents including al qaida militants slipping in from pakistan an american general said saturday in the latest bloodshed afghan police said suspected taliban gunmen killed nine militia soldiers in two attacks on checkpoints in a troubled southern province,67,duplicate_train_text
1,The Tragedy of Sudan,"Fifty thousand are dead, thousands more will die, and more than 1 million have lost their homes. Simon Robinson visits Darfur and witnesses what is happening while the world dithers","The Tragedy of Sudan Fifty thousand are dead, thousands more will die, and more than 1 million have lost their homes. Simon Robinson visits Darfur and witnesses what is happening while the world dithers",41174,the tragedy of sudan fifty thousand are dead thousands more will die and more than 1 million have lost their homes simon robinson visits darfur and witnesses what is happening while the world dithers,34,duplicate_train_text
4,'The Sims 2' hits one million sales,"The virtual life game sold more than a million copies in its first 10 days on the market, Electronic Arts said.","'The Sims 2' hits one million sales The virtual life game sold more than a million copies in its first 10 days on the market, Electronic Arts said.",41671,the sims 2 hits one million sales the virtual life game sold more than a million copies in its first 10 days on the market electronic arts said,28,duplicate_train_text
3,Time Warner and Comcast Discuss Bid for Adelphia,"Comcast said it was in talks with Time Warner to make a joint bid for Adelphia, which has been operating under bankruptcy protection.","Time Warner and Comcast Discuss Bid for Adelphia Comcast said it was in talks with Time Warner to make a joint bid for Adelphia, which has been operating under bankruptcy protection.",41859,time warner and comcast discuss bid for adelphia comcast said it was in talks with time warner to make a joint bid for adelphia which has been operating under bankruptcy protection,31,duplicate_train_text
3,All 50 States Post Personal Income Growth," WASHINGTON (Reuters) - U.S. personal incomes rose 1.5  percent in the second quarter of 2004, the fastest pace of  growth in more than three years, as income gains sped up in 33  states, the Commerce Department said on Tuesday.","All 50 States Post Personal Income Growth WASHINGTON (Reuters) - U.S. personal incomes rose 1.5  percent in the second quarter of 2004, the fastest pace of  growth in more than three years, as income gains sped up in 33  states, the Commerce Department said on Tuesday.",42662,all 50 states post personal income growth washington reuters u s personal incomes rose 1 5 percent in the second quarter of 2004 the fastest pace of growth in more than three years as income gains sped up in 33 states the commerce department said on tuesday,47,duplicate_train_text
1,'American Taliban' Seeks Commuted Sentence,"SAN FRANCISCO - John Walker Lindh asked President Bush on Tuesday to commute his 20-year prison sentence for aiding the Taliban. His lawyer, James Brosnahan, said that Lindh was fighting alongside the Taliban in a civil war against the Northern Alliance, that he is not a terrorist and that he never fought against U.S...","'American Taliban' Seeks Commuted Sentence SAN FRANCISCO - John Walker Lindh asked President Bush on Tuesday to commute his 20-year prison sentence for aiding the Taliban. His lawyer, James Brosnahan, said that Lindh was fighting alongside the Taliban in a civil war against the Northern Alliance, that he is not a terrorist and that he never fought against U.S...",43231,american taliban seeks commuted sentence san francisco john walker lindh asked president bush on tuesday to commute his 20 year prison sentence for aiding the taliban his lawyer james brosnahan said that lindh was fighting alongside the taliban in a civil war against the northern alliance that he is not a terrorist and that he never fought against u s,60,duplicate_train_text
3,World bank urges poor countries to improve investment climates,"The World Bank wants the governments of poor countries to do more to improve their investment climates, action it described as central to economic growth and poverty reduction.","World bank urges poor countries to improve investment climates The World Bank wants the governments of poor countries to do more to improve their investment climates, action it described as central to economic growth and poverty reduction.",43711,world bank urges poor countries to improve investment climates the world bank wants the governments of poor countries to do more to improve their investment climates action it described as central to economic growth and poverty reduction,37,duplicate_train_text
1,Official: MLB to Move Expos to Washington,"WASHINGTON - Richard Nixon was president and man was still making trips to the moon the last time the word ""Washington"" appeared in the major league baseball standings. On Opening Day, April 4, 2005, look for the nation's capital to return...","Official: MLB to Move Expos to Washington WASHINGTON - Richard Nixon was president and man was still making trips to the moon the last time the word ""Washington"" appeared in the major league baseball standings. On Opening Day, April 4, 2005, look for the nation's capital to return...",43895,official mlb to move expos to washington washington richard nixon was president and man was still making trips to the moon the last time the word washington appeared in the major league baseball standings on opening day april 4 2005 look for the nation's capital to return,47,duplicate_train_text
4,Agere Adjusts For Soft Demand,"Facing soft demand from major customers, semiconductor and software specialist Agere Systems said it will lay off 500 people and close three facilities to cut costs.","Agere Adjusts For Soft Demand Facing soft demand from major customers, semiconductor and software specialist Agere Systems said it will lay off 500 people and close three facilities to cut costs.",44637,agere adjusts for soft demand facing soft demand from major customers semiconductor and software specialist agere systems said it will lay off 500 people and close three facilities to cut costs,31,duplicate_train_text
3,Justice Dept. Opens Fannie Criminal Probe," NEW YORK (Reuters) - The Justice Department has opened an  investigation of possible accounting fraud at Fannie Mae, The  Wall Street Journal reported on Thursday, after a federal  regulator said the mortgage giant may have manipulated its  earnings targets.","Justice Dept. Opens Fannie Criminal Probe NEW YORK (Reuters) - The Justice Department has opened an  investigation of possible accounting fraud at Fannie Mae, The  Wall Street Journal reported on Thursday, after a federal  regulator said the mortgage giant may have manipulated its  earnings targets.",44947,justice dept opens fannie criminal probe new york reuters the justice department has opened an investigation of possible accounting fraud at fannie mae the wall street journal reported on thursday after a federal regulator said the mortgage giant may have manipulated its earnings targets,44,duplicate_train_text
4,"Netflix, TiVo to Develop Joint Product (Reuters)","Reuters - Online DVD rental service Netflix Inc.\ and TiVo Inc., maker of a digital video\recorder, on Thursday said they have agreed to develop a joint\entertainment offering, driving shares of both companies\higher.","Netflix, TiVo to Develop Joint Product (Reuters) Reuters - Online DVD rental service Netflix Inc.\ and TiVo Inc., maker of a digital video\recorder, on Thursday said they have agreed to develop a joint\entertainment offering, driving shares of both companies\higher.",45602,netflix tivo to develop joint product reuters reuters online dvd rental service netflix inc and tivo inc maker of a digital video recorder on thursday said they have agreed to develop a joint entertainment offering driving shares of both companies higher,41,duplicate_train_text
4,AT amp;T cuts Internet phone service prices,"AT amp;T Corp. is trimming the price of its new Internet-based telephone service for the second time in six months, prompting a top rival to follow suit.","AT amp;T cuts Internet phone service prices AT amp;T Corp. is trimming the price of its new Internet-based telephone service for the second time in six months, prompting a top rival to follow suit.",45744,at amp t cuts internet phone service prices at amp t corp is trimming the price of its new internet based telephone service for the second time in six months prompting a top rival to follow suit,37,duplicate_train_text
4,Microsoft tests MSN Messenger 7.0,"A select group of testers next week will get an early look at MSN Messenger 7.0, the next version of Microsoft #39;s popular instant messaging client.","Microsoft tests MSN Messenger 7.0 A select group of testers next week will get an early look at MSN Messenger 7.0, the next version of Microsoft #39;s popular instant messaging client.",46769,microsoft tests msn messenger 7 0 a select group of testers next week will get an early look at msn messenger 7 0 the next version of microsoft 39 s popular instant messaging client,34,duplicate_train_text
4,"2,500-Year-Old Pomegranate Found In Greece","ATHENS, Greece -- A scientific dig has uncovered four pomegranates believed to be 2,500 years old preserved inside a woven basket nestled in a bronze vessel, a Greek archaeologist said Friday.","2,500-Year-Old Pomegranate Found In Greece ATHENS, Greece -- A scientific dig has uncovered four pomegranates believed to be 2,500 years old preserved inside a woven basket nestled in a bronze vessel, a Greek archaeologist said Friday.",47449,2 500 year old pomegranate found in greece athens greece a scientific dig has uncovered four pomegranates believed to be 2 500 years old preserved inside a woven basket nestled in a bronze vessel a greek archaeologist said friday,39,duplicate_train_text
2,Brock Berlin Guides Miami (Fla.) Past Georgia Tech,ATLANTA (Sports Network) - Brock Berlin threw a career-high three touchdown passes to lead No. 4 Miami-Florida to an easy 27-3 win over Georgia Tech in ACC action at Bobby Dodd Stadium.,Brock Berlin Guides Miami (Fla.) Past Georgia Tech ATLANTA (Sports Network) - Brock Berlin threw a career-high three touchdown passes to lead No. 4 Miami-Florida to an easy 27-3 win over Georgia Tech in ACC action at Bobby Dodd Stadium.,47841,brock berlin guides miami fla past georgia tech atlanta sports network brock berlin threw a career high three touchdown passes to lead no 4 miami florida to an easy 27 3 win over georgia tech in acc action at bobby dodd stadium,42,duplicate_train_text
4,SanDisk flashes new memory cards,"SanDisk this week announced a series of CF (CompactFlash) cards that double the read and write speeds of its fastest flash cards available today, as well as an 8GB version of its Ultra II CF Type 1 flash memory card.","SanDisk flashes new memory cards SanDisk this week announced a series of CF (CompactFlash) cards that double the read and write speeds of its fastest flash cards available today, as well as an 8GB version of its Ultra II CF Type 1 flash memory card.",48230,sandisk flashes new memory cards sandisk this week announced a series of cf compactflash cards that double the read and write speeds of its fastest flash cards available today as well as an 8gb version of its ultra ii cf type 1 flash memory card,45,duplicate_train_text
4,"Bye-bye, blueprint: 3D modeling catches on","Three-dimensional technology is changing the way buildings are designed and built--but the industry will have to change, too.","Bye-bye, blueprint: 3D modeling catches on Three-dimensional technology is changing the way buildings are designed and built--but the industry will have to change, too.",49152,bye bye blueprint 3d modeling catches on three dimensional technology is changing the way buildings are designed and built but the industry will have to change too,27,duplicate_train_text
3,Supreme Court Sidesteps Credit Card Dispute,MasterCard and Visa no longer can block banks from issuing credit cards from competitors after the Supreme Court declined to hear their appeal Monday.,Supreme Court Sidesteps Credit Card Dispute MasterCard and Visa no longer can block banks from issuing credit cards from competitors after the Supreme Court declined to hear their appeal Monday.,49350,supreme court sidesteps credit card dispute mastercard and visa no longer can block banks from issuing credit cards from competitors after the supreme court declined to hear their appeal monday,30,duplicate_train_text
2,Earnhardt Bounced from Top Spot in NASCAR Standings," DAYTONA BEACH, Florida (Sports Network) - NASCAR driver  Dale Earnhardt Jr. has been fined \$10,000 for cursing during a  TV interview following his win at Talladega Superspeedway.","Earnhardt Bounced from Top Spot in NASCAR Standings DAYTONA BEACH, Florida (Sports Network) - NASCAR driver  Dale Earnhardt Jr. has been fined \$10,000 for cursing during a  TV interview following his win at Talladega Superspeedway.",50729,earnhardt bounced from top spot in nascar standings daytona beach florida sports network nascar driver dale earnhardt jr has been fined 10 000 for cursing during a tv interview following his win at talladega superspeedway,35,duplicate_train_text
2,Earnhardt fined for checkered language,"Dale Earnhardt Jr. cursed on a nationally televised NASCAR broadcast on Sunday, and it cost him the lead in a close race for the Nextel Cup drivers championship.","Earnhardt fined for checkered language Dale Earnhardt Jr. cursed on a nationally televised NASCAR broadcast on Sunday, and it cost him the lead in a close race for the Nextel Cup drivers championship.",51598,earnhardt fined for checkered language dale earnhardt jr cursed on a nationally televised nascar broadcast on sunday and it cost him the lead in a close race for the nextel cup drivers championship,33,duplicate_train_text
4,VoIP Gains Ground With Bank of America Deal,The largest Voice-over-IP business deployment revealed to date presents new opportunities for both the bank that #39;s using it and the services provider that #39;s implementing it.,VoIP Gains Ground With Bank of America Deal The largest Voice-over-IP business deployment revealed to date presents new opportunities for both the bank that #39;s using it and the services provider that #39;s implementing it.,53187,voip gains ground with bank of america deal the largest voice over ip business deployment revealed to date presents new opportunities for both the bank that 39 s using it and the services provider that 39 s implementing it,39,duplicate_train_text
3,"Finally, A Boeing-Airbus Showdown",The European Jetmaker Has Long Skirted Subsidy Rules. Now Washington #39;s WTO Complaint Will Drag That Abuse Into The Light Of Day.,"Finally, A Boeing-Airbus Showdown The European Jetmaker Has Long Skirted Subsidy Rules. Now Washington #39;s WTO Complaint Will Drag That Abuse Into The Light Of Day.",53305,finally a boeing airbus showdown the european jetmaker has long skirted subsidy rules now washington 39 s wto complaint will drag that abuse into the light of day,28,duplicate_train_text
2,Furcal Shows No Leniency for Astros,"Rafael Furcal could be in jail. Instead, he was at Turner Field on Thursday sparking an Atlanta Braves team desperate to avoid another October meltdown.","Furcal Shows No Leniency for Astros Rafael Furcal could be in jail. Instead, he was at Turner Field on Thursday sparking an Atlanta Braves team desperate to avoid another October meltdown.",53903,furcal shows no leniency for astros rafael furcal could be in jail instead he was at turner field on thursday sparking an atlanta braves team desperate to avoid another october meltdown,31,duplicate_train_text
4,IBM Chief Sees Global Tech Spending Rise,"&lt;p&gt;\&lt;/p&gt;&lt;p&gt; PARIS (Reuters) - Companies will spend more money next year\on information technology and other capital investments\compared with 2004, the chief executive of the world's biggest\computer company, IBM Corp, said on Friday.&lt;/p&gt;","IBM Chief Sees Global Tech Spending Rise &lt;p&gt;\&lt;/p&gt;&lt;p&gt; PARIS (Reuters) - Companies will spend more money next year\on information technology and other capital investments\compared with 2004, the chief executive of the world's biggest\computer company, IBM Corp, said on Friday.&lt;/p&gt;",54351,ibm chief sees global tech spending rise paris reuters companies will spend more money next year on information technology and other capital investments compared with 2004 the chief executive of the world's biggest computer company ibm corp said on friday,40,duplicate_train_text
1,Martha Stewart Reports to Prison in W.Va.,"ALDERSON, W.Va. - Martha Stewart reported to prison early Friday to begin serving a five-month sentence for lying about a stock sale, the federal Bureau of Prisons said...","Martha Stewart Reports to Prison in W.Va. ALDERSON, W.Va. - Martha Stewart reported to prison early Friday to begin serving a five-month sentence for lying about a stock sale, the federal Bureau of Prisons said...",54467,martha stewart reports to prison in w va alderson w va martha stewart reported to prison early friday to begin serving a five month sentence for lying about a stock sale the federal bureau of prisons said,37,duplicate_train_text
2,=== Reds decide not to re-sign Larkin ===,"Cincinnati, OH (Sports Network) - The Cincinnati Reds have scheduled a press conference for 4 pm (et) today, at which time the club is expected to announce that shortstop Barry Larkin will not be re-signed.","=== Reds decide not to re-sign Larkin === Cincinnati, OH (Sports Network) - The Cincinnati Reds have scheduled a press conference for 4 pm (et) today, at which time the club is expected to announce that shortstop Barry Larkin will not be re-signed.",58568,reds decide not to re sign larkin cincinnati oh sports network the cincinnati reds have scheduled a press conference for 4 pm et today at which time the club is expected to announce that shortstop barry larkin will not be re signed,42,duplicate_train_text
4,Smaller Can Be Better (Except When It's Not),Stores are stocked with an abundance of featherweight gadgets. But some of these tiny gadgets raise a new question: How small is too small?,Smaller Can Be Better (Except When It's Not) Stores are stocked with an abundance of featherweight gadgets. But some of these tiny gadgets raise a new question: How small is too small?,60107,smaller can be better except when it's not stores are stocked with an abundance of featherweight gadgets but some of these tiny gadgets raise a new question how small is too small,32,duplicate_train_text
4,'e-Junk' Recycling Still in Its Infancy (AP),"AP - When Office Depot, Inc. stores ran an electronics recycling drive last summer that accepted everything from cell phones to televisions, some stores were overwhelmed by the amount of e-trash they received.","'e-Junk' Recycling Still in Its Infancy (AP) AP - When Office Depot, Inc. stores ran an electronics recycling drive last summer that accepted everything from cell phones to televisions, some stores were overwhelmed by the amount of e-trash they received.",61449,e junk recycling still in its infancy ap ap when office depot inc stores ran an electronics recycling drive last summer that accepted everything from cell phones to televisions some stores were overwhelmed by the amount of e trash they received,41,duplicate_train_text
4,The week in...iPod,"Apple is the undisputed champion of the hard-drive music market, but competitors are gearing up for a shot at the title.","The week in...iPod Apple is the undisputed champion of the hard-drive music market, but competitors are gearing up for a shot at the title.",61648,the week in ipod apple is the undisputed champion of the hard drive music market but competitors are gearing up for a shot at the title,26,duplicate_train_text
1,Former OAS Chief Under House Arrest in Bribe Probe," SAN JOSE, Costa Rica (Reuters) - A Costa Rican judge on  Saturday put the former head of the Organization of American  States under house arrest for six months, while he is  investigated for bribery claims, judicial officials said.","Former OAS Chief Under House Arrest in Bribe Probe SAN JOSE, Costa Rica (Reuters) - A Costa Rican judge on  Saturday put the former head of the Organization of American  States under house arrest for six months, while he is  investigated for bribery claims, judicial officials said.",62464,former oas chief under house arrest in bribe probe san jose costa rica reuters a costa rican judge on saturday put the former head of the organization of american states under house arrest for six months while he is investigated for bribery claims judicial officials said,46,duplicate_train_text
3,What if a Sales Tax Were the Only Tax?,"Does replacing personal income and payroll taxes with a national sales tax, an idea President Bush has shown interest in, help the U.S. tax system?","What if a Sales Tax Were the Only Tax? Does replacing personal income and payroll taxes with a national sales tax, an idea President Bush has shown interest in, help the U.S. tax system?",62518,what if a sales tax were the only tax does replacing personal income and payroll taxes with a national sales tax an idea president bush has shown interest in help the u s tax system,35,duplicate_train_text
2,Relentless Els Seals Record Sixth Match Play Title," VIRGINIA WATER, England (Reuters) - Ernie Els beat Lee  Westwood 2 1 in a gripping final at Wentworth Sunday to win a  record sixth World Match Play Championship and claim the  biggest first Prize in golf.","Relentless Els Seals Record Sixth Match Play Title VIRGINIA WATER, England (Reuters) - Ernie Els beat Lee  Westwood 2 1 in a gripping final at Wentworth Sunday to win a  record sixth World Match Play Championship and claim the  biggest first Prize in golf.",62902,relentless els seals record sixth match play title virginia water england reuters ernie els beat lee westwood 2 1 in a gripping final at wentworth sunday to win a record sixth world match play championship and claim the biggest first prize in golf,43,duplicate_train_text
4,Do Good! Win a Prize!,"While Nobel Prizes are given for past performance, other types of inducement prizes are intended to spur innovation. Do they do the job?","Do Good! Win a Prize! While Nobel Prizes are given for past performance, other types of inducement prizes are intended to spur innovation. Do they do the job?",63329,do good win a prize while nobel prizes are given for past performance other types of inducement prizes are intended to spur innovation do they do the job,28,duplicate_train_text
2,Record-Tying Beltran Blasts Astros Into Tie, HOUSTON (Reuters) - Carlos Beltran's record-tying eighth  post-season home run capped the Houston Astros' 6-5 comeback  win over the St. Louis Cardinals to even the National League  Championship Series at two games apiece Sunday.,Record-Tying Beltran Blasts Astros Into Tie HOUSTON (Reuters) - Carlos Beltran's record-tying eighth  post-season home run capped the Houston Astros' 6-5 comeback  win over the St. Louis Cardinals to even the National League  Championship Series at two games apiece Sunday.,63622,record tying beltran blasts astros into tie houston reuters carlos beltran's record tying eighth post season home run capped the houston astros 6 5 comeback win over the st louis cardinals to even the national league championship series at two games apiece sunday,43,duplicate_train_text
3,"Kmart appoints Lewis new CEO, president","The retailing company Kmart Holding Corp. has appointed Aylwin Lewis, formerly an executive at the restaurant operator Yum Brands Inc.","Kmart appoints Lewis new CEO, president The retailing company Kmart Holding Corp. has appointed Aylwin Lewis, formerly an executive at the restaurant operator Yum Brands Inc.",63736,kmart appoints lewis new ceo president the retailing company kmart holding corp has appointed aylwin lewis formerly an executive at the restaurant operator yum brands inc,26,duplicate_train_text
3,Continental posts quarterly loss,"HOUSTON -- Continental Airlines said Tuesday that rising oil costs and \$280 million in federal transportation, security and airport fees charged on passenger tickets drove the carrier to post a loss in the third quarter.","Continental posts quarterly loss HOUSTON -- Continental Airlines said Tuesday that rising oil costs and \$280 million in federal transportation, security and airport fees charged on passenger tickets drove the carrier to post a loss in the third quarter.",64751,continental posts quarterly loss houston continental airlines said tuesday that rising oil costs and 280 million in federal transportation security and airport fees charged on passenger tickets drove the carrier to post a loss in the third quarter,38,duplicate_train_text
2,MOURINHO CONFIDENT OVER STRIKE DUO,Jose Mourinho believes he has enough firepower in Eidur Gudjohnsen and Mateja Kezman to see off the challenge of CSKA Moscow in the Champions League at Stamford Bridge.,MOURINHO CONFIDENT OVER STRIKE DUO Jose Mourinho believes he has enough firepower in Eidur Gudjohnsen and Mateja Kezman to see off the challenge of CSKA Moscow in the Champions League at Stamford Bridge.,65382,mourinho confident over strike duo jose mourinho believes he has enough firepower in eidur gudjohnsen and mateja kezman to see off the challenge of cska moscow in the champions league at stamford bridge,33,duplicate_train_text
4,Hacker Hits California University Computer,"&lt;p&gt;\&lt;/p&gt;&lt;p&gt; SAN FRANCISCO (Reuters) - A computer hacker accessed names\and Social Security numbers of about 1.4 million Californians\after breaking into a University of California, Berkeley,\computer system in perhaps the worst attack of its kind ever\suffered by the school, officials said on Tuesday.&lt;/p&gt;","Hacker Hits California University Computer &lt;p&gt;\&lt;/p&gt;&lt;p&gt; SAN FRANCISCO (Reuters) - A computer hacker accessed names\and Social Security numbers of about 1.4 million Californians\after breaking into a University of California, Berkeley,\computer system in perhaps the worst attack of its kind ever\suffered by the school, officials said on Tuesday.&lt;/p&gt;",65970,hacker hits california university computer san francisco reuters a computer hacker accessed names and social security numbers of about 1 4 million californians after breaking into a university of california berkeley computer system in perhaps the worst attack of its kind ever suffered by the school officials said on tuesday,50,duplicate_train_text
3,"Amgen Net Down, Adjusted Earnings Rise"," NEW YORK (Reuters) - Amgen Inc. &lt;A HREF=""http://www.investor.reuters.com/FullQuote.aspx?ticker=AMGN.O target=/stocks/quickinfo/fullquote""&gt;AMGN.O&lt;/A&gt;, the world's  biggest biotechnology company, on Wednesday said quarterly net  profit fell on acquisition charges, but adjusted earnings rose  21 percent on strong sales of its drugs for anemia and  arthritis.","Amgen Net Down, Adjusted Earnings Rise NEW YORK (Reuters) - Amgen Inc. &lt;A HREF=""http://www.investor.reuters.com/FullQuote.aspx?ticker=AMGN.O target=/stocks/quickinfo/fullquote""&gt;AMGN.O&lt;/A&gt;, the world's  biggest biotechnology company, on Wednesday said quarterly net  profit fell on acquisition charges, but adjusted earnings rose  21 percent on strong sales of its drugs for anemia and  arthritis.",66609,amgen net down adjusted earnings rise new york reuters amgen inc amgn o the world's biggest biotechnology company on wednesday said quarterly net profit fell on acquisition charges but adjusted earnings rose 21 percent on strong sales of its drugs for anemia and arthritis,44,duplicate_train_text
3,Citigroup ousts three after banking scandal,"Citigroup Inc., the financial services giant, said yesterday that it was removing three senior executives in the wake of a banking scandal in Japan.","Citigroup ousts three after banking scandal Citigroup Inc., the financial services giant, said yesterday that it was removing three senior executives in the wake of a banking scandal in Japan.",67022,citigroup ousts three after banking scandal citigroup inc the financial services giant said yesterday that it was removing three senior executives in the wake of a banking scandal in japan,30,duplicate_train_text
4,Review: Local PC Search Not Perfect (AP),"AP - If you want to find a needle of information in the seemingly endless haystack that is the Web, just punch a few words into your favorite Internet search engine. But if you want to pull up a file from your PC's hard drive, good luck.","Review: Local PC Search Not Perfect (AP) AP - If you want to find a needle of information in the seemingly endless haystack that is the Web, just punch a few words into your favorite Internet search engine. But if you want to pull up a file from your PC's hard drive, good luck.",68708,review local pc search not perfect ap ap if you want to find a needle of information in the seemingly endless haystack that is the web just punch a few words into your favorite internet search engine but if you want to pull up a file from your pc's hard drive good luck,53,duplicate_train_text
4,Biotech Bug Busters Try to Save Venezuela Art Works (Reuters),"Reuters - Biotechnology is meeting art\in Venezuela as scientists try to save the country's art\treasures from being ruined by its tropical insects, fungi and\humidity.","Biotech Bug Busters Try to Save Venezuela Art Works (Reuters) Reuters - Biotechnology is meeting art\in Venezuela as scientists try to save the country's art\treasures from being ruined by its tropical insects, fungi and\humidity.",69381,biotech bug busters try to save venezuela art works reuters reuters biotechnology is meeting art in venezuela as scientists try to save the country's art treasures from being ruined by its tropical insects fungi and humidity,36,duplicate_train_text
2,Boston Hopes to Make Believers Out of Skeptics," BOSTON (Reuters) - The Boston Red Sox created history, now  they will try to make believers out of skeptics as baseball's  perennial also-rans take on the St. Louis Cardinals in a bid to  earn their first World Series title since 1918.","Boston Hopes to Make Believers Out of Skeptics BOSTON (Reuters) - The Boston Red Sox created history, now  they will try to make believers out of skeptics as baseball's  perennial also-rans take on the St. Louis Cardinals in a bid to  earn their first World Series title since 1918.",69652,boston hopes to make believers out of skeptics boston reuters the boston red sox created history now they will try to make believers out of skeptics as baseball's perennial also rans take on the st louis cardinals in a bid to earn their first world series title since 1918,49,duplicate_train_text
4,Scientists: New Planets May Take Longer,It may take much longer than scientists have thought for violent turbulence to turn grains of space dust into new planets. A NASA telescope recently discovered evidence that ,Scientists: New Planets May Take Longer It may take much longer than scientists have thought for violent turbulence to turn grains of space dust into new planets. A NASA telescope recently discovered evidence that,69882,scientists new planets may take longer it may take much longer than scientists have thought for violent turbulence to turn grains of space dust into new planets a nasa telescope recently discovered evidence that,34,duplicate_train_text
4,NASA says switches may have caused Genesis crash,"Problems with switches aboard NASA #39;s Genesis solar probe may have kept its parachute from opening, which led to the craft #39;s crash-landing in the Utah desert, the US space agency said.","NASA says switches may have caused Genesis crash Problems with switches aboard NASA #39;s Genesis solar probe may have kept its parachute from opening, which led to the craft #39;s crash-landing in the Utah desert, the US space agency said.",69883,nasa says switches may have caused genesis crash problems with switches aboard nasa 39 s genesis solar probe may have kept its parachute from opening which led to the craft 39 s crash landing in the utah desert the us space agency said,43,duplicate_train_text
2,Ohio State Routs Indiana,"COLUMBUS, Ohio (Sports Network) - Troy Smith threw for 161 yards and two touchdowns, leading the Ohio State Buckeyes to a commanding 30-7 victory over the Indiana Hoosiers in Big Ten action from Ohio Stadium.","Ohio State Routs Indiana COLUMBUS, Ohio (Sports Network) - Troy Smith threw for 161 yards and two touchdowns, leading the Ohio State Buckeyes to a commanding 30-7 victory over the Indiana Hoosiers in Big Ten action from Ohio Stadium.",69905,ohio state routs indiana columbus ohio sports network troy smith threw for 161 yards and two touchdowns leading the ohio state buckeyes to a commanding 30 7 victory over the indiana hoosiers in big ten action from ohio stadium,39,duplicate_train_text
4,Ancient baby bird fossil found in China,"The fossil of what may be one of the earliest baby birds has been found in northeast China. The fossil, estimated at 121 million years old, is curled up as though still in its shell.","Ancient baby bird fossil found in China The fossil of what may be one of the earliest baby birds has been found in northeast China. The fossil, estimated at 121 million years old, is curled up as though still in its shell.",71443,ancient baby bird fossil found in china the fossil of what may be one of the earliest baby birds has been found in northeast china the fossil estimated at 121 million years old is curled up as though still in its shell,42,duplicate_train_text
4,Red Hat hit by security-update email scam,Red Hat is warning users that an email purporting to be a security update may contain malicious code. The email - which began appearing last Friday - uses a securityredhat ,Red Hat hit by security-update email scam Red Hat is warning users that an email purporting to be a security update may contain malicious code. The email - which began appearing last Friday - uses a securityredhat,71507,red hat hit by security update email scam red hat is warning users that an email purporting to be a security update may contain malicious code the email which began appearing last friday uses a securityredhat,36,duplicate_train_text
4,'Grand Theft Auto' Seen Breaking Games Sales Record," NEW YORK (Reuters) -  When the violent video game ""Grand  Theft Auto: San Andreas"" hits stores on Tuesday, its sales  could eclipse Hollywood's most successful films, even as it  draws the ire of critics.","'Grand Theft Auto' Seen Breaking Games Sales Record NEW YORK (Reuters) -  When the violent video game ""Grand  Theft Auto: San Andreas"" hits stores on Tuesday, its sales  could eclipse Hollywood's most successful films, even as it  draws the ire of critics.",71814,grand theft auto seen breaking games sales record new york reuters when the violent video game grand theft auto san andreas hits stores on tuesday its sales could eclipse hollywood's most successful films even as it draws the ire of critics,41,duplicate_train_text
3,Flextronics Has Profit; Stock Lower," SAN FRANCISCO (Reuters) - Flextronics International Ltd.,  the No. 1 contract electronics manufacturer, on Monday posted a  quarterly profit helped by strong sales of consumer electronics  equipment, but issued a forecast that fell short of estimates,  sending shares down nearly 8 percent.","Flextronics Has Profit; Stock Lower SAN FRANCISCO (Reuters) - Flextronics International Ltd.,  the No. 1 contract electronics manufacturer, on Monday posted a  quarterly profit helped by strong sales of consumer electronics  equipment, but issued a forecast that fell short of estimates,  sending shares down nearly 8 percent.",72104,flextronics has profit stock lower san francisco reuters flextronics international ltd the no 1 contract electronics manufacturer on monday posted a quarterly profit helped by strong sales of consumer electronics equipment but issued a forecast that fell short of estimates sending shares down nearly 8 percent,46,duplicate_train_text
4,"John Deere, iRobot Team Up to Make Robot (AP)","AP - In a trailblazing pairing of robotics and tractor companies, iRobot and John Deere announced plans Monday to build a 9-foot-long semi-autonomous battlefield vehicle.","John Deere, iRobot Team Up to Make Robot (AP) AP - In a trailblazing pairing of robotics and tractor companies, iRobot and John Deere announced plans Monday to build a 9-foot-long semi-autonomous battlefield vehicle.",72109,john deere irobot team up to make robot ap ap in a trailblazing pairing of robotics and tractor companies irobot and john deere announced plans monday to build a 9 foot long semi autonomous battlefield vehicle,36,duplicate_train_text
4,New Crop of Portable Players Nips at iPod (AP),"AP - Lauren, 11, saunters nonchalantly past a Discovery Channel store and a Gymboree clothing store at the mall. Then suddenly, the girl's eyes light up and she pulls her mother into an Apple Computer Inc. retail shop.","New Crop of Portable Players Nips at iPod (AP) AP - Lauren, 11, saunters nonchalantly past a Discovery Channel store and a Gymboree clothing store at the mall. Then suddenly, the girl's eyes light up and she pulls her mother into an Apple Computer Inc. retail shop.",72254,new crop of portable players nips at ipod ap ap lauren 11 saunters nonchalantly past a discovery channel store and a gymboree clothing store at the mall then suddenly the girl's eyes light up and she pulls her mother into an apple computer inc retail shop,46,duplicate_train_text
2,Fish Beats Hernych at St. Petersburg,"Olympic silver medalist Mardy Fish beat Jan Hernych of the Czech Republic 6-2, 6-4 Monday to reach the second round of the St. Petersburg Open.","Fish Beats Hernych at St. Petersburg Olympic silver medalist Mardy Fish beat Jan Hernych of the Czech Republic 6-2, 6-4 Monday to reach the second round of the St. Petersburg Open.",73021,fish beats hernych at st petersburg olympic silver medalist mardy fish beat jan hernych of the czech republic 6 2 6 4 monday to reach the second round of the st petersburg open,33,duplicate_train_text
4,PluggedIn: the OQO Is Not Just Another Handheld Device," SAN FRANCISCO (Reuters) - A full-fledged Windows XP  computer that's a fraction of the size of a laptop seems like  the answer to the digerati's prayers, but the praise greeting  the OQO Model 01 has been decidedly muted.","PluggedIn: the OQO Is Not Just Another Handheld Device SAN FRANCISCO (Reuters) - A full-fledged Windows XP  computer that's a fraction of the size of a laptop seems like  the answer to the digerati's prayers, but the praise greeting  the OQO Model 01 has been decidedly muted.",73600,pluggedin the oqo is not just another handheld device san francisco reuters a full fledged windows xp computer that's a fraction of the size of a laptop seems like the answer to the digerati's prayers but the praise greeting the oqo model 01 has been decidedly muted,47,duplicate_train_text
3,Lockheed Martin Profit Jumps 41 in Quarter, Lockheed Martin Corp. yesterday reported a 41 percent increase in profit during its third quarter as fighter jet and information technology demand continued to drive growth.,Lockheed Martin Profit Jumps 41 in Quarter Lockheed Martin Corp. yesterday reported a 41 percent increase in profit during its third quarter as fighter jet and information technology demand continued to drive growth.,73971,lockheed martin profit jumps 41 in quarter lockheed martin corp yesterday reported a 41 percent increase in profit during its third quarter as fighter jet and information technology demand continued to drive growth,33,duplicate_train_text
4,Review: a Flat Panel That's Also Deep (AP),"AP - Three-dimensional movies at home, without the silly glasses, have been a science-fiction dream for at least as long as Dick Tracy's wristwatch cell phone and the household robot.","Review: a Flat Panel That's Also Deep (AP) AP - Three-dimensional movies at home, without the silly glasses, have been a science-fiction dream for at least as long as Dick Tracy's wristwatch cell phone and the household robot.",75196,review a flat panel that's also deep ap ap three dimensional movies at home without the silly glasses have been a science fiction dream for at least as long as dick tracy's wristwatch cell phone and the household robot,39,duplicate_train_text
2,AGASSI ADVANCES,Andre Agassi advanced to the quarter-finals of the Stockholm Open with a comfortable 6-3 6-4 victory over 1997 champion Jonas Bjorkman of Sweden.,AGASSI ADVANCES Andre Agassi advanced to the quarter-finals of the Stockholm Open with a comfortable 6-3 6-4 victory over 1997 champion Jonas Bjorkman of Sweden.,76998,agassi advances andre agassi advanced to the quarter finals of the stockholm open with a comfortable 6 3 6 4 victory over 1997 champion jonas bjorkman of sweden,28,duplicate_train_text
4,Secret Service Busts Cyber Gangs,"The US Secret Service Thursday announced arrests in eight states and six foreign countries of 28 suspected cybercrime gangsters on charges of identity theft, computer fraud, credit-card fraud, and conspiracy.","Secret Service Busts Cyber Gangs The US Secret Service Thursday announced arrests in eight states and six foreign countries of 28 suspected cybercrime gangsters on charges of identity theft, computer fraud, credit-card fraud, and conspiracy.",77496,secret service busts cyber gangs the us secret service thursday announced arrests in eight states and six foreign countries of 28 suspected cybercrime gangsters on charges of identity theft computer fraud credit card fraud and conspiracy,36,duplicate_train_text
4,Voters Checking Out Other Sides #39; Sites,Are right-leaning voters spending all their online time on Rushlimbaugh.com? Are left-leaning voters locked into the like-minded Talkingpointsmemo.,Voters Checking Out Other Sides #39; Sites Are right-leaning voters spending all their online time on Rushlimbaugh.com? Are left-leaning voters locked into the like-minded Talkingpointsmemo.,78596,voters checking out other sides 39 sites are right leaning voters spending all their online time on rushlimbaugh com are left leaning voters locked into the like minded talkingpointsmemo,29,duplicate_train_text
3,"Startup no more, Netflix girds for DVD rental price war",The future suddenly looks shaky for online DVD rental pioneer Netflix Inc. -- a plucky home entertainment upstart that managed to hold its ground after retailing giants Wal-Mart Stores Inc.,"Startup no more, Netflix girds for DVD rental price war The future suddenly looks shaky for online DVD rental pioneer Netflix Inc. -- a plucky home entertainment upstart that managed to hold its ground after retailing giants Wal-Mart Stores Inc.",79404,startup no more netflix girds for dvd rental price war the future suddenly looks shaky for online dvd rental pioneer netflix inc a plucky home entertainment upstart that managed to hold its ground after retailing giants wal mart stores inc,40,duplicate_train_text
4,Study: Firefox still gaining on Internet Explorer,"Alternative Web browsers Mozilla and Firefox experienced another month of growth at the expense of Microsoft #39;s dominant Internet Explorer, according to an online study.","Study: Firefox still gaining on Internet Explorer Alternative Web browsers Mozilla and Firefox experienced another month of growth at the expense of Microsoft #39;s dominant Internet Explorer, according to an online study.",79605,study firefox still gaining on internet explorer alternative web browsers mozilla and firefox experienced another month of growth at the expense of microsoft 39 s dominant internet explorer according to an online study,33,duplicate_train_text
4,Scientists close in on source of cosmic rays,An international team of astronomers believe they have solved a mystery that has been perplexing scientists for 100 years -- the origin of cosmic rays.,Scientists close in on source of cosmic rays An international team of astronomers believe they have solved a mystery that has been perplexing scientists for 100 years -- the origin of cosmic rays.,81757,scientists close in on source of cosmic rays an international team of astronomers believe they have solved a mystery that has been perplexing scientists for 100 years the origin of cosmic rays,32,duplicate_train_text
4,Verizon to Buy NextWave Licenses for \$3 Billion,&lt;p&gt;\&lt;/p&gt;&lt;p&gt; NEW YORK (Reuters) - Verizon Wireless said on Thursday that\it had signed an agreement with NextWave Telecom Inc. to\purchase all of its airwave licenses for \$3 billion.&lt;/p&gt;,Verizon to Buy NextWave Licenses for \$3 Billion &lt;p&gt;\&lt;/p&gt;&lt;p&gt; NEW YORK (Reuters) - Verizon Wireless said on Thursday that\it had signed an agreement with NextWave Telecom Inc. to\purchase all of its airwave licenses for \$3 billion.&lt;/p&gt;,82357,verizon to buy nextwave licenses for 3 billion new york reuters verizon wireless said on thursday that it had signed an agreement with nextwave telecom inc to purchase all of its airwave licenses for 3 billion,36,duplicate_train_text
4,Munch Museum to stay closed well into 2005,Oslo #39;s Munch Museum could remain closed until June 2005 while officials upgrade its security system following a brazen daylight robbery in August of two Edvard Munch masterpieces.,Munch Museum to stay closed well into 2005 Oslo #39;s Munch Museum could remain closed until June 2005 while officials upgrade its security system following a brazen daylight robbery in August of two Edvard Munch masterpieces.,82405,munch museum to stay closed well into 2005 oslo 39 s munch museum could remain closed until june 2005 while officials upgrade its security system following a brazen daylight robbery in august of two edvard munch masterpieces,37,duplicate_train_text
2,Fifth-Ranked Wisconsin Beats Minnesota,"MADISON, Wisconsin (Sports Network) - John Stocco ran for two touchdowns and threw for another score to lead fifth-ranked Wisconsin to a 38-14 win over Minnesota in the Big Ten Conference at Camp Randall Stadium.","Fifth-Ranked Wisconsin Beats Minnesota MADISON, Wisconsin (Sports Network) - John Stocco ran for two touchdowns and threw for another score to lead fifth-ranked Wisconsin to a 38-14 win over Minnesota in the Big Ten Conference at Camp Randall Stadium.",83433,fifth ranked wisconsin beats minnesota madison wisconsin sports network john stocco ran for two touchdowns and threw for another score to lead fifth ranked wisconsin to a 38 14 win over minnesota in the big ten conference at camp randall stadium,41,duplicate_train_text
3,McDonald's Same-Store Sales Rise 6.1 Pct," NEW YORK (Reuters) - McDonald's Corp. &lt;A HREF=""http://www.investor.reuters.com/FullQuote.aspx?ticker=MCD.N target=/stocks/quickinfo/fullquote""&gt;MCD.N&lt;/A&gt; said Monday  that sales at its namesake hamburger restaurants open at least  13 months rose 6.1 percent in October, helped by a popular  Monopoly game promotion in the United States.","McDonald's Same-Store Sales Rise 6.1 Pct NEW YORK (Reuters) - McDonald's Corp. &lt;A HREF=""http://www.investor.reuters.com/FullQuote.aspx?ticker=MCD.N target=/stocks/quickinfo/fullquote""&gt;MCD.N&lt;/A&gt; said Monday  that sales at its namesake hamburger restaurants open at least  13 months rose 6.1 percent in October, helped by a popular  Monopoly game promotion in the United States.",84589,mcdonald's same store sales rise 6 1 pct new york reuters mcdonald's corp mcd n said monday that sales at its namesake hamburger restaurants open at least 13 months rose 6 1 percent in october helped by a popular monopoly game promotion in the united states,46,duplicate_train_text
4,8 EBay Sellers Admit to Phony Bids (AP),"AP - Eight eBay sellers were ordered to pay nearly  #36;90,000 in restitution and fines after admitting they bid up products online to inflate the prices.","8 EBay Sellers Admit to Phony Bids (AP) AP - Eight eBay sellers were ordered to pay nearly  #36;90,000 in restitution and fines after admitting they bid up products online to inflate the prices.",84755,8 ebay sellers admit to phony bids ap ap eight ebay sellers were ordered to pay nearly 36 90 000 in restitution and fines after admitting they bid up products online to inflate the prices,35,duplicate_train_text
2,NBA Wrap: Mavericks Come Back to Beat Golden State,DALLAS (Sports Network) - Dirk Nowitzki scored 25 points and grabbed 10 rebounds as the Dallas Mavericks overcame an early 17-point deficit for a 101-98 overtime victory against Golden State at American Airlines Center.,NBA Wrap: Mavericks Come Back to Beat Golden State DALLAS (Sports Network) - Dirk Nowitzki scored 25 points and grabbed 10 rebounds as the Dallas Mavericks overcame an early 17-point deficit for a 101-98 overtime victory against Golden State at American Airlines Center.,85355,nba wrap mavericks come back to beat golden state dallas sports network dirk nowitzki scored 25 points and grabbed 10 rebounds as the dallas mavericks overcame an early 17 point deficit for a 101 98 overtime victory against golden state at american airlines center,44,duplicate_train_text
4,"Photos: 'Halo 2,' the adventure begins",Thousands of fans wait for hours to pick up the first copies of Microsoft's long-awaited Xbox game sequel.,"Photos: 'Halo 2,' the adventure begins Thousands of fans wait for hours to pick up the first copies of Microsoft's long-awaited Xbox game sequel.",85824,photos halo 2 the adventure begins thousands of fans wait for hours to pick up the first copies of microsoft's long awaited xbox game sequel,25,duplicate_train_text
4,"IBM Plans Web Meeting Service, Takes Aim at WebEx"," NEW YORK (Reuters) - IBM &lt;A HREF=""http://www.reuters.co.uk/financeQuoteLookup.jhtml?ticker=IBM.N qtype=sym infotype=info qcat=news""&gt;IBM.N&lt;/A&gt; plans to offer  Web-conferencing as a hosted Internet service, seeking to reach  small and medium-sized business customers while taking on more  established rivals in the market, the company said on Tuesday.","IBM Plans Web Meeting Service, Takes Aim at WebEx NEW YORK (Reuters) - IBM &lt;A HREF=""http://www.reuters.co.uk/financeQuoteLookup.jhtml?ticker=IBM.N qtype=sym infotype=info qcat=news""&gt;IBM.N&lt;/A&gt; plans to offer  Web-conferencing as a hosted Internet service, seeking to reach  small and medium-sized business customers while taking on more  established rivals in the market, the company said on Tuesday.",86237,ibm plans web meeting service takes aim at webex new york reuters ibm ibm n plans to offer web conferencing as a hosted internet service seeking to reach small and medium sized business customers while taking on more established rivals in the market the company said on tuesday,48,duplicate_train_text
1,Thousands in Kashmir Protest Alleged Rape,Police in Kashmir fired tear gas and used batons Wednesday to disperse thousands of people protesting the alleged rape of a woman and her daughter by soldiers.,Thousands in Kashmir Protest Alleged Rape Police in Kashmir fired tear gas and used batons Wednesday to disperse thousands of people protesting the alleged rape of a woman and her daughter by soldiers.,87769,thousands in kashmir protest alleged rape police in kashmir fired tear gas and used batons wednesday to disperse thousands of people protesting the alleged rape of a woman and her daughter by soldiers,33,duplicate_train_text
3,"Registers ring, stores are listening ","Consumers shrugged off rising energy costs and kept spending in October, boosting retail sales and supporting forecasts of a solid holiday season ahead for retailers.","Registers ring, stores are listening Consumers shrugged off rising energy costs and kept spending in October, boosting retail sales and supporting forecasts of a solid holiday season ahead for retailers.",89615,registers ring stores are listening consumers shrugged off rising energy costs and kept spending in october boosting retail sales and supporting forecasts of a solid holiday season ahead for retailers,30,duplicate_train_text
4,"Vote Fraud Theories, Spread by Blogs, Are Quickly Buried","Some Web logs were swift to provide dark theories about the presidential election, but others were just as quick to debunk them.","Vote Fraud Theories, Spread by Blogs, Are Quickly Buried Some Web logs were swift to provide dark theories about the presidential election, but others were just as quick to debunk them.",89666,vote fraud theories spread by blogs are quickly buried some web logs were swift to provide dark theories about the presidential election but others were just as quick to debunk them,31,duplicate_train_text
4,US to build wireless network for future warfare (AFP),"AFP - The Pentagon, which invented the precursor to the internet 40 years ago, has laid the first connections for a secure, wireless information network that proponents say will fundamentally transform warfare, a US newspaper reported.","US to build wireless network for future warfare (AFP) AFP - The Pentagon, which invented the precursor to the internet 40 years ago, has laid the first connections for a secure, wireless information network that proponents say will fundamentally transform warfare, a US newspaper reported.",89883,us to build wireless network for future warfare afp afp the pentagon which invented the precursor to the internet 40 years ago has laid the first connections for a secure wireless information network that proponents say will fundamentally transform warfare a us newspaper reported,44,duplicate_train_text
2,Top-Ranked USC Beats UCLA to Finished Season Undefeated," LOS ANGELES (Sports Network) - Reggie Bush ran for 204  yards and a pair of long touchdowns as No. 1 Southern  California edged UCLA, 29-24, in a regular season-ending Pac-10  showdown between cross-town rivals at the Rose Bowl.","Top-Ranked USC Beats UCLA to Finished Season Undefeated LOS ANGELES (Sports Network) - Reggie Bush ran for 204  yards and a pair of long touchdowns as No. 1 Southern  California edged UCLA, 29-24, in a regular season-ending Pac-10  showdown between cross-town rivals at the Rose Bowl.",91122,top ranked usc beats ucla to finished season undefeated los angeles sports network reggie bush ran for 204 yards and a pair of long touchdowns as no 1 southern california edged ucla 29 24 in a regular season ending pac 10 showdown between cross town rivals at the rose bowl,50,duplicate_train_text
3,GM to Close Van Factory In Baltimore," General Motors Corp. said yesterday that it will shut its 70-year-old van factory in southeast Baltimore next year, confirming a closure that some 1,100 workers have long expected but that state officials had hoped to stave off.","GM to Close Van Factory In Baltimore General Motors Corp. said yesterday that it will shut its 70-year-old van factory in southeast Baltimore next year, confirming a closure that some 1,100 workers have long expected but that state officials had hoped to stave off.",93255,gm to close van factory in baltimore general motors corp said yesterday that it will shut its 70 year old van factory in southeast baltimore next year confirming a closure that some 1 100 workers have long expected but that state officials had hoped to stave off,47,duplicate_train_text
4,NASA Calls Off Launch of Black Hole-Hunter (AP),"AP - With just hours left in the countdown, NASA called off the launch Wednesday of a spacecraft that will hunt for emerging black holes.","NASA Calls Off Launch of Black Hole-Hunter (AP) AP - With just hours left in the countdown, NASA called off the launch Wednesday of a spacecraft that will hunt for emerging black holes.",94337,nasa calls off launch of black hole hunter ap ap with just hours left in the countdown nasa called off the launch wednesday of a spacecraft that will hunt for emerging black holes,33,duplicate_train_text
3,"Dulles, BWI Consider Security Shift", Officials at Dulles International and Baltimore-Washington International airports said they are considering the replacement of federal airport screeners at security checkpoints with workers employed by private contractors.,"Dulles, BWI Consider Security Shift Officials at Dulles International and Baltimore-Washington International airports said they are considering the replacement of federal airport screeners at security checkpoints with workers employed by private contractors.",94517,dulles bwi consider security shift officials at dulles international and baltimore washington international airports said they are considering the replacement of federal airport screeners at security checkpoints with workers employed by private contractors,33,duplicate_train_text
4,eBay Agrees to Limit Racial Slurs on Auction Site (Reuters),Reuters - Internet auction house eBay Inc.\said on Wednesday it would limit the use of racial slurs after\U.S. city officials complained the offensive terms were being\used to advertise lawn jockeys and other antiques.,eBay Agrees to Limit Racial Slurs on Auction Site (Reuters) Reuters - Internet auction house eBay Inc.\said on Wednesday it would limit the use of racial slurs after\U.S. city officials complained the offensive terms were being\used to advertise lawn jockeys and other antiques.,94646,ebay agrees to limit racial slurs on auction site reuters reuters internet auction house ebay inc said on wednesday it would limit the use of racial slurs after u s city officials complained the offensive terms were being used to advertise lawn jockeys and other antiques,46,duplicate_train_text
4,Duffield: Oracle's skewing facts on stock sales,"PeopleSoft's CEO fires back at rival, saying it's wrong about his stock transactions. Both companies scramble ahead of Friday deadline.","Duffield: Oracle's skewing facts on stock sales PeopleSoft's CEO fires back at rival, saying it's wrong about his stock transactions. Both companies scramble ahead of Friday deadline.",95225,duffield oracle's skewing facts on stock sales peoplesoft's ceo fires back at rival saying it's wrong about his stock transactions both companies scramble ahead of friday deadline,27,duplicate_train_text
4,Let the Handheld Games Begin,It #39;s the fight computer gamers have been waiting for. But the latest duel between wise old master Nintendo and challenger Sony is not taking place on a TV screen.,Let the Handheld Games Begin It #39;s the fight computer gamers have been waiting for. But the latest duel between wise old master Nintendo and challenger Sony is not taking place on a TV screen.,96471,let the handheld games begin it 39 s the fight computer gamers have been waiting for but the latest duel between wise old master nintendo and challenger sony is not taking place on a tv screen,36,duplicate_train_text
2,"Giants Are Wary of Vick, on the Ground or in the Air",The Giants' defense has thought about little else except Atlanta Falcons quarterback Michael Vick this week.,"Giants Are Wary of Vick, on the Ground or in the Air The Giants' defense has thought about little else except Atlanta Falcons quarterback Michael Vick this week.",96845,giants are wary of vick on the ground or in the air the giants defense has thought about little else except atlanta falcons quarterback michael vick this week,28,duplicate_train_text
2,Santa Clara Shocks 4th-Ranked North Carolina," OAKLAND, Calif., (Sports Network) - Travis Niesen scored a  career-high 26 points, Kyle Bailey added 20 and Santa Clara  shocked No. 4 North Carolina with a 77-66 victory in a Pete  Newell Challenge game at The Arena.","Santa Clara Shocks 4th-Ranked North Carolina OAKLAND, Calif., (Sports Network) - Travis Niesen scored a  career-high 26 points, Kyle Bailey added 20 and Santa Clara  shocked No. 4 North Carolina with a 77-66 victory in a Pete  Newell Challenge game at The Arena.",96918,santa clara shocks 4th ranked north carolina oakland calif sports network travis niesen scored a career high 26 points kyle bailey added 20 and santa clara shocked no 4 north carolina with a 77 66 victory in a pete newell challenge game at the arena,45,duplicate_train_text
4,"CA officially taps Swainson for CEO job, delays CA World","Computer Associates today officially announced that John Swainson, an IBM veteran, has been named president and CEO-elect, as well as a member of the CA board.","CA officially taps Swainson for CEO job, delays CA World Computer Associates today officially announced that John Swainson, an IBM veteran, has been named president and CEO-elect, as well as a member of the CA board.",100076,ca officially taps swainson for ceo job delays ca world computer associates today officially announced that john swainson an ibm veteran has been named president and ceo elect as well as a member of the ca board,37,duplicate_train_text
4,Chicago to Sell City-Related Items on EBay (AP),"AP - City officials hope there are people willing to pay plenty of money to own a vintage Playboy Bunny costume, toss green dye into the Chicago River or throw a dinner party prepared by Oprah Winfrey's chef.","Chicago to Sell City-Related Items on EBay (AP) AP - City officials hope there are people willing to pay plenty of money to own a vintage Playboy Bunny costume, toss green dye into the Chicago River or throw a dinner party prepared by Oprah Winfrey's chef.",102090,chicago to sell city related items on ebay ap ap city officials hope there are people willing to pay plenty of money to own a vintage playboy bunny costume toss green dye into the chicago river or throw a dinner party prepared by oprah winfrey's chef,46,duplicate_train_text
2,NBA #39;s Assists Leader Nash Injured Against,"PHOENIX - Phoenix guard Steve Nash, the NBA #39;s assist leader, sustained a concussion Friday night and sat out the second half of the Suns #39; 95-86 victory over New Orleans.","NBA #39;s Assists Leader Nash Injured Against PHOENIX - Phoenix guard Steve Nash, the NBA #39;s assist leader, sustained a concussion Friday night and sat out the second half of the Suns #39; 95-86 victory over New Orleans.",102476,nba 39 s assists leader nash injured against phoenix phoenix guard steve nash the nba 39 s assist leader sustained a concussion friday night and sat out the second half of the suns 39 95 86 victory over new orleans,40,duplicate_train_text
4,Researchers develop 3-D phone technology,"TOKYO - It #39;s an idea that was popularized by Princess Leia #39;s plea for help in Star Wars: sending a 3-D hologram. Now, two Japanese scientists have developed technology they hope will one day turn the humble ","Researchers develop 3-D phone technology TOKYO - It #39;s an idea that was popularized by Princess Leia #39;s plea for help in Star Wars: sending a 3-D hologram. Now, two Japanese scientists have developed technology they hope will one day turn the humble",102803,researchers develop 3 d phone technology tokyo it 39 s an idea that was popularized by princess leia 39 s plea for help in star wars sending a 3 d hologram now two japanese scientists have developed technology they hope will one day turn the humble,46,duplicate_train_text
4,Product Review: MSN's WebTV Grows Up (AP),"AP - During the dot-com boom, people who didn't want to miss out on the Web and e-mail craze but didn't want to buy a real computer could get WebTV, which delivered the Internet through the warm, friendly glow of their TV sets.","Product Review: MSN's WebTV Grows Up (AP) AP - During the dot-com boom, people who didn't want to miss out on the Web and e-mail craze but didn't want to buy a real computer could get WebTV, which delivered the Internet through the warm, friendly glow of their TV sets.",103592,product review msn's webtv grows up ap ap during the dot com boom people who didn't want to miss out on the web and e mail craze but didn't want to buy a real computer could get webtv which delivered the internet through the warm friendly glow of their tv sets,51,duplicate_train_text
2,Falcons Sign Crumpler to Contract Extension," FLOWERY BRANCH, Ga. (Sports Network) - The Atlanta Falcons  Monday signed Pro Bowl tight end Alge Crumpler to a six-year  contract extension.","Falcons Sign Crumpler to Contract Extension FLOWERY BRANCH, Ga. (Sports Network) - The Atlanta Falcons  Monday signed Pro Bowl tight end Alge Crumpler to a six-year  contract extension.",104356,falcons sign crumpler to contract extension flowery branch ga sports network the atlanta falcons monday signed pro bowl tight end alge crumpler to a six year contract extension,28,duplicate_train_text
3,Retailers Seen Posting Modest Nov. Sales (Reuters),"Reuters - U.S. retailers are expected to post\modest November sales this week, with No. 1 retailer Wal-Mart\Stores Inc. already cutting its holiday outlook on high oil\prices and warmer weather.","Retailers Seen Posting Modest Nov. Sales (Reuters) Reuters - U.S. retailers are expected to post\modest November sales this week, with No. 1 retailer Wal-Mart\Stores Inc. already cutting its holiday outlook on high oil\prices and warmer weather.",104770,retailers seen posting modest nov sales reuters reuters u s retailers are expected to post modest november sales this week with no 1 retailer wal mart stores inc already cutting its holiday outlook on high oil prices and warmer weather,40,duplicate_train_text
2,"College Basketball: Kansas, Oklahoma State Win"," LAWRENCE, Kan. (Sports Network) - Wayne Simien scored 14  points with 10 rebounds to lead No. 2 Kansas over Nevada,  85-52, at Allen Fieldhouse.","College Basketball: Kansas, Oklahoma State Win LAWRENCE, Kan. (Sports Network) - Wayne Simien scored 14  points with 10 rebounds to lead No. 2 Kansas over Nevada,  85-52, at Allen Fieldhouse.",104811,college basketball kansas oklahoma state win lawrence kan sports network wayne simien scored 14 points with 10 rebounds to lead no 2 kansas over nevada 85 52 at allen fieldhouse,30,duplicate_train_text
3,FDA Reviewers Mixed Over Two New Cancer Drugs," WASHINGTON (Reuters) - U.S. Food and Drug Administration  staff reviewers on Tuesday questioned clinical data for  non-Hodgkin's lymphoma drug Marqibo, made by Inex  Pharmaceuticals Corp. and Enzon Pharmaceuticals Inc. .","FDA Reviewers Mixed Over Two New Cancer Drugs WASHINGTON (Reuters) - U.S. Food and Drug Administration  staff reviewers on Tuesday questioned clinical data for  non-Hodgkin's lymphoma drug Marqibo, made by Inex  Pharmaceuticals Corp. and Enzon Pharmaceuticals Inc. .",105485,fda reviewers mixed over two new cancer drugs washington reuters u s food and drug administration staff reviewers on tuesday questioned clinical data for non hodgkin's lymphoma drug marqibo made by inex pharmaceuticals corp and enzon pharmaceuticals inc,38,duplicate_train_text
3,US Upholds Tariffs on Shrimp Imports,"The Bush administration on Tuesday upheld the imposition of penalty tariffs on shrimp imports from China and Vietnam, handing a victory to beleaguered US shrimp producers.","US Upholds Tariffs on Shrimp Imports The Bush administration on Tuesday upheld the imposition of penalty tariffs on shrimp imports from China and Vietnam, handing a victory to beleaguered US shrimp producers.",105682,us upholds tariffs on shrimp imports the bush administration on tuesday upheld the imposition of penalty tariffs on shrimp imports from china and vietnam handing a victory to beleaguered us shrimp producers,32,duplicate_train_text
4,HP to launch  #39;virus throttling #39; software,"SAN FRANCISCO--Hewlett-Packard plans to give customers a new weapon against viruses: software that crimps their spread. Early next year, the computer maker will begin selling software designed to slow the ","HP to launch  #39;virus throttling #39; software SAN FRANCISCO--Hewlett-Packard plans to give customers a new weapon against viruses: software that crimps their spread. Early next year, the computer maker will begin selling software designed to slow the",106109,hp to launch 39 virus throttling 39 software san francisco hewlett packard plans to give customers a new weapon against viruses software that crimps their spread early next year the computer maker will begin selling software designed to slow the,40,duplicate_train_text
3,3 Former Kmart Execs Charged with Fraud, WASHINGTON (Reuters) - Three former Kmart executives and  representatives of several major vendors were charged on  Thursday with fraudulently accounting for \$24 million of profit  before the retailer filed for bankruptcy in 2002.,3 Former Kmart Execs Charged with Fraud WASHINGTON (Reuters) - Three former Kmart executives and  representatives of several major vendors were charged on  Thursday with fraudulently accounting for \$24 million of profit  before the retailer filed for bankruptcy in 2002.,107522,3 former kmart execs charged with fraud washington reuters three former kmart executives and representatives of several major vendors were charged on thursday with fraudulently accounting for 24 million of profit before the retailer filed for bankruptcy in 2002,39,duplicate_train_text
4,Apple Launches iTunes Music Store in Canada," SAN FRANCISCO (Reuters) - Apple Computer Inc. on Thursday  launched its iTunes online music store in Canada, the 14th  country in which the popular service is available.","Apple Launches iTunes Music Store in Canada SAN FRANCISCO (Reuters) - Apple Computer Inc. on Thursday  launched its iTunes online music store in Canada, the 14th  country in which the popular service is available.",107599,apple launches itunes music store in canada san francisco reuters apple computer inc on thursday launched its itunes online music store in canada the 14th country in which the popular service is available,33,duplicate_train_text
3,US Construction Spending Down in Nov," WASHINGTON (Reuters) - U.S. construction spending fell  unexpectedly by 0.4 percent in November, as a cooling in  residential construction overpowered a small rise in public  spending, a government report showed on Monday.","US Construction Spending Down in Nov WASHINGTON (Reuters) - U.S. construction spending fell  unexpectedly by 0.4 percent in November, as a cooling in  residential construction overpowered a small rise in public  spending, a government report showed on Monday.",107780,us construction spending down in nov washington reuters u s construction spending fell unexpectedly by 0 4 percent in november as a cooling in residential construction overpowered a small rise in public spending a government report showed on monday,39,duplicate_train_text
3,Tokyo Stocks Climb to a Two-Week High, TOKYO (Reuters) - Tokyo stocks climbed to a two-week high  on Friday after Tokyo Electron Ltd. and other chip-related  stocks were boosted by a bullish revenue outlook from industry  leader Intel Corp.,Tokyo Stocks Climb to a Two-Week High TOKYO (Reuters) - Tokyo stocks climbed to a two-week high  on Friday after Tokyo Electron Ltd. and other chip-related  stocks were boosted by a bullish revenue outlook from industry  leader Intel Corp.,107805,tokyo stocks climb to a two week high tokyo reuters tokyo stocks climbed to a two week high on friday after tokyo electron ltd and other chip related stocks were boosted by a bullish revenue outlook from industry leader intel corp,41,duplicate_train_text
3,Boeing Changes Management in Key Division,"Boeing Co. changed management of its commercial aircraft division yesterday, replacing the head of the sales team after losing several competitions to its European rival Airbus SAS.","Boeing Changes Management in Key Division Boeing Co. changed management of its commercial aircraft division yesterday, replacing the head of the sales team after losing several competitions to its European rival Airbus SAS.",109017,boeing changes management in key division boeing co changed management of its commercial aircraft division yesterday replacing the head of the sales team after losing several competitions to its european rival airbus sas,33,duplicate_train_text
1,N. Irish Deal Stalls Over IRA Arms Pictures," BELFAST, Northern Ireland (Reuters) - A major push to seal  a political settlement for the turbulent British province of  Northern Ireland stalled at the last moment Wednesday over  demands for photographic evidence of IRA guerrillas scrapping  their arms.","N. Irish Deal Stalls Over IRA Arms Pictures BELFAST, Northern Ireland (Reuters) - A major push to seal  a political settlement for the turbulent British province of  Northern Ireland stalled at the last moment Wednesday over  demands for photographic evidence of IRA guerrillas scrapping  their arms.",110152,n irish deal stalls over ira arms pictures belfast northern ireland reuters a major push to seal a political settlement for the turbulent british province of northern ireland stalled at the last moment wednesday over demands for photographic evidence of ira guerrillas scrapping their arms,45,duplicate_train_text
4,EU Wants to Make Internet Safe for Children,The European Union has launched a 45 million euro (\$60 million) plan to protect children from pornography and racist sites when they surf the Internet.,EU Wants to Make Internet Safe for Children The European Union has launched a 45 million euro (\$60 million) plan to protect children from pornography and racist sites when they surf the Internet.,111629,eu wants to make internet safe for children the european union has launched a 45 million euro 60 million plan to protect children from pornography and racist sites when they surf the internet,33,duplicate_train_text
4,Pygmy Chimpanzees on Brink of Extinction -- WWF (Reuters),"Reuters - Pygmy chimpanzees, one of\humanity's closest living relatives, have been pushed to the\brink of extinction in the war-battered Democratic Republic of\Congo, conservation group WWF International said on Thursday.","Pygmy Chimpanzees on Brink of Extinction -- WWF (Reuters) Reuters - Pygmy chimpanzees, one of\humanity's closest living relatives, have been pushed to the\brink of extinction in the war-battered Democratic Republic of\Congo, conservation group WWF International said on Thursday.",111962,pygmy chimpanzees on brink of extinction wwf reuters reuters pygmy chimpanzees one of humanity's closest living relatives have been pushed to the brink of extinction in the war battered democratic republic of congo conservation group wwf international said on thursday,40,duplicate_train_text
4,Microsoft Helps in Bogus Degrees Case,"Some sleuthing by software giant Microsoft Corp. helped track down two brothers who authorities say sold bogus college degrees over the Internet, including an MBA that was issued to a housecat.","Microsoft Helps in Bogus Degrees Case Some sleuthing by software giant Microsoft Corp. helped track down two brothers who authorities say sold bogus college degrees over the Internet, including an MBA that was issued to a housecat.",112283,microsoft helps in bogus degrees case some sleuthing by software giant microsoft corp helped track down two brothers who authorities say sold bogus college degrees over the internet including an mba that was issued to a housecat,37,duplicate_train_text
2,Diamondbacks Keep Busy; Ortiz Heading Home," ANAHEIM, Calif. (Sports Network) - The Arizona Diamondbacks  continued their offseason makeover Friday as they signed free  agent pitcher Russ Ortiz to a four-year contract.","Diamondbacks Keep Busy; Ortiz Heading Home ANAHEIM, Calif. (Sports Network) - The Arizona Diamondbacks  continued their offseason makeover Friday as they signed free  agent pitcher Russ Ortiz to a four-year contract.",113140,diamondbacks keep busy ortiz heading home anaheim calif sports network the arizona diamondbacks continued their offseason makeover friday as they signed free agent pitcher russ ortiz to a four year contract,31,duplicate_train_text
1,Grenade kills two at Colombo Bollywood concert (Reuters),"Reuters - Two people were killed and 11 wounded when a hand grenade was lobbed into the VIP section of the audience at a concert led by Indian film superstar Shah Rukh Khan and two other actors, police said.","Grenade kills two at Colombo Bollywood concert (Reuters) Reuters - Two people were killed and 11 wounded when a hand grenade was lobbed into the VIP section of the audience at a concert led by Indian film superstar Shah Rukh Khan and two other actors, police said.",113513,grenade kills two at colombo bollywood concert reuters reuters two people were killed and 11 wounded when a hand grenade was lobbed into the vip section of the audience at a concert led by indian film superstar shah rukh khan and two other actors police said,46,duplicate_train_text
2,NFL Wrap-Manning Near Record as Colts Beat Texans," NEW YORK (Reuters) - Peyton Manning continued to close in  on the NFL record for single season touchdown passes on Sunday,  firing two TD strikes as the Indianapolis Colts eased past the  Houston Texans 23-14 to clinch the division title.","NFL Wrap-Manning Near Record as Colts Beat Texans NEW YORK (Reuters) - Peyton Manning continued to close in  on the NFL record for single season touchdown passes on Sunday,  firing two TD strikes as the Indianapolis Colts eased past the  Houston Texans 23-14 to clinch the division title.",114141,nfl wrap manning near record as colts beat texans new york reuters peyton manning continued to close in on the nfl record for single season touchdown passes on sunday firing two td strikes as the indianapolis colts eased past the houston texans 23 14 to clinch the division title,49,duplicate_train_text
4,Icelandic Tin Bath Could Give Earthquake Warnings (Reuters),"Reuters - A tin bath on the cliffs of\northern Iceland, where locals take a dip to treat skin\complaints, could help scientists give an early warning of big\earthquakes and save thousands of lives.","Icelandic Tin Bath Could Give Earthquake Warnings (Reuters) Reuters - A tin bath on the cliffs of\northern Iceland, where locals take a dip to treat skin\complaints, could help scientists give an early warning of big\earthquakes and save thousands of lives.",114421,icelandic tin bath could give earthquake warnings reuters reuters a tin bath on the cliffs of northern iceland where locals take a dip to treat skin complaints could help scientists give an early warning of big earthquakes and save thousands of lives,42,duplicate_train_text
4,Photo: XM's portable satellite radio,XM Satellite Radio Holdings introduced a handheld portable version of its satellite radio.,Photo: XM's portable satellite radio XM Satellite Radio Holdings introduced a handheld portable version of its satellite radio.,114940,photo xm's portable satellite radio xm satellite radio holdings introduced a handheld portable version of its satellite radio,18,duplicate_train_text
4,Apple #39;s iTunes now accepting PayPal,"Customers at Apple Computer #39;s iTunes store will now be able to pay for their songs, albums and gift certificates using PayPal, a virtual-wallet technology owned by eBay.","Apple #39;s iTunes now accepting PayPal Customers at Apple Computer #39;s iTunes store will now be able to pay for their songs, albums and gift certificates using PayPal, a virtual-wallet technology owned by eBay.",115239,apple 39 s itunes now accepting paypal customers at apple computer 39 s itunes store will now be able to pay for their songs albums and gift certificates using paypal a virtual wallet technology owned by ebay,37,duplicate_train_text
3,Oil Futures Rise on Signs of Cold Winter,"Crude oil futures moved upward Wednesday, as the northeastern United States _ a heavy consumer of heating oil _ felt the first signs of what could likely be a colder-than-expected winter.","Oil Futures Rise on Signs of Cold Winter Crude oil futures moved upward Wednesday, as the northeastern United States _ a heavy consumer of heating oil _ felt the first signs of what could likely be a colder-than-expected winter.",116662,oil futures rise on signs of cold winter crude oil futures moved upward wednesday as the northeastern united states a heavy consumer of heating oil felt the first signs of what could likely be a colder than expected winter,39,duplicate_train_text
3,Mortgage Applications Fell Last Week-MBA," NEW YORK (Reuters) - Applications for U.S. home mortgages  declined last week as refinancing activity fell and mortgage  rates were little changed, an industry group said on Wednesday.","Mortgage Applications Fell Last Week-MBA NEW YORK (Reuters) - Applications for U.S. home mortgages  declined last week as refinancing activity fell and mortgage  rates were little changed, an industry group said on Wednesday.",116678,mortgage applications fell last week mba new york reuters applications for u s home mortgages declined last week as refinancing activity fell and mortgage rates were little changed an industry group said on wednesday,34,duplicate_train_text
4,"Nintendo to Bring Music, Video to DS Game Machine","&lt;p&gt;\&lt;/p&gt;&lt;p&gt; TOKYO (Reuters) - Nintendo Co. will begin selling an\adaptor for its DS and Game Boy Advance handheld game players\to allow them to play music and video, the company said,\matching a popular feature on Sony's portable game machine.&lt;/p&gt;","Nintendo to Bring Music, Video to DS Game Machine &lt;p&gt;\&lt;/p&gt;&lt;p&gt; TOKYO (Reuters) - Nintendo Co. will begin selling an\adaptor for its DS and Game Boy Advance handheld game players\to allow them to play music and video, the company said,\matching a popular feature on Sony's portable game machine.&lt;/p&gt;",117080,nintendo to bring music video to ds game machine tokyo reuters nintendo co will begin selling an adaptor for its ds and game boy advance handheld game players to allow them to play music and video the company said matching a popular feature on sony's portable game machine,48,duplicate_train_text
4,NASA spacecraft tracks global air pollution,"A NASA spacecraft has begun the first-ever daily tracking of how air pollution moves across the globe, a scientist at NASA #39;s Jet Propulsion Laboratory said on Wednesday.","NASA spacecraft tracks global air pollution A NASA spacecraft has begun the first-ever daily tracking of how air pollution moves across the globe, a scientist at NASA #39;s Jet Propulsion Laboratory said on Wednesday.",118641,nasa spacecraft tracks global air pollution a nasa spacecraft has begun the first ever daily tracking of how air pollution moves across the globe a scientist at nasa 39 s jet propulsion laboratory said on wednesday,36,duplicate_train_text
3,"US Airways, Flight Attendants Closer to Deal"," The lead negotiators for US Airways flight attendants reached a tentative agreement on a new contract that will save the carrier about \$94 million a year, officials from both sides said yesterday.","US Airways, Flight Attendants Closer to Deal The lead negotiators for US Airways flight attendants reached a tentative agreement on a new contract that will save the carrier about \$94 million a year, officials from both sides said yesterday.",118679,us airways flight attendants closer to deal the lead negotiators for us airways flight attendants reached a tentative agreement on a new contract that will save the carrier about 94 million a year officials from both sides said yesterday,39,duplicate_train_text
3,Lilly Warns Doctors on Strattera Use,The drug maker Eli Lilly  amp; Co. said Friday it is warning doctors to stop using its attention deficit disorder drug Strattera in patients with jaundice or laboratory evidence of liver injury.,Lilly Warns Doctors on Strattera Use The drug maker Eli Lilly  amp; Co. said Friday it is warning doctors to stop using its attention deficit disorder drug Strattera in patients with jaundice or laboratory evidence of liver injury.,119220,lilly warns doctors on strattera use the drug maker eli lilly amp co said friday it is warning doctors to stop using its attention deficit disorder drug strattera in patients with jaundice or laboratory evidence of liver injury,38,duplicate_train_text
2,China Sighs in Relief as Yao Scores High, BEIJING (Reuters) - China breathed a measured sigh of  relief after the skills of its basketball giant Yao Ming  dwarfed New Zealand to sweep his team nearer to their goal of  reaching the Athens Olympics semi-finals.,China Sighs in Relief as Yao Scores High BEIJING (Reuters) - China breathed a measured sigh of  relief after the skills of its basketball giant Yao Ming  dwarfed New Zealand to sweep his team nearer to their goal of  reaching the Athens Olympics semi-finals.,2279,china sighs in relief as yao scores high beijing reuters china breathed a measured sigh of relief after the skills of its basketball giant yao ming dwarfed new zealand to sweep his team nearer to their goal of reaching the athens olympics semi finals,44,overlap_with_test
4,Life without numbers in a unique Amazon tribe,"11=2. Mathematics doesn #39;t get any more basic than this, but even 11 would stump the brightest minds among the Piraha tribe of the Amazon.","Life without numbers in a unique Amazon tribe 11=2. Mathematics doesn #39;t get any more basic than this, but even 11 would stump the brightest minds among the Piraha tribe of the Amazon.",5871,life without numbers in a unique amazon tribe 11 2 mathematics doesn 39 t get any more basic than this but even 11 would stump the brightest minds among the piraha tribe of the amazon,35,overlap_with_test
4,RealNetworks Ends Download 49-Cent Promo," SEATTLE (Reuters) - RealNetworks Inc. &lt;A HREF=""http://www.reuters.co.uk/financeQuoteLookup.jhtml?ticker=RNWK.O qtype=sym infotype=info qcat=news""&gt;RNWK.O&lt;/A&gt; is ending  its 49 cent-per-song music download service but will keep the  promotional prices in place for top 10 songs, the Internet  media and software company said on Thursday.","RealNetworks Ends Download 49-Cent Promo SEATTLE (Reuters) - RealNetworks Inc. &lt;A HREF=""http://www.reuters.co.uk/financeQuoteLookup.jhtml?ticker=RNWK.O qtype=sym infotype=info qcat=news""&gt;RNWK.O&lt;/A&gt; is ending  its 49 cent-per-song music download service but will keep the  promotional prices in place for top 10 songs, the Internet  media and software company said on Thursday.",22987,realnetworks ends download 49 cent promo seattle reuters realnetworks inc rnwk o is ending its 49 cent per song music download service but will keep the promotional prices in place for top 10 songs the internet media and software company said on thursday,43,overlap_with_test
4,IBM delivers Power-based servers with Linux,"IBM will push its Power5 line of servers down into the low end of the market, taking Linux with it, when it unwraps an aggressively priced series of Linux-only systems on Monday that will go up against the offerings of Sun Microsystems and Hewlett-Packard.","IBM delivers Power-based servers with Linux IBM will push its Power5 line of servers down into the low end of the market, taking Linux with it, when it unwraps an aggressively priced series of Linux-only systems on Monday that will go up against the offerings of Sun Microsystems and Hewlett-Packard.",25726,ibm delivers power based servers with linux ibm will push its power5 line of servers down into the low end of the market taking linux with it when it unwraps an aggressively priced series of linux only systems on monday that will go up against the offerings of sun microsystems and hewlett packard,53,overlap_with_test
1,Stern to Join Sirius Satellite Radio,"NEW YORK - Howard Stern has long had two words for the Federal Communications Commission - and in 15 months, he can finally utter them on the air. The self-proclaimed ""King of All Media,"" perhaps the most influential radio voice of the last 20 years, is shifting his salacious act to satellite radio and freeing himself from the increasingly harsh glare of federal regulators...","Stern to Join Sirius Satellite Radio NEW YORK - Howard Stern has long had two words for the Federal Communications Commission - and in 15 months, he can finally utter them on the air. The self-proclaimed ""King of All Media,"" perhaps the most influential radio voice of the last 20 years, is shifting his salacious act to satellite radio and freeing himself from the increasingly harsh glare of federal regulators...",52294,stern to join sirius satellite radio new york howard stern has long had two words for the federal communications commission and in 15 months he can finally utter them on the air the self proclaimed king of all media perhaps the most influential radio voice of the last 20 years is shifting his salacious act to satellite radio and freeing himself from the increasingly harsh glare of federal regulators,69,overlap_with_test
2,Boston Marathon Champ Johnny Kelley Dies,"Johnny Kelley, a two-time Boston Marathon champion who became a beloved figure in the history of the race by running it a record 61 times, died at 97.","Boston Marathon Champ Johnny Kelley Dies Johnny Kelley, a two-time Boston Marathon champion who became a beloved figure in the history of the race by running it a record 61 times, died at 97.",53272,boston marathon champ johnny kelley dies johnny kelley a two time boston marathon champion who became a beloved figure in the history of the race by running it a record 61 times died at 97,35,overlap_with_test
4,"In the E.R., Learning to Love the PC",The keyboard is mightier than the whiteboard at an emergency room in the Bronx where the use of computers is now a staple.,"In the E.R., Learning to Love the PC The keyboard is mightier than the whiteboard at an emergency room in the Bronx where the use of computers is now a staple.",66567,in the e r learning to love the pc the keyboard is mightier than the whiteboard at an emergency room in the bronx where the use of computers is now a staple,32,overlap_with_test
4,"China Closes 1,600 Internet Cafes In Crackdown","China shut 1,600 Internet cafes between February and August and imposed \$12.1 million worth of fines for allowing children to play violent or adult-only games and other violations, state media said.","China Closes 1,600 Internet Cafes In Crackdown China shut 1,600 Internet cafes between February and August and imposed \$12.1 million worth of fines for allowing children to play violent or adult-only games and other violations, state media said.",78392,china closes 1 600 internet cafes in crackdown china shut 1 600 internet cafes between february and august and imposed 12 1 million worth of fines for allowing children to play violent or adult only games and other violations state media said,42,overlap_with_test
3,"La. seeks new bridge, elevated highway","If you think oil is expensive now, just imagine if Hurricane Ivan had swung west and come ashore at this bustling oil and gas port at the southernmost point of Louisiana.","La. seeks new bridge, elevated highway If you think oil is expensive now, just imagine if Hurricane Ivan had swung west and come ashore at this bustling oil and gas port at the southernmost point of Louisiana.",79624,la seeks new bridge elevated highway if you think oil is expensive now just imagine if hurricane ivan had swung west and come ashore at this bustling oil and gas port at the southernmost point of louisiana,37,overlap_with_test
4,Germans Use Nokia Phones In Wireless Ticket Trial,"The world #39;s top mobile phone maker Nokia said on Tuesday its phones would be used in a project to test wireless public transport fares in Hanau, near Frankfurt in Germany, beginning early next year.","Germans Use Nokia Phones In Wireless Ticket Trial The world #39;s top mobile phone maker Nokia said on Tuesday its phones would be used in a project to test wireless public transport fares in Hanau, near Frankfurt in Germany, beginning early next year.",79938,germans use nokia phones in wireless ticket trial the world 39 s top mobile phone maker nokia said on tuesday its phones would be used in a project to test wireless public transport fares in hanau near frankfurt in germany beginning early next year,44,overlap_with_test
4,Action Game 'Halo 2' Sold Early on eBay (AP),"AP - Advance copies of the aliens-versus-space marines video game ""Halo 2"" have already fetched as much as  #36;265 on Internet auction site eBay, days before the official launch.","Action Game 'Halo 2' Sold Early on eBay (AP) AP - Advance copies of the aliens-versus-space marines video game ""Halo 2"" have already fetched as much as  #36;265 on Internet auction site eBay, days before the official launch.",83489,action game halo 2 sold early on ebay ap ap advance copies of the aliens versus space marines video game halo 2 have already fetched as much as 36 265 on internet auction site ebay days before the official launch,40,overlap_with_test
3,SEC Charges Hollinger's Black with Fraud," WASHINGTON (Reuters) - U.S. regulators filed fraud charges  on Monday against former Hollinger International Inc. &lt;A HREF=""http://www.investor.reuters.com/FullQuote.aspx?ticker=HLR.N target=/stocks/quickinfo/fullquote""&gt;HLR.N&lt;/A&gt;  Chairman Conrad Black and his deputy, David Radler, moving to  bar the two from serving as officers of a public company.","SEC Charges Hollinger's Black with Fraud WASHINGTON (Reuters) - U.S. regulators filed fraud charges  on Monday against former Hollinger International Inc. &lt;A HREF=""http://www.investor.reuters.com/FullQuote.aspx?ticker=HLR.N target=/stocks/quickinfo/fullquote""&gt;HLR.N&lt;/A&gt;  Chairman Conrad Black and his deputy, David Radler, moving to  bar the two from serving as officers of a public company.",91434,sec charges hollinger's black with fraud washington reuters u s regulators filed fraud charges on monday against former hollinger international inc hlr n chairman conrad black and his deputy david radler moving to bar the two from serving as officers of a public company,44,overlap_with_test
4,Swedes Beam Poetry Into Outer Space (Reuters),Reuters - Swedish poets have broadcast their\work into outer space by radio to give alien life forms -- if\they exist -- a taste of earthling literature.,Swedes Beam Poetry Into Outer Space (Reuters) Reuters - Swedish poets have broadcast their\work into outer space by radio to give alien life forms -- if\they exist -- a taste of earthling literature.,93762,swedes beam poetry into outer space reuters reuters swedish poets have broadcast their work into outer space by radio to give alien life forms if they exist a taste of earthling literature,32,overlap_with_test
3,SBC Gives Microsoft \$400 Mln Internet TV Deal," WASHINGTON (Reuters) - SBC Communications &lt;A HREF=""http://www.investor.reuters.com/FullQuote.aspx?ticker=SBC.N target=/stocks/quickinfo/fullquote""&gt;SBC.N&lt;/A&gt; will use  Microsoft Corp. &lt;A HREF=""http://www.investor.reuters.com/FullQuote.aspx?ticker=MSFT.O target=/stocks/quickinfo/fullquote""&gt;MSFT.O&lt;/A&gt; technology to launch video services  over upgraded high-speed data lines, the companies said  Wednesday.","SBC Gives Microsoft \$400 Mln Internet TV Deal WASHINGTON (Reuters) - SBC Communications &lt;A HREF=""http://www.investor.reuters.com/FullQuote.aspx?ticker=SBC.N target=/stocks/quickinfo/fullquote""&gt;SBC.N&lt;/A&gt; will use  Microsoft Corp. &lt;A HREF=""http://www.investor.reuters.com/FullQuote.aspx?ticker=MSFT.O target=/stocks/quickinfo/fullquote""&gt;MSFT.O&lt;/A&gt; technology to launch video services  over upgraded high-speed data lines, the companies said  Wednesday.",93829,sbc gives microsoft 400 mln internet tv deal washington reuters sbc communications sbc n will use microsoft corp msft o technology to launch video services over upgraded high speed data lines the companies said wednesday,35,overlap_with_test
2,Arsenal Loses Again in Premier League,Arsenal dropped five points behind Chelsea in the English Premier League on Sunday after losing 2-1 to Liverpool on an injury-time goal by Neil Mellor.,Arsenal Loses Again in Premier League Arsenal dropped five points behind Chelsea in the English Premier League on Sunday after losing 2-1 to Liverpool on an injury-time goal by Neil Mellor.,103350,arsenal loses again in premier league arsenal dropped five points behind chelsea in the english premier league on sunday after losing 2 1 to liverpool on an injury time goal by neil mellor,33,overlap_with_test
3,Oil Down 3 Pct as U.S. Winter Stays Mild, NEW YORK (Reuters) - Oil prices slid 3 percent on Monday on  expectations that more mild U.S. weather at the start of the  New Year will limit heating oil demand.,Oil Down 3 Pct as U.S. Winter Stays Mild NEW YORK (Reuters) - Oil prices slid 3 percent on Monday on  expectations that more mild U.S. weather at the start of the  New Year will limit heating oil demand.,104611,oil down 3 pct as u s winter stays mild new york reuters oil prices slid 3 percent on monday on expectations that more mild u s weather at the start of the new year will limit heating oil demand,40,overlap_with_test
3,Bad Day for Drug Companies and Patients," LONDON (Reuters) - Investors in pharmaceuticals were dealt  a triple whammy on Friday as Pfizer Inc, AstraZeneca Plc and  Eli Lilly and Co all shocked the market with bad news about key  products.","Bad Day for Drug Companies and Patients LONDON (Reuters) - Investors in pharmaceuticals were dealt  a triple whammy on Friday as Pfizer Inc, AstraZeneca Plc and  Eli Lilly and Co all shocked the market with bad news about key  products.",119202,bad day for drug companies and patients london reuters investors in pharmaceuticals were dealt a triple whammy on friday as pfizer inc astrazeneca plc and eli lilly and co all shocked the market with bad news about key products,39,overlap_with_test
