round,query_position,us,label
0,10,71.667,Flat
0,33,55.542,Flat
0,24,60.292,Flat
0,5,55.167,Flat
0,29,58.75,Flat
0,19,56.625,Flat
0,7,57.125,Flat
0,20,56.459,Flat
0,28,56.625,Flat
0,18,57.791,Flat
0,23,59.708,Flat
0,30,58.333,Flat
0,22,58.084,Flat
0,6,55.5,Flat
0,25,58.667,Flat
0,16,56.5,Flat
0,9,68.875,Flat
0,26,60.083,Flat
0,3,59.334,Flat
0,0,58.917,Flat
0,15,56.667,Flat
0,17,57.834,Flat
0,27,55.667,Flat
0,12,57.417,Flat
0,21,68.458,Flat
0,11,57.083,Flat
0,14,57.333,Flat
0,32,58.375,Flat
0,2,56.75,Flat
0,4,57.625,Flat
0,31,58.375,Flat
0,1,59.541,Flat
0,13,65.166,Flat
0,8,57.75,Flat
1,33,56.375,Flat
1,10,55.833,Flat
1,18,58.542,Flat
1,26,59.084,Flat
1,7,56.417,Flat
1,17,57.041,Flat
1,25,58.333,Flat
1,12,57.0,Flat
1,8,64.542,Flat
1,6,55.75,Flat
1,22,62.959,Flat
1,5,56.083,Flat
1,1,58.917,Flat
1,27,55.625,Flat
1,32,57.917,Flat
1,21,60.167,Flat
1,3,59.625,Flat
1,20,58.083,Flat
1,14,57.209,Flat
1,19,57.833,Flat
1,11,57.0,Flat
1,2,56.084,Flat
1,0,59.125,Flat
1,24,60.625,Flat
1,29,59.166,Flat
1,4,71.125,Flat
1,30,58.459,Flat
1,15,55.792,Flat
1,16,56.209,Flat
1,23,60.458,Flat
1,28,56.542,Flat
1,13,57.167,Flat
1,9,56.5,Flat
1,31,57.792,Flat
2,15,56.5,Flat
2,16,63.75,Flat
2,2,55.75,Flat
2,25,57.75,Flat
2,8,56.875,Flat
2,23,59.5,Flat
2,6,55.0,Flat
2,26,59.125,Flat
2,4,56.5,Flat
2,9,55.916,Flat
2,12,57.125,Flat
2,19,57.083,Flat
2,14,57.042,Flat
2,18,57.791,Flat
2,13,56.958,Flat
2,11,56.875,Flat
2,33,55.5,Flat
2,3,59.291,Flat
2,7,69.5,Flat
2,5,54.958,Flat
2,24,60.291,Flat
2,17,56.875,Flat
2,0,57.833,Flat
2,22,57.666,Flat
2,30,58.041,Flat
2,27,55.75,Flat
2,28,57.0,Flat
2,10,55.875,Flat
2,20,55.75,Flat
2,21,60.334,Flat
2,29,59.042,Flat
2,32,58.083,Flat
2,31,57.709,Flat
2,1,58.5,Flat
3,4,57.458,Flat
3,0,57.542,Flat
3,11,57.375,Flat
3,6,54.625,Flat
3,31,57.334,Flat
3,20,55.625,Flat
3,8,56.084,Flat
3,2,55.791,Flat
3,32,57.167,Flat
3,25,57.375,Flat
3,13,63.959,Flat
3,21,59.583,Flat
3,30,57.709,Flat
3,15,55.5,Flat
3,33,55.5,Flat
3,28,56.417,Flat
3,3,59.0,Flat
3,5,54.125,Flat
3,16,55.75,Flat
3,9,55.333,Flat
3,17,57.0,Flat
3,1,58.167,Flat
3,27,55.417,Flat
3,22,57.959,Flat
3,7,56.041,Flat
3,29,58.708,Flat
3,24,59.584,Flat
3,12,56.625,Flat
3,23,71.916,Flat
3,14,63.0,Flat
3,18,57.959,Flat
3,10,55.75,Flat
3,19,56.709,Flat
3,26,58.834,Flat
4,31,58.417,Flat
4,6,54.916,Flat
4,7,55.375,Flat
4,13,64.25,Flat
4,28,56.333,Flat
4,25,57.458,Flat
4,5,54.125,Flat
4,23,59.417,Flat
4,8,56.333,Flat
4,15,55.583,Flat
4,29,57.875,Flat
4,3,59.292,Flat
4,1,58.084,Flat
4,32,57.833,Flat
4,30,57.75,Flat
4,0,57.75,Flat
4,4,56.417,Flat
4,19,56.625,Flat
4,16,55.584,Flat
4,18,57.292,Flat
4,9,62.5,Flat
4,2,55.583,Flat
4,20,55.167,Flat
4,27,55.75,Flat
4,22,58.334,Flat
4,11,56.917,Flat
4,17,57.041,Flat
4,10,55.625,Flat
4,33,55.333,Flat
4,24,59.292,Flat
4,12,56.875,Flat
4,14,56.708,Flat
4,21,59.292,Flat
4,26,58.583,Flat
5,6,55.041,Flat
5,33,55.209,Flat
5,7,55.625,Flat
5,32,64.667,Flat
5,26,58.416,Flat
5,22,57.666,Flat
5,24,59.208,Flat
5,15,55.5,Flat
5,30,57.75,Flat
5,31,57.833,Flat
5,23,58.916,Flat
5,20,55.0,Flat
5,14,64.25,Flat
5,18,57.625,Flat
5,11,56.625,Flat
5,12,56.417,Flat
5,2,55.541,Flat
5,25,57.708,Flat
5,10,55.708,Flat
5,9,55.083,Flat
5,21,59.167,Flat
5,17,57.208,Flat
5,4,56.25,Flat
5,16,75.708,Flat
5,1,57.875,Flat
5,29,58.542,Flat
5,3,59.125,Flat
5,0,57.709,Flat
5,19,64.0,Flat
5,28,56.792,Flat
5,8,56.291,Flat
5,27,55.917,Flat
5,5,54.166,Flat
5,13,56.5,Flat
6,33,55.791,Flat
6,21,58.584,Flat
6,6,54.417,Flat
6,3,58.416,Flat
6,25,65.458,Flat
6,19,56.792,Flat
6,29,58.375,Flat
6,23,59.25,Flat
6,9,64.167,Flat
6,11,57.041,Flat
6,8,56.25,Flat
6,27,55.584,Flat
6,28,56.334,Flat
6,10,55.5,Flat
6,4,56.042,Flat
6,18,57.75,Flat
6,7,55.375,Flat
6,1,57.708,Flat
6,0,57.416,Flat
6,15,55.459,Flat
6,20,55.416,Flat
6,32,57.667,Flat
6,16,63.042,Flat
6,12,59.708,Flat
6,26,58.125,Flat
6,24,59.291,Flat
6,17,56.792,Flat
6,22,57.917,Flat
6,5,54.291,Flat
6,30,58.5,Flat
6,2,55.875,Flat
6,31,57.5,Flat
6,14,56.875,Flat
6,13,56.458,Flat
7,20,55.667,Flat
7,16,55.917,Flat
7,2,55.167,Flat
7,12,56.416,Flat
7,29,58.708,Flat
7,10,55.458,Flat
7,22,57.708,Flat
7,4,55.917,Flat
7,0,57.667,Flat
7,23,59.25,Flat
7,19,56.75,Flat
7,33,55.292,Flat
7,15,55.333,Flat
7,26,58.375,Flat
7,28,56.5,Flat
7,18,64.875,Flat
7,24,59.416,Flat
7,3,58.417,Flat
7,8,62.791,Flat
7,11,56.583,Flat
7,7,55.667,Flat
7,5,54.625,Flat
7,1,58.083,Flat
7,32,57.584,Flat
7,27,55.583,Flat
7,17,56.708,Flat
7,9,54.833,Flat
7,25,57.916,Flat
7,13,56.75,Flat
7,21,58.959,Flat
7,30,58.084,Flat
7,31,57.625,Flat
7,6,61.792,Flat
7,14,57.333,Flat
8,16,56.25,Flat
8,8,56.042,Flat
8,33,55.125,Flat
8,25,57.125,Flat
8,18,57.417,Flat
8,26,57.834,Flat
8,32,57.375,Flat
8,11,56.667,Flat
8,27,55.5,Flat
8,7,63.167,Flat
8,15,55.75,Flat
8,1,57.167,Flat
8,22,57.584,Flat
8,28,63.75,Flat
8,19,56.708,Flat
8,23,59.042,Flat
8,0,57.25,Flat
8,24,58.792,Flat
8,29,58.417,Flat
8,2,55.584,Flat
8,31,57.375,Flat
8,5,54.041,Flat
8,4,56.292,Flat
8,10,55.583,Flat
8,6,54.708,Flat
8,17,56.625,Flat
8,30,65.083,Flat
8,13,57.0,Flat
8,3,58.875,Flat
8,14,56.708,Flat
8,12,56.541,Flat
8,20,55.25,Flat
8,21,58.833,Flat
8,9,55.041,Flat
9,30,57.917,Flat
9,6,54.291,Flat
9,28,56.292,Flat
9,7,63.209,Flat
9,10,55.625,Flat
9,24,58.666,Flat
9,13,56.375,Flat
9,14,56.75,Flat
9,33,55.666,Flat
9,25,57.375,Flat
9,0,57.541,Flat
9,19,56.792,Flat
9,4,56.0,Flat
9,12,58.666,Flat
9,5,54.291,Flat
9,9,54.833,Flat
9,11,56.791,Flat
9,3,58.792,Flat
9,16,55.791,Flat
9,26,65.75,Flat
9,20,55.458,Flat
9,29,62.792,Flat
9,2,55.417,Flat
9,22,57.791,Flat
9,27,55.625,Flat
9,23,59.166,Flat
9,1,58.292,Flat
9,15,55.875,Flat
9,8,56.208,Flat
9,17,56.959,Flat
9,31,57.209,Flat
9,32,57.417,Flat
9,18,57.334,Flat
9,21,59.25,Flat
10,13,57.833,Flat
10,20,55.375,Flat
10,28,56.167,Flat
10,0,57.25,Flat
10,30,57.834,Flat
10,16,55.792,Flat
10,27,55.166,Flat
10,32,57.291,Flat
10,12,56.417,Flat
10,1,57.584,Flat
10,2,55.333,Flat
10,19,56.792,Flat
10,6,61.667,Flat
10,33,55.75,Flat
10,15,55.25,Flat
10,7,55.875,Flat
10,8,55.958,Flat
10,23,59.25,Flat
10,5,54.25,Flat
10,25,57.666,Flat
10,21,58.958,Flat
10,18,57.208,Flat
10,10,55.542,Flat
10,9,55.041,Flat
10,29,58.625,Flat
10,22,57.792,Flat
10,17,56.584,Flat
10,24,58.709,Flat
10,31,57.125,Flat
10,3,59.125,Flat
10,4,63.75,Flat
10,26,58.5,Flat
10,11,57.0,Flat
10,14,56.833,Flat
0,10,500.541,NumPy
0,33,507.041,NumPy
0,24,496.209,NumPy
0,5,489.792,NumPy
0,29,497.375,NumPy
0,19,487.667,NumPy
0,7,500.875,NumPy
0,20,488.208,NumPy
0,28,507.209,NumPy
0,18,486.625,NumPy
0,23,498.542,NumPy
0,30,486.5,NumPy
0,22,495.167,NumPy
0,6,488.542,NumPy
0,25,497.291,NumPy
0,16,502.583,NumPy
0,9,513.125,NumPy
0,26,486.333,NumPy
0,3,500.667,NumPy
0,0,490.083,NumPy
0,15,498.792,NumPy
0,17,489.375,NumPy
0,27,497.834,NumPy
0,12,489.083,NumPy
0,21,496.125,NumPy
0,11,491.0,NumPy
0,14,486.75,NumPy
0,32,497.542,NumPy
0,2,488.875,NumPy
0,4,497.958,NumPy
0,31,513.791,NumPy
0,1,506.417,NumPy
0,13,490.917,NumPy
0,8,499.333,NumPy
1,33,489.0,NumPy
1,10,491.458,NumPy
1,18,496.833,NumPy
1,26,485.958,NumPy
1,7,498.708,NumPy
1,17,487.458,NumPy
1,25,496.0,NumPy
1,12,487.208,NumPy
1,8,496.416,NumPy
1,6,495.208,NumPy
1,22,495.041,NumPy
1,5,488.125,NumPy
1,1,496.208,NumPy
1,27,502.166,NumPy
1,32,496.5,NumPy
1,21,486.167,NumPy
1,3,496.25,NumPy
1,20,487.667,NumPy
1,14,495.709,NumPy
1,19,486.75,NumPy
1,11,503.666,NumPy
1,2,490.875,NumPy
1,0,499.208,NumPy
1,24,485.875,NumPy
1,29,497.334,NumPy
1,4,486.792,NumPy
1,30,522.792,NumPy
1,15,509.042,NumPy
1,16,520.666,NumPy
1,23,487.167,NumPy
1,28,501.583,NumPy
1,13,488.916,NumPy
1,9,497.0,NumPy
1,31,489.333,NumPy
2,15,488.0,NumPy
2,16,496.916,NumPy
2,2,495.292,NumPy
2,25,504.75,NumPy
2,8,493.958,NumPy
2,23,504.625,NumPy
2,6,486.625,NumPy
2,26,502.542,NumPy
2,4,486.667,NumPy
2,9,511.083,NumPy
2,12,487.084,NumPy
2,19,496.084,NumPy
2,14,485.792,NumPy
2,18,495.208,NumPy
2,13,487.333,NumPy
2,11,496.917,NumPy
2,33,485.834,NumPy
2,3,495.625,NumPy
2,7,488.333,NumPy
2,5,496.833,NumPy
2,24,485.792,NumPy
2,17,496.75,NumPy
2,0,496.625,NumPy
2,22,495.0,NumPy
2,30,489.792,NumPy
2,27,499.25,NumPy
2,28,487.208,NumPy
2,10,504.875,NumPy
2,20,490.083,NumPy
2,21,513.917,NumPy
2,29,492.041,NumPy
2,32,510.791,NumPy
2,31,520.625,NumPy
2,1,515.084,NumPy
3,4,500.375,NumPy
3,0,487.416,NumPy
3,11,497.208,NumPy
3,6,490.583,NumPy
3,31,496.708,NumPy
3,20,486.834,NumPy
3,8,519.125,NumPy
3,2,486.375,NumPy
3,32,495.916,NumPy
3,25,485.958,NumPy
3,13,496.709,NumPy
3,21,486.125,NumPy
3,30,495.584,NumPy
3,15,486.375,NumPy
3,33,504.833,NumPy
3,28,486.208,NumPy
3,3,495.916,NumPy
3,5,487.5,NumPy
3,16,495.958,NumPy
3,9,486.25,NumPy
3,17,497.25,NumPy
3,1,485.959,NumPy
3,27,503.209,NumPy
3,22,486.125,NumPy
3,7,497.875,NumPy
3,29,487.833,NumPy
3,24,496.041,NumPy
3,12,487.084,NumPy
3,23,495.875,NumPy
3,14,485.958,NumPy
3,18,495.458,NumPy
3,10,494.375,NumPy
3,19,496.917,NumPy
3,26,485.667,NumPy
4,31,488.708,NumPy
4,6,495.792,NumPy
4,7,487.417,NumPy
4,13,505.75,NumPy
4,28,485.833,NumPy
4,25,495.292,NumPy
4,5,486.959,NumPy
4,23,495.084,NumPy
4,8,486.292,NumPy
4,15,496.25,NumPy
4,29,487.458,NumPy
4,3,494.333,NumPy
4,1,486.5,NumPy
4,32,487.167,NumPy
4,30,495.959,NumPy
4,0,486.292,NumPy
4,4,514.25,NumPy
4,19,498.25,NumPy
4,16,513.667,NumPy
4,18,485.833,NumPy
4,9,504.542,NumPy
4,2,486.25,NumPy
4,20,496.542,NumPy
4,27,486.208,NumPy
4,22,494.75,NumPy
4,11,487.25,NumPy
4,17,501.583,NumPy
4,10,507.041,NumPy
4,33,503.459,NumPy
4,24,486.0,NumPy
4,12,496.167,NumPy
4,14,495.875,NumPy
4,21,505.333,NumPy
4,26,485.708,NumPy
5,6,487.708,NumPy
5,33,498.958,NumPy
5,7,487.25,NumPy
5,32,495.791,NumPy
5,26,485.875,NumPy
5,22,494.625,NumPy
5,24,485.375,NumPy
5,15,495.833,NumPy
5,30,486.125,NumPy
5,31,545.834,NumPy
5,23,486.166,NumPy
5,20,498.167,NumPy
5,14,504.375,NumPy
5,18,508.75,NumPy
5,11,486.75,NumPy
5,12,495.916,NumPy
5,2,485.666,NumPy
5,25,495.459,NumPy
5,10,495.875,NumPy
5,9,538.917,NumPy
5,21,486.125,NumPy
5,17,499.625,NumPy
5,4,486.666,NumPy
5,16,495.583,NumPy
5,1,485.708,NumPy
5,29,496.458,NumPy
5,3,493.083,NumPy
5,0,496.667,NumPy
5,19,486.083,NumPy
5,28,504.666,NumPy
5,8,486.417,NumPy
5,27,518.709,NumPy
5,5,487.333,NumPy
5,13,512.208,NumPy
6,33,496.416,NumPy
6,21,486.167,NumPy
6,6,495.542,NumPy
6,3,485.5,NumPy
6,25,498.584,NumPy
6,19,486.459,NumPy
6,29,496.125,NumPy
6,23,485.542,NumPy
6,9,495.375,NumPy
6,11,532.667,NumPy
6,8,495.708,NumPy
6,27,494.25,NumPy
6,28,495.375,NumPy
6,10,485.667,NumPy
6,4,495.75,NumPy
6,18,485.292,NumPy
6,7,496.75,NumPy
6,1,485.792,NumPy
6,0,503.334,NumPy
6,15,486.292,NumPy
6,20,517.041,NumPy
6,32,486.167,NumPy
6,16,501.709,NumPy
6,12,486.042,NumPy
6,26,505.25,NumPy
6,24,485.916,NumPy
6,17,496.458,NumPy
6,22,484.958,NumPy
6,5,501.708,NumPy
6,30,502.0,NumPy
6,2,495.167,NumPy
6,31,486.709,NumPy
6,14,494.834,NumPy
6,13,486.5,NumPy
7,20,488.375,NumPy
7,16,495.709,NumPy
7,2,485.917,NumPy
7,12,495.959,NumPy
7,29,486.875,NumPy
7,10,495.209,NumPy
7,22,498.041,NumPy
7,4,508.792,NumPy
7,0,489.959,NumPy
7,23,494.459,NumPy
7,19,486.792,NumPy
7,33,485.416,NumPy
7,15,495.375,NumPy
7,26,507.334,NumPy
7,28,495.791,NumPy
7,18,485.917,NumPy
7,24,495.5,NumPy
7,3,485.417,NumPy
7,8,495.292,NumPy
7,11,486.667,NumPy
7,7,496.5,NumPy
7,5,486.083,NumPy
7,1,496.125,NumPy
7,32,487.0,NumPy
7,27,495.292,NumPy
7,17,486.125,NumPy
7,9,495.041,NumPy
7,25,485.833,NumPy
7,13,499.542,NumPy
7,21,485.833,NumPy
7,30,495.25,NumPy
7,31,487.917,NumPy
7,6,497.125,NumPy
7,14,487.625,NumPy
8,16,510.125,NumPy
8,8,509.209,NumPy
8,33,497.417,NumPy
8,25,504.25,NumPy
8,18,485.625,NumPy
8,26,494.792,NumPy
8,32,486.0,NumPy
8,11,540.459,NumPy
8,27,486.042,NumPy
8,7,510.0,NumPy
8,15,778.708,NumPy
8,1,514.25,NumPy
8,22,522.625,NumPy
8,28,487.209,NumPy
8,19,496.792,NumPy
8,23,486.708,NumPy
8,0,496.166,NumPy
8,24,486.0,NumPy
8,29,497.333,NumPy
8,2,522.875,NumPy
8,31,507.25,NumPy
8,5,506.333,NumPy
8,4,496.041,NumPy
8,10,488.417,NumPy
8,6,496.709,NumPy
8,17,488.125,NumPy
8,30,495.583,NumPy
8,13,487.583,NumPy
8,3,496.042,NumPy
8,14,486.625,NumPy
8,12,501.209,NumPy
8,20,487.792,NumPy
8,21,496.625,NumPy
8,9,487.333,NumPy
9,30,512.042,NumPy
9,6,496.0,NumPy
9,28,486.167,NumPy
9,7,496.625,NumPy
9,10,486.542,NumPy
9,24,495.0,NumPy
9,13,486.542,NumPy
9,14,495.375,NumPy
9,33,485.125,NumPy
9,25,494.709,NumPy
9,0,486.25,NumPy
9,19,496.125,NumPy
9,4,486.292,NumPy
9,12,518.541,NumPy
9,5,487.0,NumPy
9,9,505.0,NumPy
9,11,486.667,NumPy
9,3,485.166,NumPy
9,16,495.375,NumPy
9,26,501.292,NumPy
9,20,496.5,NumPy
9,29,487.375,NumPy
9,2,496.167,NumPy
9,22,485.458,NumPy
9,27,495.75,NumPy
9,23,485.916,NumPy
9,1,495.292,NumPy
9,15,486.125,NumPy
9,8,495.5,NumPy
9,17,486.541,NumPy
9,31,497.083,NumPy
9,32,485.708,NumPy
9,18,494.875,NumPy
9,21,490.375,NumPy
10,13,488.167,NumPy
10,20,496.75,NumPy
10,28,486.041,NumPy
10,0,504.542,NumPy
10,30,493.25,NumPy
10,16,495.417,NumPy
10,27,512.292,NumPy
10,32,516.875,NumPy
10,12,486.625,NumPy
10,1,495.125,NumPy
10,2,486.125,NumPy
10,19,495.833,NumPy
10,6,487.333,NumPy
10,33,504.5,NumPy
10,15,491.916,NumPy
10,7,510.542,NumPy
10,8,490.5,NumPy
10,23,496.083,NumPy
10,5,486.666,NumPy
10,25,495.292,NumPy
10,21,485.666,NumPy
10,18,494.917,NumPy
10,10,486.458,NumPy
10,9,495.041,NumPy
10,29,487.75,NumPy
10,22,510.25,NumPy
10,17,486.792,NumPy
10,24,499.792,NumPy
10,31,487.583,NumPy
10,3,517.792,NumPy
10,4,528.5,NumPy
10,26,507.875,NumPy
10,11,486.917,NumPy
10,14,495.125,NumPy
0,10,10.917,HNSW_ef1
0,33,10.375,HNSW_ef1
0,24,9.041,HNSW_ef1
0,5,8.792,HNSW_ef1
0,29,9.417,HNSW_ef1
0,19,12.291,HNSW_ef1
0,7,9.125,HNSW_ef1
0,20,9.0,HNSW_ef1
0,28,8.5,HNSW_ef1
0,18,10.0,HNSW_ef1
0,23,8.667,HNSW_ef1
0,30,6.792,HNSW_ef1
0,22,11.5,HNSW_ef1
0,6,10.291,HNSW_ef1
0,25,9.458,HNSW_ef1
0,16,9.417,HNSW_ef1
0,9,9.375,HNSW_ef1
0,26,10.958,HNSW_ef1
0,3,10.042,HNSW_ef1
0,0,9.958,HNSW_ef1
0,15,7.292,HNSW_ef1
0,17,13.0,HNSW_ef1
0,27,9.291,HNSW_ef1
0,12,10.125,HNSW_ef1
0,21,10.542,HNSW_ef1
0,11,8.0,HNSW_ef1
0,14,10.167,HNSW_ef1
0,32,16.375,HNSW_ef1
0,2,11.125,HNSW_ef1
0,4,11.208,HNSW_ef1
0,31,9.5,HNSW_ef1
0,1,9.791,HNSW_ef1
0,13,12.292,HNSW_ef1
0,8,12.666,HNSW_ef1
1,33,10.459,HNSW_ef1
1,10,9.458,HNSW_ef1
1,18,9.625,HNSW_ef1
1,26,10.417,HNSW_ef1
1,7,8.667,HNSW_ef1
1,17,12.0,HNSW_ef1
1,25,9.416,HNSW_ef1
1,12,9.5,HNSW_ef1
1,8,11.584,HNSW_ef1
1,6,9.875,HNSW_ef1
1,22,11.375,HNSW_ef1
1,5,8.5,HNSW_ef1
1,1,9.042,HNSW_ef1
1,27,8.834,HNSW_ef1
1,32,7.792,HNSW_ef1
1,21,9.917,HNSW_ef1
1,3,9.625,HNSW_ef1
1,20,8.917,HNSW_ef1
1,14,9.958,HNSW_ef1
1,19,11.958,HNSW_ef1
1,11,7.791,HNSW_ef1
1,2,10.167,HNSW_ef1
1,0,9.333,HNSW_ef1
1,24,9.25,HNSW_ef1
1,29,9.041,HNSW_ef1
1,4,10.542,HNSW_ef1
1,30,6.958,HNSW_ef1
1,15,7.0,HNSW_ef1
1,16,8.917,HNSW_ef1
1,23,8.458,HNSW_ef1
1,28,8.583,HNSW_ef1
1,13,11.792,HNSW_ef1
1,9,8.875,HNSW_ef1
1,31,9.125,HNSW_ef1
2,15,7.666,HNSW_ef1
2,16,8.833,HNSW_ef1
2,2,10.25,HNSW_ef1
2,25,9.292,HNSW_ef1
2,8,11.417,HNSW_ef1
2,23,8.708,HNSW_ef1
2,6,9.375,HNSW_ef1
2,26,10.291,HNSW_ef1
2,4,10.5,HNSW_ef1
2,9,8.917,HNSW_ef1
2,12,9.459,HNSW_ef1
2,19,11.542,HNSW_ef1
2,14,10.0,HNSW_ef1
2,18,9.583,HNSW_ef1
2,13,11.542,HNSW_ef1
2,11,7.792,HNSW_ef1
2,33,10.208,HNSW_ef1
2,3,9.667,HNSW_ef1
2,7,8.542,HNSW_ef1
2,5,8.208,HNSW_ef1
2,24,8.792,HNSW_ef1
2,17,11.958,HNSW_ef1
2,0,17.375,HNSW_ef1
2,22,11.708,HNSW_ef1
2,30,7.042,HNSW_ef1
2,27,8.625,HNSW_ef1
2,28,8.375,HNSW_ef1
2,10,9.167,HNSW_ef1
2,20,8.542,HNSW_ef1
2,21,10.0,HNSW_ef1
2,29,8.917,HNSW_ef1
2,32,7.541,HNSW_ef1
2,31,8.959,HNSW_ef1
2,1,9.083,HNSW_ef1
3,4,10.667,HNSW_ef1
3,0,9.083,HNSW_ef1
3,11,7.541,HNSW_ef1
3,6,9.292,HNSW_ef1
3,31,9.167,HNSW_ef1
3,20,8.291,HNSW_ef1
3,8,11.25,HNSW_ef1
3,2,10.333,HNSW_ef1
3,32,7.708,HNSW_ef1
3,25,9.0,HNSW_ef1
3,13,11.416,HNSW_ef1
3,21,10.0,HNSW_ef1
3,30,6.792,HNSW_ef1
3,15,6.833,HNSW_ef1
3,33,9.834,HNSW_ef1
3,28,8.5,HNSW_ef1
3,3,9.167,HNSW_ef1
3,5,8.0,HNSW_ef1
3,16,8.75,HNSW_ef1
3,9,8.584,HNSW_ef1
3,17,11.875,HNSW_ef1
3,1,9.25,HNSW_ef1
3,27,8.625,HNSW_ef1
3,22,11.334,HNSW_ef1
3,7,8.625,HNSW_ef1
3,29,8.959,HNSW_ef1
3,24,8.917,HNSW_ef1
3,12,9.5,HNSW_ef1
3,23,8.417,HNSW_ef1
3,14,9.792,HNSW_ef1
3,18,9.625,HNSW_ef1
3,10,9.167,HNSW_ef1
3,19,11.292,HNSW_ef1
3,26,10.875,HNSW_ef1
4,31,9.625,HNSW_ef1
4,6,9.417,HNSW_ef1
4,7,8.458,HNSW_ef1
4,13,11.333,HNSW_ef1
4,28,8.625,HNSW_ef1
4,25,8.875,HNSW_ef1
4,5,8.0,HNSW_ef1
4,23,8.209,HNSW_ef1
4,8,11.333,HNSW_ef1
4,15,7.333,HNSW_ef1
4,29,8.792,HNSW_ef1
4,3,9.25,HNSW_ef1
4,1,9.125,HNSW_ef1
4,32,7.709,HNSW_ef1
4,30,6.75,HNSW_ef1
4,0,8.75,HNSW_ef1
4,4,10.208,HNSW_ef1
4,19,11.625,HNSW_ef1
4,16,9.208,HNSW_ef1
4,18,9.584,HNSW_ef1
4,9,8.459,HNSW_ef1
4,2,9.959,HNSW_ef1
4,20,16.459,HNSW_ef1
4,27,9.0,HNSW_ef1
4,22,11.292,HNSW_ef1
4,11,7.709,HNSW_ef1
4,17,11.667,HNSW_ef1
4,10,9.25,HNSW_ef1
4,33,10.0,HNSW_ef1
4,24,9.042,HNSW_ef1
4,12,9.417,HNSW_ef1
4,14,10.0,HNSW_ef1
4,21,10.084,HNSW_ef1
4,26,10.334,HNSW_ef1
5,6,9.958,HNSW_ef1
5,33,9.917,HNSW_ef1
5,7,8.625,HNSW_ef1
5,32,7.792,HNSW_ef1
5,26,10.166,HNSW_ef1
5,22,11.375,HNSW_ef1
5,24,9.0,HNSW_ef1
5,15,7.417,HNSW_ef1
5,30,6.666,HNSW_ef1
5,31,9.0,HNSW_ef1
5,23,8.334,HNSW_ef1
5,20,8.375,HNSW_ef1
5,14,9.791,HNSW_ef1
5,18,9.625,HNSW_ef1
5,11,7.625,HNSW_ef1
5,12,9.208,HNSW_ef1
5,2,10.208,HNSW_ef1
5,25,9.25,HNSW_ef1
5,10,9.0,HNSW_ef1
5,9,8.667,HNSW_ef1
5,21,9.875,HNSW_ef1
5,17,11.833,HNSW_ef1
5,4,10.375,HNSW_ef1
5,16,9.084,HNSW_ef1
5,1,8.959,HNSW_ef1
5,29,8.834,HNSW_ef1
5,3,9.167,HNSW_ef1
5,0,9.041,HNSW_ef1
5,19,11.125,HNSW_ef1
5,28,8.542,HNSW_ef1
5,8,11.541,HNSW_ef1
5,27,8.958,HNSW_ef1
5,5,8.167,HNSW_ef1
5,13,11.333,HNSW_ef1
6,33,10.375,HNSW_ef1
6,21,10.0,HNSW_ef1
6,6,9.458,HNSW_ef1
6,3,9.125,HNSW_ef1
6,25,9.0,HNSW_ef1
6,19,11.209,HNSW_ef1
6,29,9.167,HNSW_ef1
6,23,8.333,HNSW_ef1
6,9,8.667,HNSW_ef1
6,11,7.541,HNSW_ef1
6,8,11.084,HNSW_ef1
6,27,8.792,HNSW_ef1
6,28,8.334,HNSW_ef1
6,10,9.0,HNSW_ef1
6,4,10.167,HNSW_ef1
6,18,9.5,HNSW_ef1
6,7,8.459,HNSW_ef1
6,1,8.875,HNSW_ef1
6,0,8.833,HNSW_ef1
6,15,7.0,HNSW_ef1
6,20,15.792,HNSW_ef1
6,32,8.208,HNSW_ef1
6,16,8.709,HNSW_ef1
6,12,9.416,HNSW_ef1
6,26,10.375,HNSW_ef1
6,24,9.0,HNSW_ef1
6,17,12.0,HNSW_ef1
6,22,11.459,HNSW_ef1
6,5,8.375,HNSW_ef1
6,30,6.75,HNSW_ef1
6,2,9.792,HNSW_ef1
6,31,9.083,HNSW_ef1
6,14,9.75,HNSW_ef1
6,13,11.459,HNSW_ef1
7,20,8.875,HNSW_ef1
7,16,8.833,HNSW_ef1
7,2,10.208,HNSW_ef1
7,12,9.542,HNSW_ef1
7,29,9.0,HNSW_ef1
7,10,9.25,HNSW_ef1
7,22,11.333,HNSW_ef1
7,4,10.333,HNSW_ef1
7,0,9.0,HNSW_ef1
7,23,8.334,HNSW_ef1
7,19,11.167,HNSW_ef1
7,33,10.084,HNSW_ef1
7,15,7.167,HNSW_ef1
7,26,10.125,HNSW_ef1
7,28,8.666,HNSW_ef1
7,18,9.333,HNSW_ef1
7,24,8.875,HNSW_ef1
7,3,9.125,HNSW_ef1
7,8,11.5,HNSW_ef1
7,11,7.959,HNSW_ef1
7,7,8.291,HNSW_ef1
7,5,7.875,HNSW_ef1
7,1,8.708,HNSW_ef1
7,32,7.542,HNSW_ef1
7,27,8.583,HNSW_ef1
7,17,11.958,HNSW_ef1
7,9,8.75,HNSW_ef1
7,25,9.292,HNSW_ef1
7,13,11.5,HNSW_ef1
7,21,9.875,HNSW_ef1
7,30,6.75,HNSW_ef1
7,31,8.791,HNSW_ef1
7,6,9.25,HNSW_ef1
7,14,9.791,HNSW_ef1
8,16,9.291,HNSW_ef1
8,8,11.208,HNSW_ef1
8,33,10.167,HNSW_ef1
8,25,9.209,HNSW_ef1
8,18,9.334,HNSW_ef1
8,26,10.208,HNSW_ef1
8,32,7.666,HNSW_ef1
8,11,7.584,HNSW_ef1
8,27,8.458,HNSW_ef1
8,7,8.5,HNSW_ef1
8,15,7.125,HNSW_ef1
8,1,8.625,HNSW_ef1
8,22,11.167,HNSW_ef1
8,28,8.625,HNSW_ef1
8,19,11.292,HNSW_ef1
8,23,8.542,HNSW_ef1
8,0,9.083,HNSW_ef1
8,24,9.0,HNSW_ef1
8,29,9.041,HNSW_ef1
8,2,10.083,HNSW_ef1
8,31,17.041,HNSW_ef1
8,5,8.459,HNSW_ef1
8,4,9.834,HNSW_ef1
8,10,9.209,HNSW_ef1
8,6,9.334,HNSW_ef1
8,17,11.875,HNSW_ef1
8,30,7.167,HNSW_ef1
8,13,11.375,HNSW_ef1
8,3,9.292,HNSW_ef1
8,14,9.709,HNSW_ef1
8,12,9.459,HNSW_ef1
8,20,8.417,HNSW_ef1
8,21,9.625,HNSW_ef1
8,9,8.5,HNSW_ef1
9,30,7.333,HNSW_ef1
9,6,9.208,HNSW_ef1
9,28,8.541,HNSW_ef1
9,7,8.542,HNSW_ef1
9,10,9.0,HNSW_ef1
9,24,8.958,HNSW_ef1
9,13,11.5,HNSW_ef1
9,14,10.0,HNSW_ef1
9,33,10.084,HNSW_ef1
9,25,9.125,HNSW_ef1
9,0,8.916,HNSW_ef1
9,19,11.125,HNSW_ef1
9,4,10.25,HNSW_ef1
9,12,9.417,HNSW_ef1
9,5,8.125,HNSW_ef1
9,9,8.375,HNSW_ef1
9,11,7.375,HNSW_ef1
9,3,9.0,HNSW_ef1
9,16,8.709,HNSW_ef1
9,26,10.292,HNSW_ef1
9,20,8.708,HNSW_ef1
9,29,8.75,HNSW_ef1
9,2,10.042,HNSW_ef1
9,22,11.208,HNSW_ef1
9,27,8.916,HNSW_ef1
9,23,8.375,HNSW_ef1
9,1,8.958,HNSW_ef1
9,15,6.958,HNSW_ef1
9,8,11.125,HNSW_ef1
9,17,12.083,HNSW_ef1
9,31,9.291,HNSW_ef1
9,32,7.459,HNSW_ef1
9,18,9.25,HNSW_ef1
9,21,9.625,HNSW_ef1
10,13,11.75,HNSW_ef1
10,20,8.542,HNSW_ef1
10,28,8.333,HNSW_ef1
10,0,8.917,HNSW_ef1
10,30,6.792,HNSW_ef1
10,16,8.417,HNSW_ef1
10,27,8.584,HNSW_ef1
10,32,7.625,HNSW_ef1
10,12,9.291,HNSW_ef1
10,1,8.875,HNSW_ef1
10,2,10.0,HNSW_ef1
10,19,11.291,HNSW_ef1
10,6,9.541,HNSW_ef1
10,33,10.125,HNSW_ef1
10,15,7.208,HNSW_ef1
10,7,8.333,HNSW_ef1
10,8,11.333,HNSW_ef1
10,23,8.583,HNSW_ef1
10,5,8.0,HNSW_ef1
10,25,8.959,HNSW_ef1
10,21,17.541,HNSW_ef1
10,18,9.916,HNSW_ef1
10,10,9.042,HNSW_ef1
10,9,8.625,HNSW_ef1
10,29,8.875,HNSW_ef1
10,22,11.25,HNSW_ef1
10,17,12.292,HNSW_ef1
10,24,9.333,HNSW_ef1
10,31,9.25,HNSW_ef1
10,3,9.125,HNSW_ef1
10,4,10.25,HNSW_ef1
10,26,10.5,HNSW_ef1
10,11,8.083,HNSW_ef1
10,14,9.625,HNSW_ef1
0,10,11.833,HNSW_ef2
0,33,10.917,HNSW_ef2
0,24,10.542,HNSW_ef2
0,5,9.041,HNSW_ef2
0,29,9.792,HNSW_ef2
0,19,12.042,HNSW_ef2
0,7,9.791,HNSW_ef2
0,20,10.25,HNSW_ef2
0,28,9.25,HNSW_ef2
0,18,10.333,HNSW_ef2
0,23,9.5,HNSW_ef2
0,30,9.792,HNSW_ef2
0,22,12.875,HNSW_ef2
0,6,11.208,HNSW_ef2
0,25,10.25,HNSW_ef2
0,16,14.958,HNSW_ef2
0,9,11.375,HNSW_ef2
0,26,13.0,HNSW_ef2
0,3,12.292,HNSW_ef2
0,0,11.5,HNSW_ef2
0,15,8.125,HNSW_ef2
0,17,13.833,HNSW_ef2
0,27,11.542,HNSW_ef2
0,12,11.083,HNSW_ef2
0,21,11.875,HNSW_ef2
0,11,10.375,HNSW_ef2
0,14,11.833,HNSW_ef2
0,32,10.583,HNSW_ef2
0,2,12.416,HNSW_ef2
0,4,12.583,HNSW_ef2
0,31,12.75,HNSW_ef2
0,1,11.084,HNSW_ef2
0,13,13.583,HNSW_ef2
0,8,14.708,HNSW_ef2
1,33,11.042,HNSW_ef2
1,10,10.833,HNSW_ef2
1,18,10.208,HNSW_ef2
1,26,20.5,HNSW_ef2
1,7,9.5,HNSW_ef2
1,17,12.417,HNSW_ef2
1,25,10.166,HNSW_ef2
1,12,10.75,HNSW_ef2
1,8,12.917,HNSW_ef2
1,6,10.541,HNSW_ef2
1,22,12.208,HNSW_ef2
1,5,8.459,HNSW_ef2
1,1,9.833,HNSW_ef2
1,27,10.542,HNSW_ef2
1,32,9.959,HNSW_ef2
1,21,11.042,HNSW_ef2
1,3,11.5,HNSW_ef2
1,20,10.166,HNSW_ef2
1,14,10.792,HNSW_ef2
1,19,11.792,HNSW_ef2
1,11,9.709,HNSW_ef2
1,2,11.25,HNSW_ef2
1,0,10.459,HNSW_ef2
1,24,10.208,HNSW_ef2
1,29,9.625,HNSW_ef2
1,4,10.917,HNSW_ef2
1,30,9.417,HNSW_ef2
1,15,7.625,HNSW_ef2
1,16,14.083,HNSW_ef2
1,23,9.375,HNSW_ef2
1,28,9.208,HNSW_ef2
1,13,12.375,HNSW_ef2
1,9,10.25,HNSW_ef2
1,31,12.458,HNSW_ef2
2,15,8.083,HNSW_ef2
2,16,13.458,HNSW_ef2
2,2,11.208,HNSW_ef2
2,25,10.042,HNSW_ef2
2,8,12.667,HNSW_ef2
2,23,9.25,HNSW_ef2
2,6,9.834,HNSW_ef2
2,26,11.958,HNSW_ef2
2,4,10.917,HNSW_ef2
2,9,9.75,HNSW_ef2
2,12,10.292,HNSW_ef2
2,19,15.458,HNSW_ef2
2,14,11.0,HNSW_ef2
2,18,9.875,HNSW_ef2
2,13,12.041,HNSW_ef2
2,11,9.583,HNSW_ef2
2,33,10.625,HNSW_ef2
2,3,11.25,HNSW_ef2
2,7,9.166,HNSW_ef2
2,5,8.042,HNSW_ef2
2,24,9.875,HNSW_ef2
2,17,12.041,HNSW_ef2
2,0,10.25,HNSW_ef2
2,22,12.083,HNSW_ef2
2,30,9.417,HNSW_ef2
2,27,10.583,HNSW_ef2
2,28,9.167,HNSW_ef2
2,10,10.208,HNSW_ef2
2,20,9.666,HNSW_ef2
2,21,11.083,HNSW_ef2
2,29,9.583,HNSW_ef2
2,32,9.75,HNSW_ef2
2,31,12.0,HNSW_ef2
2,1,9.917,HNSW_ef2
3,4,11.541,HNSW_ef2
3,0,10.208,HNSW_ef2
3,11,9.5,HNSW_ef2
3,6,9.708,HNSW_ef2
3,31,11.958,HNSW_ef2
3,20,9.708,HNSW_ef2
3,8,21.417,HNSW_ef2
3,2,11.5,HNSW_ef2
3,32,10.0,HNSW_ef2
3,25,9.875,HNSW_ef2
3,13,12.042,HNSW_ef2
3,21,10.75,HNSW_ef2
3,30,9.291,HNSW_ef2
3,15,7.542,HNSW_ef2
3,33,10.459,HNSW_ef2
3,28,9.0,HNSW_ef2
3,3,10.833,HNSW_ef2
3,5,8.25,HNSW_ef2
3,16,13.416,HNSW_ef2
3,9,9.917,HNSW_ef2
3,17,12.0,HNSW_ef2
3,1,9.875,HNSW_ef2
3,27,10.541,HNSW_ef2
3,22,12.125,HNSW_ef2
3,7,9.25,HNSW_ef2
3,29,9.417,HNSW_ef2
3,24,10.0,HNSW_ef2
3,12,10.167,HNSW_ef2
3,23,9.125,HNSW_ef2
3,14,10.75,HNSW_ef2
3,18,9.917,HNSW_ef2
3,10,10.0,HNSW_ef2
3,19,11.375,HNSW_ef2
3,26,12.042,HNSW_ef2
4,31,12.375,HNSW_ef2
4,6,10.042,HNSW_ef2
4,7,9.083,HNSW_ef2
4,13,11.959,HNSW_ef2
4,28,9.209,HNSW_ef2
4,25,9.833,HNSW_ef2
4,5,8.208,HNSW_ef2
4,23,8.834,HNSW_ef2
4,8,12.625,HNSW_ef2
4,15,7.708,HNSW_ef2
4,29,9.333,HNSW_ef2
4,3,11.0,HNSW_ef2
4,1,9.75,HNSW_ef2
4,32,9.791,HNSW_ef2
4,30,9.292,HNSW_ef2
4,0,10.125,HNSW_ef2
4,4,10.792,HNSW_ef2
4,19,11.25,HNSW_ef2
4,16,13.708,HNSW_ef2
4,18,10.0,HNSW_ef2
4,9,9.667,HNSW_ef2
4,2,11.166,HNSW_ef2
4,20,9.708,HNSW_ef2
4,27,18.792,HNSW_ef2
4,22,12.416,HNSW_ef2
4,11,9.458,HNSW_ef2
4,17,11.875,HNSW_ef2
4,10,10.125,HNSW_ef2
4,33,10.875,HNSW_ef2
4,24,10.083,HNSW_ef2
4,12,10.167,HNSW_ef2
4,14,10.75,HNSW_ef2
4,21,10.709,HNSW_ef2
4,26,11.875,HNSW_ef2
5,6,10.25,HNSW_ef2
5,33,10.666,HNSW_ef2
5,7,9.25,HNSW_ef2
5,32,9.75,HNSW_ef2
5,26,11.625,HNSW_ef2
5,22,12.125,HNSW_ef2
5,24,10.0,HNSW_ef2
5,15,7.75,HNSW_ef2
5,30,9.0,HNSW_ef2
5,31,11.833,HNSW_ef2
5,23,9.208,HNSW_ef2
5,20,9.625,HNSW_ef2
5,14,10.791,HNSW_ef2
5,18,9.875,HNSW_ef2
5,11,9.25,HNSW_ef2
5,12,9.917,HNSW_ef2
5,2,10.917,HNSW_ef2
5,25,9.875,HNSW_ef2
5,10,9.875,HNSW_ef2
5,9,9.625,HNSW_ef2
5,21,10.625,HNSW_ef2
5,17,12.042,HNSW_ef2
5,4,11.0,HNSW_ef2
5,16,13.709,HNSW_ef2
5,1,9.709,HNSW_ef2
5,29,9.375,HNSW_ef2
5,3,11.0,HNSW_ef2
5,0,10.167,HNSW_ef2
5,19,11.167,HNSW_ef2
5,28,9.083,HNSW_ef2
5,8,12.375,HNSW_ef2
5,27,10.709,HNSW_ef2
5,5,8.167,HNSW_ef2
5,13,11.791,HNSW_ef2
6,33,11.042,HNSW_ef2
6,21,10.666,HNSW_ef2
6,6,9.875,HNSW_ef2
6,3,11.125,HNSW_ef2
6,25,9.875,HNSW_ef2
6,19,11.125,HNSW_ef2
6,29,9.666,HNSW_ef2
6,23,9.0,HNSW_ef2
6,9,9.75,HNSW_ef2
6,11,17.416,HNSW_ef2
6,8,12.916,HNSW_ef2
6,27,10.625,HNSW_ef2
6,28,8.958,HNSW_ef2
6,10,9.834,HNSW_ef2
6,4,10.791,HNSW_ef2
6,18,9.792,HNSW_ef2
6,7,9.042,HNSW_ef2
6,1,9.458,HNSW_ef2
6,0,9.917,HNSW_ef2
6,15,7.417,HNSW_ef2
6,20,9.208,HNSW_ef2
6,32,9.708,HNSW_ef2
6,16,13.667,HNSW_ef2
6,12,10.083,HNSW_ef2
6,26,11.916,HNSW_ef2
6,24,9.875,HNSW_ef2
6,17,12.083,HNSW_ef2
6,22,12.167,HNSW_ef2
6,5,8.334,HNSW_ef2
6,30,9.083,HNSW_ef2
6,2,10.792,HNSW_ef2
6,31,11.875,HNSW_ef2
6,14,10.792,HNSW_ef2
6,13,12.042,HNSW_ef2
7,20,10.333,HNSW_ef2
7,16,13.625,HNSW_ef2
7,2,11.083,HNSW_ef2
7,12,10.083,HNSW_ef2
7,29,9.583,HNSW_ef2
7,10,10.083,HNSW_ef2
7,22,11.875,HNSW_ef2
7,4,10.917,HNSW_ef2
7,0,10.083,HNSW_ef2
7,23,8.958,HNSW_ef2
7,19,11.083,HNSW_ef2
7,33,10.708,HNSW_ef2
7,15,7.667,HNSW_ef2
7,26,11.583,HNSW_ef2
7,28,9.25,HNSW_ef2
7,18,9.708,HNSW_ef2
7,24,9.792,HNSW_ef2
7,3,28.542,HNSW_ef2
7,8,12.75,HNSW_ef2
7,11,9.541,HNSW_ef2
7,7,8.916,HNSW_ef2
7,5,7.958,HNSW_ef2
7,1,9.375,HNSW_ef2
7,32,9.625,HNSW_ef2
7,27,10.583,HNSW_ef2
7,17,12.0,HNSW_ef2
7,9,9.875,HNSW_ef2
7,25,9.709,HNSW_ef2
7,13,11.875,HNSW_ef2
7,21,10.666,HNSW_ef2
7,30,9.292,HNSW_ef2
7,31,11.75,HNSW_ef2
7,6,9.958,HNSW_ef2
7,14,10.583,HNSW_ef2
8,16,14.166,HNSW_ef2
8,8,12.666,HNSW_ef2
8,33,10.75,HNSW_ef2
8,25,9.875,HNSW_ef2
8,18,9.667,HNSW_ef2
8,26,11.708,HNSW_ef2
8,32,9.917,HNSW_ef2
8,11,9.584,HNSW_ef2
8,27,10.375,HNSW_ef2
8,7,9.167,HNSW_ef2
8,15,7.375,HNSW_ef2
8,1,9.334,HNSW_ef2
8,22,11.834,HNSW_ef2
8,28,9.208,HNSW_ef2
8,19,11.042,HNSW_ef2
8,23,9.25,HNSW_ef2
8,0,10.084,HNSW_ef2
8,24,9.875,HNSW_ef2
8,29,9.584,HNSW_ef2
8,2,10.917,HNSW_ef2
8,31,11.834,HNSW_ef2
8,5,8.292,HNSW_ef2
8,4,10.667,HNSW_ef2
8,10,10.0,HNSW_ef2
8,6,9.708,HNSW_ef2
8,17,11.958,HNSW_ef2
8,30,9.416,HNSW_ef2
8,13,11.875,HNSW_ef2
8,3,11.042,HNSW_ef2
8,14,10.709,HNSW_ef2
8,12,10.041,HNSW_ef2
8,20,9.625,HNSW_ef2
8,21,10.5,HNSW_ef2
8,9,9.792,HNSW_ef2
9,30,9.75,HNSW_ef2
9,6,9.792,HNSW_ef2
9,28,9.0,HNSW_ef2
9,7,9.166,HNSW_ef2
9,10,9.917,HNSW_ef2
9,24,9.875,HNSW_ef2
9,13,11.958,HNSW_ef2
9,14,10.666,HNSW_ef2
9,33,10.792,HNSW_ef2
9,25,9.792,HNSW_ef2
9,0,9.958,HNSW_ef2
9,19,11.042,HNSW_ef2
9,4,10.916,HNSW_ef2
9,12,10.0,HNSW_ef2
9,5,8.125,HNSW_ef2
9,9,9.5,HNSW_ef2
9,11,9.417,HNSW_ef2
9,3,10.792,HNSW_ef2
9,16,13.542,HNSW_ef2
9,26,12.0,HNSW_ef2
9,20,9.75,HNSW_ef2
9,29,9.5,HNSW_ef2
9,2,10.875,HNSW_ef2
9,22,12.0,HNSW_ef2
9,27,10.541,HNSW_ef2
9,23,8.958,HNSW_ef2
9,1,9.583,HNSW_ef2
9,15,7.458,HNSW_ef2
9,8,12.209,HNSW_ef2
9,17,12.084,HNSW_ef2
9,31,12.042,HNSW_ef2
9,32,9.959,HNSW_ef2
9,18,9.792,HNSW_ef2
9,21,17.916,HNSW_ef2
10,13,12.375,HNSW_ef2
10,20,9.75,HNSW_ef2
10,28,9.125,HNSW_ef2
10,0,10.042,HNSW_ef2
10,30,9.291,HNSW_ef2
10,16,13.542,HNSW_ef2
10,27,10.75,HNSW_ef2
10,32,9.917,HNSW_ef2
10,12,9.834,HNSW_ef2
10,1,9.709,HNSW_ef2
10,2,11.0,HNSW_ef2
10,19,11.208,HNSW_ef2
10,6,9.833,HNSW_ef2
10,33,10.834,HNSW_ef2
10,15,7.75,HNSW_ef2
10,7,8.833,HNSW_ef2
10,8,12.333,HNSW_ef2
10,23,9.208,HNSW_ef2
10,5,8.208,HNSW_ef2
10,25,9.542,HNSW_ef2
10,21,10.541,HNSW_ef2
10,18,9.833,HNSW_ef2
10,10,9.958,HNSW_ef2
10,9,9.708,HNSW_ef2
10,29,9.625,HNSW_ef2
10,22,11.791,HNSW_ef2
10,17,12.083,HNSW_ef2
10,24,10.041,HNSW_ef2
10,31,11.833,HNSW_ef2
10,3,11.041,HNSW_ef2
10,4,10.875,HNSW_ef2
10,26,11.791,HNSW_ef2
10,11,9.583,HNSW_ef2
10,14,10.708,HNSW_ef2
0,10,12.375,HNSW_ef4
0,33,11.333,HNSW_ef4
0,24,10.958,HNSW_ef4
0,5,10.5,HNSW_ef4
0,29,11.25,HNSW_ef4
0,19,13.583,HNSW_ef4
0,7,11.291,HNSW_ef4
0,20,12.583,HNSW_ef4
0,28,12.542,HNSW_ef4
0,18,13.125,HNSW_ef4
0,23,11.083,HNSW_ef4
0,30,11.125,HNSW_ef4
0,22,14.209,HNSW_ef4
0,6,20.75,HNSW_ef4
0,25,11.708,HNSW_ef4
0,16,15.541,HNSW_ef4
0,9,12.958,HNSW_ef4
0,26,13.75,HNSW_ef4
0,3,13.5,HNSW_ef4
0,0,17.583,HNSW_ef4
0,15,10.0,HNSW_ef4
0,17,15.708,HNSW_ef4
0,27,11.875,HNSW_ef4
0,12,12.208,HNSW_ef4
0,21,13.375,HNSW_ef4
0,11,12.125,HNSW_ef4
0,14,13.916,HNSW_ef4
0,32,12.542,HNSW_ef4
0,2,13.459,HNSW_ef4
0,4,13.167,HNSW_ef4
0,31,14.75,HNSW_ef4
0,1,11.5,HNSW_ef4
0,13,16.292,HNSW_ef4
0,8,16.042,HNSW_ef4
1,33,11.708,HNSW_ef4
1,10,11.5,HNSW_ef4
1,18,12.375,HNSW_ef4
1,26,12.791,HNSW_ef4
1,7,10.833,HNSW_ef4
1,17,14.417,HNSW_ef4
1,25,11.125,HNSW_ef4
1,12,11.375,HNSW_ef4
1,8,14.375,HNSW_ef4
1,6,11.458,HNSW_ef4
1,22,13.667,HNSW_ef4
1,5,22.75,HNSW_ef4
1,1,10.75,HNSW_ef4
1,27,11.042,HNSW_ef4
1,32,11.625,HNSW_ef4
1,21,12.334,HNSW_ef4
1,3,12.459,HNSW_ef4
1,20,12.209,HNSW_ef4
1,14,24.5,HNSW_ef4
1,19,13.208,HNSW_ef4
1,11,11.292,HNSW_ef4
1,2,12.0,HNSW_ef4
1,0,16.208,HNSW_ef4
1,24,10.917,HNSW_ef4
1,29,10.875,HNSW_ef4
1,4,12.292,HNSW_ef4
1,30,11.167,HNSW_ef4
1,15,9.666,HNSW_ef4
1,16,14.292,HNSW_ef4
1,23,10.958,HNSW_ef4
1,28,28.25,HNSW_ef4
1,13,23.791,HNSW_ef4
1,9,12.458,HNSW_ef4
1,31,14.084,HNSW_ef4
2,15,9.833,HNSW_ef4
2,16,13.917,HNSW_ef4
2,2,12.041,HNSW_ef4
2,25,10.917,HNSW_ef4
2,8,13.834,HNSW_ef4
2,23,10.625,HNSW_ef4
2,6,11.041,HNSW_ef4
2,26,12.875,HNSW_ef4
2,4,11.958,HNSW_ef4
2,9,11.584,HNSW_ef4
2,12,11.458,HNSW_ef4
2,19,12.458,HNSW_ef4
2,14,12.583,HNSW_ef4
2,18,12.25,HNSW_ef4
2,13,14.667,HNSW_ef4
2,11,10.833,HNSW_ef4
2,33,11.458,HNSW_ef4
2,3,12.291,HNSW_ef4
2,7,10.5,HNSW_ef4
2,5,9.958,HNSW_ef4
2,24,10.25,HNSW_ef4
2,17,14.334,HNSW_ef4
2,0,15.75,HNSW_ef4
2,22,13.542,HNSW_ef4
2,30,11.0,HNSW_ef4
2,27,11.25,HNSW_ef4
2,28,12.417,HNSW_ef4
2,10,11.25,HNSW_ef4
2,20,12.25,HNSW_ef4
2,21,11.875,HNSW_ef4
2,29,10.792,HNSW_ef4
2,32,11.416,HNSW_ef4
2,31,13.583,HNSW_ef4
2,1,10.5,HNSW_ef4
3,4,12.291,HNSW_ef4
3,0,15.292,HNSW_ef4
3,11,18.875,HNSW_ef4
3,6,11.041,HNSW_ef4
3,31,13.417,HNSW_ef4
3,20,12.041,HNSW_ef4
3,8,13.833,HNSW_ef4
3,2,11.917,HNSW_ef4
3,32,11.5,HNSW_ef4
3,25,10.792,HNSW_ef4
3,13,14.459,HNSW_ef4
3,21,12.0,HNSW_ef4
3,30,10.875,HNSW_ef4
3,15,9.291,HNSW_ef4
3,33,11.292,HNSW_ef4
3,28,12.25,HNSW_ef4
3,3,12.292,HNSW_ef4
3,5,9.875,HNSW_ef4
3,16,13.875,HNSW_ef4
3,9,11.583,HNSW_ef4
3,17,14.333,HNSW_ef4
3,1,10.292,HNSW_ef4
3,27,10.916,HNSW_ef4
3,22,13.292,HNSW_ef4
3,7,10.459,HNSW_ef4
3,29,10.792,HNSW_ef4
3,24,10.542,HNSW_ef4
3,12,11.5,HNSW_ef4
3,23,10.5,HNSW_ef4
3,14,12.75,HNSW_ef4
3,18,12.375,HNSW_ef4
3,10,11.084,HNSW_ef4
3,19,12.375,HNSW_ef4
3,26,12.75,HNSW_ef4
4,31,13.5,HNSW_ef4
4,6,11.333,HNSW_ef4
4,7,10.416,HNSW_ef4
4,13,14.333,HNSW_ef4
4,28,12.084,HNSW_ef4
4,25,10.709,HNSW_ef4
4,5,9.708,HNSW_ef4
4,23,10.291,HNSW_ef4
4,8,13.75,HNSW_ef4
4,15,9.5,HNSW_ef4
4,29,10.458,HNSW_ef4
4,3,12.041,HNSW_ef4
4,1,10.125,HNSW_ef4
4,32,12.333,HNSW_ef4
4,30,10.958,HNSW_ef4
4,0,15.458,HNSW_ef4
4,4,12.0,HNSW_ef4
4,19,12.375,HNSW_ef4
4,16,14.0,HNSW_ef4
4,18,12.375,HNSW_ef4
4,9,11.417,HNSW_ef4
4,2,11.792,HNSW_ef4
4,20,11.917,HNSW_ef4
4,27,11.208,HNSW_ef4
4,22,13.583,HNSW_ef4
4,11,10.708,HNSW_ef4
4,17,14.417,HNSW_ef4
4,10,11.208,HNSW_ef4
4,33,19.375,HNSW_ef4
4,24,10.959,HNSW_ef4
4,12,11.084,HNSW_ef4
4,14,12.667,HNSW_ef4
4,21,11.875,HNSW_ef4
4,26,12.792,HNSW_ef4
5,6,11.292,HNSW_ef4
5,33,11.542,HNSW_ef4
5,7,10.5,HNSW_ef4
5,32,11.209,HNSW_ef4
5,26,12.417,HNSW_ef4
5,22,13.666,HNSW_ef4
5,24,10.458,HNSW_ef4
5,15,9.417,HNSW_ef4
5,30,10.583,HNSW_ef4
5,31,13.166,HNSW_ef4
5,23,10.625,HNSW_ef4
5,20,11.791,HNSW_ef4
5,14,12.667,HNSW_ef4
5,18,12.334,HNSW_ef4
5,11,10.625,HNSW_ef4
5,12,10.958,HNSW_ef4
5,2,11.792,HNSW_ef4
5,25,10.834,HNSW_ef4
5,10,11.041,HNSW_ef4
5,9,11.542,HNSW_ef4
5,21,11.916,HNSW_ef4
5,17,14.375,HNSW_ef4
5,4,11.75,HNSW_ef4
5,16,13.709,HNSW_ef4
5,1,10.167,HNSW_ef4
5,29,10.541,HNSW_ef4
5,3,12.292,HNSW_ef4
5,0,15.584,HNSW_ef4
5,19,12.542,HNSW_ef4
5,28,12.25,HNSW_ef4
5,8,14.042,HNSW_ef4
5,27,11.208,HNSW_ef4
5,5,9.875,HNSW_ef4
5,13,14.417,HNSW_ef4
6,33,11.667,HNSW_ef4
6,21,19.583,HNSW_ef4
6,6,11.166,HNSW_ef4
6,3,12.167,HNSW_ef4
6,25,10.792,HNSW_ef4
6,19,12.291,HNSW_ef4
6,29,10.875,HNSW_ef4
6,23,10.333,HNSW_ef4
6,9,11.292,HNSW_ef4
6,11,10.583,HNSW_ef4
6,8,13.75,HNSW_ef4
6,27,10.958,HNSW_ef4
6,28,12.083,HNSW_ef4
6,10,11.125,HNSW_ef4
6,4,11.834,HNSW_ef4
6,18,12.125,HNSW_ef4
6,7,10.334,HNSW_ef4
6,1,10.042,HNSW_ef4
6,0,15.333,HNSW_ef4
6,15,9.416,HNSW_ef4
6,20,11.709,HNSW_ef4
6,32,11.417,HNSW_ef4
6,16,13.667,HNSW_ef4
6,12,11.166,HNSW_ef4
6,26,12.875,HNSW_ef4
6,24,10.333,HNSW_ef4
6,17,14.416,HNSW_ef4
6,22,13.459,HNSW_ef4
6,5,10.0,HNSW_ef4
6,30,10.792,HNSW_ef4
6,2,11.875,HNSW_ef4
6,31,13.417,HNSW_ef4
6,14,12.542,HNSW_ef4
6,13,14.5,HNSW_ef4
7,20,12.167,HNSW_ef4
7,16,13.75,HNSW_ef4
7,2,11.666,HNSW_ef4
7,12,11.166,HNSW_ef4
7,29,10.667,HNSW_ef4
7,10,10.792,HNSW_ef4
7,22,13.167,HNSW_ef4
7,4,11.875,HNSW_ef4
7,0,15.166,HNSW_ef4
7,23,10.417,HNSW_ef4
7,19,12.292,HNSW_ef4
7,33,11.458,HNSW_ef4
7,15,9.417,HNSW_ef4
7,26,12.625,HNSW_ef4
7,28,12.042,HNSW_ef4
7,18,12.25,HNSW_ef4
7,24,10.333,HNSW_ef4
7,3,12.042,HNSW_ef4
7,8,13.875,HNSW_ef4
7,11,10.625,HNSW_ef4
7,7,10.166,HNSW_ef4
7,5,9.542,HNSW_ef4
7,1,9.958,HNSW_ef4
7,32,11.125,HNSW_ef4
7,27,10.834,HNSW_ef4
7,17,14.25,HNSW_ef4
7,9,11.458,HNSW_ef4
7,25,19.042,HNSW_ef4
7,13,14.875,HNSW_ef4
7,21,11.875,HNSW_ef4
7,30,10.834,HNSW_ef4
7,31,13.125,HNSW_ef4
7,6,11.041,HNSW_ef4
7,14,12.667,HNSW_ef4
8,16,14.042,HNSW_ef4
8,8,14.0,HNSW_ef4
8,33,11.5,HNSW_ef4
8,25,10.959,HNSW_ef4
8,18,12.042,HNSW_ef4
8,26,12.75,HNSW_ef4
8,32,11.125,HNSW_ef4
8,11,10.75,HNSW_ef4
8,27,10.709,HNSW_ef4
8,7,10.541,HNSW_ef4
8,15,9.417,HNSW_ef4
8,1,9.875,HNSW_ef4
8,22,13.167,HNSW_ef4
8,28,12.167,HNSW_ef4
8,19,12.458,HNSW_ef4
8,23,10.333,HNSW_ef4
8,0,15.375,HNSW_ef4
8,24,10.459,HNSW_ef4
8,29,10.625,HNSW_ef4
8,2,11.584,HNSW_ef4
8,31,13.458,HNSW_ef4
8,5,9.708,HNSW_ef4
8,4,11.5,HNSW_ef4
8,10,10.959,HNSW_ef4
8,6,10.75,HNSW_ef4
8,17,14.042,HNSW_ef4
8,30,10.667,HNSW_ef4
8,13,14.458,HNSW_ef4
8,3,12.166,HNSW_ef4
8,14,12.583,HNSW_ef4
8,12,11.125,HNSW_ef4
8,20,12.0,HNSW_ef4
8,21,11.708,HNSW_ef4
8,9,20.125,HNSW_ef4
9,30,11.084,HNSW_ef4
9,6,10.75,HNSW_ef4
9,28,12.167,HNSW_ef4
9,7,10.5,HNSW_ef4
9,10,11.084,HNSW_ef4
9,24,10.333,HNSW_ef4
9,13,14.167,HNSW_ef4
9,14,12.625,HNSW_ef4
9,33,11.458,HNSW_ef4
9,25,10.666,HNSW_ef4
9,0,15.292,HNSW_ef4
9,19,12.458,HNSW_ef4
9,4,11.75,HNSW_ef4
9,12,10.916,HNSW_ef4
9,5,9.542,HNSW_ef4
9,9,11.125,HNSW_ef4
9,11,10.708,HNSW_ef4
9,3,11.958,HNSW_ef4
9,16,13.875,HNSW_ef4
9,26,12.791,HNSW_ef4
9,20,11.875,HNSW_ef4
9,29,10.542,HNSW_ef4
9,2,11.833,HNSW_ef4
9,22,13.333,HNSW_ef4
9,27,11.042,HNSW_ef4
9,23,10.166,HNSW_ef4
9,1,10.125,HNSW_ef4
9,15,9.25,HNSW_ef4
9,8,13.666,HNSW_ef4
9,17,14.292,HNSW_ef4
9,31,13.584,HNSW_ef4
9,32,11.459,HNSW_ef4
9,18,12.209,HNSW_ef4
9,21,11.792,HNSW_ef4
10,13,14.625,HNSW_ef4
10,20,11.958,HNSW_ef4
10,28,12.0,HNSW_ef4
10,0,15.333,HNSW_ef4
10,30,10.708,HNSW_ef4
10,16,13.542,HNSW_ef4
10,27,10.917,HNSW_ef4
10,32,11.167,HNSW_ef4
10,12,11.209,HNSW_ef4
10,1,10.042,HNSW_ef4
10,2,11.625,HNSW_ef4
10,19,12.375,HNSW_ef4
10,6,10.833,HNSW_ef4
10,33,11.458,HNSW_ef4
10,15,9.416,HNSW_ef4
10,7,10.167,HNSW_ef4
10,8,13.75,HNSW_ef4
10,23,10.417,HNSW_ef4
10,5,9.542,HNSW_ef4
10,25,10.583,HNSW_ef4
10,21,11.583,HNSW_ef4
10,18,12.208,HNSW_ef4
10,10,11.083,HNSW_ef4
10,9,11.416,HNSW_ef4
10,29,18.625,HNSW_ef4
10,22,13.708,HNSW_ef4
10,17,14.291,HNSW_ef4
10,24,10.666,HNSW_ef4
10,31,13.417,HNSW_ef4
10,3,12.125,HNSW_ef4
10,4,11.792,HNSW_ef4
10,26,12.709,HNSW_ef4
10,11,10.709,HNSW_ef4
10,14,12.458,HNSW_ef4
0,10,14.625,HNSW_ef8
0,33,13.625,HNSW_ef8
0,24,12.625,HNSW_ef8
0,5,13.583,HNSW_ef8
0,29,12.833,HNSW_ef8
0,19,14.875,HNSW_ef8
0,7,13.083,HNSW_ef8
0,20,16.209,HNSW_ef8
0,28,14.5,HNSW_ef8
0,18,15.416,HNSW_ef8
0,23,13.708,HNSW_ef8
0,30,12.375,HNSW_ef8
0,22,15.833,HNSW_ef8
0,6,14.25,HNSW_ef8
0,25,13.167,HNSW_ef8
0,16,18.292,HNSW_ef8
0,9,15.292,HNSW_ef8
0,26,16.0,HNSW_ef8
0,3,15.292,HNSW_ef8
0,0,18.459,HNSW_ef8
0,15,30.459,HNSW_ef8
0,17,16.875,HNSW_ef8
0,27,18.0,HNSW_ef8
0,12,14.667,HNSW_ef8
0,21,15.25,HNSW_ef8
0,11,16.875,HNSW_ef8
0,14,25.417,HNSW_ef8
0,32,15.208,HNSW_ef8
0,2,16.0,HNSW_ef8
0,4,15.166,HNSW_ef8
0,31,18.25,HNSW_ef8
0,1,13.25,HNSW_ef8
0,13,18.208,HNSW_ef8
0,8,18.125,HNSW_ef8
1,33,13.75,HNSW_ef8
1,10,13.792,HNSW_ef8
1,18,14.709,HNSW_ef8
1,26,15.209,HNSW_ef8
1,7,12.584,HNSW_ef8
1,17,15.417,HNSW_ef8
1,25,12.791,HNSW_ef8
1,12,13.792,HNSW_ef8
1,8,16.458,HNSW_ef8
1,6,13.416,HNSW_ef8
1,22,15.0,HNSW_ef8
1,5,13.0,HNSW_ef8
1,1,12.541,HNSW_ef8
1,27,16.709,HNSW_ef8
1,32,14.5,HNSW_ef8
1,21,13.791,HNSW_ef8
1,3,14.375,HNSW_ef8
1,20,15.834,HNSW_ef8
1,14,15.959,HNSW_ef8
1,19,14.708,HNSW_ef8
1,11,16.0,HNSW_ef8
1,2,14.458,HNSW_ef8
1,0,17.291,HNSW_ef8
1,24,12.458,HNSW_ef8
1,29,12.625,HNSW_ef8
1,4,14.166,HNSW_ef8
1,30,11.75,HNSW_ef8
1,15,13.875,HNSW_ef8
1,16,17.084,HNSW_ef8
1,23,13.542,HNSW_ef8
1,28,14.459,HNSW_ef8
1,13,17.042,HNSW_ef8
1,9,14.084,HNSW_ef8
1,31,26.042,HNSW_ef8
2,15,14.042,HNSW_ef8
2,16,16.5,HNSW_ef8
2,2,14.167,HNSW_ef8
2,25,12.709,HNSW_ef8
2,8,16.167,HNSW_ef8
2,23,13.166,HNSW_ef8
2,6,13.042,HNSW_ef8
2,26,15.042,HNSW_ef8
2,4,13.917,HNSW_ef8
2,9,13.708,HNSW_ef8
2,12,13.708,HNSW_ef8
2,19,14.208,HNSW_ef8
2,14,15.334,HNSW_ef8
2,18,14.458,HNSW_ef8
2,13,16.542,HNSW_ef8
2,11,15.75,HNSW_ef8
2,33,13.5,HNSW_ef8
2,3,13.959,HNSW_ef8
2,7,12.375,HNSW_ef8
2,5,12.542,HNSW_ef8
2,24,12.209,HNSW_ef8
2,17,15.375,HNSW_ef8
2,0,16.75,HNSW_ef8
2,22,15.083,HNSW_ef8
2,30,11.833,HNSW_ef8
2,27,16.541,HNSW_ef8
2,28,14.417,HNSW_ef8
2,10,13.458,HNSW_ef8
2,20,15.459,HNSW_ef8
2,21,13.875,HNSW_ef8
2,29,12.583,HNSW_ef8
2,32,14.208,HNSW_ef8
2,31,17.708,HNSW_ef8
2,1,12.125,HNSW_ef8
3,4,14.125,HNSW_ef8
3,0,16.417,HNSW_ef8
3,11,15.5,HNSW_ef8
3,6,13.0,HNSW_ef8
3,31,17.417,HNSW_ef8
3,20,15.333,HNSW_ef8
3,8,16.292,HNSW_ef8
3,2,14.459,HNSW_ef8
3,32,14.0,HNSW_ef8
3,25,12.875,HNSW_ef8
3,13,16.417,HNSW_ef8
3,21,13.708,HNSW_ef8
3,30,11.708,HNSW_ef8
3,15,13.333,HNSW_ef8
3,33,13.417,HNSW_ef8
3,28,14.25,HNSW_ef8
3,3,13.834,HNSW_ef8
3,5,12.709,HNSW_ef8
3,16,16.75,HNSW_ef8
3,9,13.709,HNSW_ef8
3,17,32.209,HNSW_ef8
3,1,12.208,HNSW_ef8
3,27,16.417,HNSW_ef8
3,22,14.916,HNSW_ef8
3,7,12.375,HNSW_ef8
3,29,12.5,HNSW_ef8
3,24,12.125,HNSW_ef8
3,12,13.792,HNSW_ef8
3,23,13.125,HNSW_ef8
3,14,15.542,HNSW_ef8
3,18,14.416,HNSW_ef8
3,10,29.083,HNSW_ef8
3,19,14.25,HNSW_ef8
3,26,15.167,HNSW_ef8
4,31,17.334,HNSW_ef8
4,6,13.167,HNSW_ef8
4,7,12.292,HNSW_ef8
4,13,16.166,HNSW_ef8
4,28,14.0,HNSW_ef8
4,25,12.667,HNSW_ef8
4,5,12.209,HNSW_ef8
4,23,12.959,HNSW_ef8
4,8,16.167,HNSW_ef8
4,15,13.417,HNSW_ef8
4,29,12.542,HNSW_ef8
4,3,13.625,HNSW_ef8
4,1,12.125,HNSW_ef8
4,32,13.959,HNSW_ef8
4,30,11.75,HNSW_ef8
4,0,16.25,HNSW_ef8
4,4,13.583,HNSW_ef8
4,19,14.458,HNSW_ef8
4,16,16.333,HNSW_ef8
4,18,14.333,HNSW_ef8
4,9,13.542,HNSW_ef8
4,2,13.791,HNSW_ef8
4,20,15.417,HNSW_ef8
4,27,16.75,HNSW_ef8
4,22,14.833,HNSW_ef8
4,11,15.292,HNSW_ef8
4,17,15.125,HNSW_ef8
4,10,13.25,HNSW_ef8
4,33,13.625,HNSW_ef8
4,24,12.292,HNSW_ef8
4,12,13.542,HNSW_ef8
4,14,15.167,HNSW_ef8
4,21,13.708,HNSW_ef8
4,26,15.083,HNSW_ef8
5,6,13.458,HNSW_ef8
5,33,13.208,HNSW_ef8
5,7,12.291,HNSW_ef8
5,32,13.875,HNSW_ef8
5,26,14.958,HNSW_ef8
5,22,14.708,HNSW_ef8
5,24,12.209,HNSW_ef8
5,15,13.709,HNSW_ef8
5,30,29.958,HNSW_ef8
5,31,17.792,HNSW_ef8
5,23,13.167,HNSW_ef8
5,20,15.375,HNSW_ef8
5,14,15.417,HNSW_ef8
5,18,14.292,HNSW_ef8
5,11,15.458,HNSW_ef8
5,12,13.541,HNSW_ef8
5,2,13.917,HNSW_ef8
5,25,12.875,HNSW_ef8
5,10,13.083,HNSW_ef8
5,9,13.583,HNSW_ef8
5,21,13.625,HNSW_ef8
5,17,15.083,HNSW_ef8
5,4,13.708,HNSW_ef8
5,16,16.166,HNSW_ef8
5,1,12.0,HNSW_ef8
5,29,17.208,HNSW_ef8
5,3,13.708,HNSW_ef8
5,0,16.417,HNSW_ef8
5,19,13.875,HNSW_ef8
5,28,14.209,HNSW_ef8
5,8,16.333,HNSW_ef8
5,27,16.667,HNSW_ef8
5,5,12.5,HNSW_ef8
5,13,16.25,HNSW_ef8
6,33,13.458,HNSW_ef8
6,21,13.667,HNSW_ef8
6,6,13.083,HNSW_ef8
6,3,13.875,HNSW_ef8
6,25,12.75,HNSW_ef8
6,19,13.792,HNSW_ef8
6,29,12.584,HNSW_ef8
6,23,13.042,HNSW_ef8
6,9,13.625,HNSW_ef8
6,11,15.375,HNSW_ef8
6,8,16.333,HNSW_ef8
6,27,16.5,HNSW_ef8
6,28,14.041,HNSW_ef8
6,10,13.25,HNSW_ef8
6,4,13.667,HNSW_ef8
6,18,14.458,HNSW_ef8
6,7,12.209,HNSW_ef8
6,1,12.209,HNSW_ef8
6,0,16.333,HNSW_ef8
6,15,21.958,HNSW_ef8
6,20,15.458,HNSW_ef8
6,32,13.917,HNSW_ef8
6,16,16.167,HNSW_ef8
6,12,13.292,HNSW_ef8
6,26,15.0,HNSW_ef8
6,24,12.125,HNSW_ef8
6,17,15.042,HNSW_ef8
6,22,14.75,HNSW_ef8
6,5,12.458,HNSW_ef8
6,30,11.666,HNSW_ef8
6,2,14.042,HNSW_ef8
6,31,17.417,HNSW_ef8
6,14,15.584,HNSW_ef8
6,13,16.292,HNSW_ef8
7,20,15.375,HNSW_ef8
7,16,16.416,HNSW_ef8
7,2,13.75,HNSW_ef8
7,12,13.584,HNSW_ef8
7,29,12.542,HNSW_ef8
7,10,13.041,HNSW_ef8
7,22,14.709,HNSW_ef8
7,4,13.209,HNSW_ef8
7,0,16.208,HNSW_ef8
7,23,13.0,HNSW_ef8
7,19,13.875,HNSW_ef8
7,33,13.292,HNSW_ef8
7,15,13.375,HNSW_ef8
7,26,15.125,HNSW_ef8
7,28,14.166,HNSW_ef8
7,18,14.208,HNSW_ef8
7,24,12.0,HNSW_ef8
7,3,13.708,HNSW_ef8
7,8,16.375,HNSW_ef8
7,11,15.375,HNSW_ef8
7,7,12.209,HNSW_ef8
7,5,12.417,HNSW_ef8
7,1,12.0,HNSW_ef8
7,32,13.75,HNSW_ef8
7,27,16.375,HNSW_ef8
7,17,15.083,HNSW_ef8
7,9,13.833,HNSW_ef8
7,25,12.625,HNSW_ef8
7,13,16.125,HNSW_ef8
7,21,13.584,HNSW_ef8
7,30,11.625,HNSW_ef8
7,31,25.375,HNSW_ef8
7,6,13.292,HNSW_ef8
7,14,15.375,HNSW_ef8
8,16,16.375,HNSW_ef8
8,8,16.292,HNSW_ef8
8,33,13.292,HNSW_ef8
8,25,12.75,HNSW_ef8
8,18,14.25,HNSW_ef8
8,26,14.875,HNSW_ef8
8,32,13.792,HNSW_ef8
8,11,15.25,HNSW_ef8
8,27,16.291,HNSW_ef8
8,7,12.125,HNSW_ef8
8,15,13.25,HNSW_ef8
8,1,12.167,HNSW_ef8
8,22,14.792,HNSW_ef8
8,28,14.083,HNSW_ef8
8,19,13.75,HNSW_ef8
8,23,13.083,HNSW_ef8
8,0,16.5,HNSW_ef8
8,24,12.083,HNSW_ef8
8,29,12.583,HNSW_ef8
8,2,13.791,HNSW_ef8
8,31,17.083,HNSW_ef8
8,5,12.25,HNSW_ef8
8,4,13.084,HNSW_ef8
8,10,13.042,HNSW_ef8
8,6,12.75,HNSW_ef8
8,17,14.791,HNSW_ef8
8,30,11.667,HNSW_ef8
8,13,16.0,HNSW_ef8
8,3,13.792,HNSW_ef8
8,14,15.209,HNSW_ef8
8,12,13.417,HNSW_ef8
8,20,15.291,HNSW_ef8
8,21,13.625,HNSW_ef8
8,9,13.834,HNSW_ef8
9,30,12.042,HNSW_ef8
9,6,12.708,HNSW_ef8
9,28,13.708,HNSW_ef8
9,7,12.167,HNSW_ef8
9,10,13.209,HNSW_ef8
9,24,12.125,HNSW_ef8
9,13,16.0,HNSW_ef8
9,14,15.125,HNSW_ef8
9,33,13.416,HNSW_ef8
9,25,12.708,HNSW_ef8
9,0,16.291,HNSW_ef8
9,19,13.75,HNSW_ef8
9,4,13.166,HNSW_ef8
9,12,13.334,HNSW_ef8
9,5,12.167,HNSW_ef8
9,9,13.458,HNSW_ef8
9,11,15.125,HNSW_ef8
9,3,13.583,HNSW_ef8
9,16,16.166,HNSW_ef8
9,26,15.166,HNSW_ef8
9,20,15.25,HNSW_ef8
9,29,12.5,HNSW_ef8
9,2,14.125,HNSW_ef8
9,22,14.958,HNSW_ef8
9,27,16.416,HNSW_ef8
9,23,13.167,HNSW_ef8
9,1,12.167,HNSW_ef8
9,15,13.208,HNSW_ef8
9,8,16.041,HNSW_ef8
9,17,14.833,HNSW_ef8
9,31,17.25,HNSW_ef8
9,32,13.875,HNSW_ef8
9,18,14.209,HNSW_ef8
9,21,13.792,HNSW_ef8
10,13,16.625,HNSW_ef8
10,20,15.292,HNSW_ef8
10,28,13.917,HNSW_ef8
10,0,16.416,HNSW_ef8
10,30,11.625,HNSW_ef8
10,16,15.958,HNSW_ef8
10,27,16.167,HNSW_ef8
10,32,13.959,HNSW_ef8
10,12,13.375,HNSW_ef8
10,1,12.083,HNSW_ef8
10,2,13.917,HNSW_ef8
10,19,13.708,HNSW_ef8
10,6,12.75,HNSW_ef8
10,33,13.334,HNSW_ef8
10,15,13.334,HNSW_ef8
10,7,12.167,HNSW_ef8
10,8,15.959,HNSW_ef8
10,23,13.125,HNSW_ef8
10,5,12.208,HNSW_ef8
10,25,12.584,HNSW_ef8
10,21,13.5,HNSW_ef8
10,18,14.417,HNSW_ef8
10,10,13.083,HNSW_ef8
10,9,13.625,HNSW_ef8
10,29,12.375,HNSW_ef8
10,22,14.833,HNSW_ef8
10,17,14.916,HNSW_ef8
10,24,12.125,HNSW_ef8
10,31,17.166,HNSW_ef8
10,3,13.875,HNSW_ef8
10,4,35.167,HNSW_ef8
10,26,15.042,HNSW_ef8
10,11,15.334,HNSW_ef8
10,14,15.292,HNSW_ef8
0,10,16.667,HNSW_ef12
0,33,16.291,HNSW_ef12
0,24,14.25,HNSW_ef12
0,5,16.958,HNSW_ef12
0,29,15.0,HNSW_ef12
0,19,17.208,HNSW_ef12
0,7,16.375,HNSW_ef12
0,20,18.459,HNSW_ef12
0,28,18.292,HNSW_ef12
0,18,17.292,HNSW_ef12
0,23,15.5,HNSW_ef12
0,30,12.709,HNSW_ef12
0,22,17.166,HNSW_ef12
0,6,16.583,HNSW_ef12
0,25,15.75,HNSW_ef12
0,16,20.125,HNSW_ef12
0,9,16.167,HNSW_ef12
0,26,17.958,HNSW_ef12
0,3,16.458,HNSW_ef12
0,0,21.416,HNSW_ef12
0,15,17.709,HNSW_ef12
0,17,19.667,HNSW_ef12
0,27,17.542,HNSW_ef12
0,12,17.834,HNSW_ef12
0,21,19.208,HNSW_ef12
0,11,19.459,HNSW_ef12
0,14,17.917,HNSW_ef12
0,32,17.5,HNSW_ef12
0,2,17.875,HNSW_ef12
0,4,17.166,HNSW_ef12
0,31,20.792,HNSW_ef12
0,1,15.291,HNSW_ef12
0,13,20.375,HNSW_ef12
0,8,20.417,HNSW_ef12
1,33,16.584,HNSW_ef12
1,10,27.625,HNSW_ef12
1,18,16.708,HNSW_ef12
1,26,17.333,HNSW_ef12
1,7,15.5,HNSW_ef12
1,17,18.083,HNSW_ef12
1,25,15.167,HNSW_ef12
1,12,16.959,HNSW_ef12
1,8,18.334,HNSW_ef12
1,6,15.708,HNSW_ef12
1,22,16.958,HNSW_ef12
1,5,16.458,HNSW_ef12
1,1,28.25,HNSW_ef12
1,27,17.292,HNSW_ef12
1,32,16.625,HNSW_ef12
1,21,18.416,HNSW_ef12
1,3,15.667,HNSW_ef12
1,20,18.209,HNSW_ef12
1,14,16.792,HNSW_ef12
1,19,17.167,HNSW_ef12
1,11,18.459,HNSW_ef12
1,2,16.625,HNSW_ef12
1,0,20.291,HNSW_ef12
1,24,14.208,HNSW_ef12
1,29,14.917,HNSW_ef12
1,4,15.958,HNSW_ef12
1,30,12.583,HNSW_ef12
1,15,16.792,HNSW_ef12
1,16,19.5,HNSW_ef12
1,23,15.333,HNSW_ef12
1,28,18.333,HNSW_ef12
1,13,19.5,HNSW_ef12
1,9,15.375,HNSW_ef12
1,31,20.25,HNSW_ef12
2,15,16.834,HNSW_ef12
2,16,19.041,HNSW_ef12
2,2,16.042,HNSW_ef12
2,25,15.125,HNSW_ef12
2,8,18.334,HNSW_ef12
2,23,14.834,HNSW_ef12
2,6,15.25,HNSW_ef12
2,26,17.125,HNSW_ef12
2,4,15.5,HNSW_ef12
2,9,14.875,HNSW_ef12
2,12,16.75,HNSW_ef12
2,19,17.042,HNSW_ef12
2,14,16.625,HNSW_ef12
2,18,16.459,HNSW_ef12
2,13,19.25,HNSW_ef12
2,11,18.0,HNSW_ef12
2,33,16.083,HNSW_ef12
2,3,15.291,HNSW_ef12
2,7,15.292,HNSW_ef12
2,5,16.084,HNSW_ef12
2,24,13.875,HNSW_ef12
2,17,17.875,HNSW_ef12
2,0,19.708,HNSW_ef12
2,22,16.875,HNSW_ef12
2,30,12.542,HNSW_ef12
2,27,17.084,HNSW_ef12
2,28,18.292,HNSW_ef12
2,10,15.667,HNSW_ef12
2,20,17.875,HNSW_ef12
2,21,18.583,HNSW_ef12
2,29,14.917,HNSW_ef12
2,32,16.542,HNSW_ef12
2,31,20.083,HNSW_ef12
2,1,14.375,HNSW_ef12
3,4,16.041,HNSW_ef12
3,0,19.625,HNSW_ef12
3,11,17.75,HNSW_ef12
3,6,15.208,HNSW_ef12
3,31,19.375,HNSW_ef12
3,20,17.959,HNSW_ef12
3,8,18.291,HNSW_ef12
3,2,15.958,HNSW_ef12
3,32,16.375,HNSW_ef12
3,25,15.125,HNSW_ef12
3,13,18.917,HNSW_ef12
3,21,18.083,HNSW_ef12
3,30,12.416,HNSW_ef12
3,15,16.292,HNSW_ef12
3,33,16.042,HNSW_ef12
3,28,18.042,HNSW_ef12
3,3,15.083,HNSW_ef12
3,5,15.958,HNSW_ef12
3,16,18.958,HNSW_ef12
3,9,14.958,HNSW_ef12
3,17,17.833,HNSW_ef12
3,1,13.875,HNSW_ef12
3,27,16.875,HNSW_ef12
3,22,16.75,HNSW_ef12
3,7,15.125,HNSW_ef12
3,29,14.708,HNSW_ef12
3,24,14.041,HNSW_ef12
3,12,16.792,HNSW_ef12
3,23,15.0,HNSW_ef12
3,14,16.5,HNSW_ef12
3,18,16.542,HNSW_ef12
3,10,15.416,HNSW_ef12
3,19,16.875,HNSW_ef12
3,26,17.167,HNSW_ef12
4,31,18.791,HNSW_ef12
4,6,15.25,HNSW_ef12
4,7,15.0,HNSW_ef12
4,13,19.042,HNSW_ef12
4,28,17.875,HNSW_ef12
4,25,14.875,HNSW_ef12
4,5,31.667,HNSW_ef12
4,23,14.75,HNSW_ef12
4,8,18.208,HNSW_ef12
4,15,16.416,HNSW_ef12
4,29,21.792,HNSW_ef12
4,3,15.125,HNSW_ef12
4,1,13.875,HNSW_ef12
4,32,16.584,HNSW_ef12
4,30,12.583,HNSW_ef12
4,0,35.583,HNSW_ef12
4,4,15.416,HNSW_ef12
4,19,16.542,HNSW_ef12
4,16,18.917,HNSW_ef12
4,18,16.459,HNSW_ef12
4,9,14.583,HNSW_ef12
4,2,15.666,HNSW_ef12
4,20,32.417,HNSW_ef12
4,27,17.417,HNSW_ef12
4,22,16.875,HNSW_ef12
4,11,17.875,HNSW_ef12
4,17,17.667,HNSW_ef12
4,10,15.042,HNSW_ef12
4,33,16.667,HNSW_ef12
4,24,14.208,HNSW_ef12
4,12,16.667,HNSW_ef12
4,14,16.5,HNSW_ef12
4,21,18.25,HNSW_ef12
4,26,25.125,HNSW_ef12
5,6,15.25,HNSW_ef12
5,33,16.208,HNSW_ef12
5,7,15.333,HNSW_ef12
5,32,20.959,HNSW_ef12
5,26,16.833,HNSW_ef12
5,22,16.666,HNSW_ef12
5,24,13.875,HNSW_ef12
5,15,16.166,HNSW_ef12
5,30,12.25,HNSW_ef12
5,31,18.625,HNSW_ef12
5,23,14.709,HNSW_ef12
5,20,17.334,HNSW_ef12
5,14,16.625,HNSW_ef12
5,18,16.375,HNSW_ef12
5,11,17.958,HNSW_ef12
5,12,16.5,HNSW_ef12
5,2,15.5,HNSW_ef12
5,25,14.917,HNSW_ef12
5,10,15.125,HNSW_ef12
5,9,14.458,HNSW_ef12
5,21,17.917,HNSW_ef12
5,17,17.5,HNSW_ef12
5,4,15.583,HNSW_ef12
5,16,18.583,HNSW_ef12
5,1,13.833,HNSW_ef12
5,29,14.458,HNSW_ef12
5,3,15.083,HNSW_ef12
5,0,19.333,HNSW_ef12
5,19,16.667,HNSW_ef12
5,28,17.625,HNSW_ef12
5,8,18.166,HNSW_ef12
5,27,24.292,HNSW_ef12
5,5,15.958,HNSW_ef12
5,13,26.583,HNSW_ef12
6,33,15.917,HNSW_ef12
6,21,18.0,HNSW_ef12
6,6,15.208,HNSW_ef12
6,3,15.125,HNSW_ef12
6,25,15.042,HNSW_ef12
6,19,16.417,HNSW_ef12
6,29,14.875,HNSW_ef12
6,23,14.708,HNSW_ef12
6,9,14.791,HNSW_ef12
6,11,18.0,HNSW_ef12
6,8,17.791,HNSW_ef12
6,27,16.833,HNSW_ef12
6,28,17.583,HNSW_ef12
6,10,15.125,HNSW_ef12
6,4,15.334,HNSW_ef12
6,18,16.25,HNSW_ef12
6,7,15.125,HNSW_ef12
6,1,13.958,HNSW_ef12
6,0,19.166,HNSW_ef12
6,15,16.208,HNSW_ef12
6,20,17.667,HNSW_ef12
6,32,16.459,HNSW_ef12
6,16,18.75,HNSW_ef12
6,12,16.833,HNSW_ef12
6,26,17.125,HNSW_ef12
6,24,13.958,HNSW_ef12
6,17,17.666,HNSW_ef12
6,22,16.75,HNSW_ef12
6,5,15.666,HNSW_ef12
6,30,12.75,HNSW_ef12
6,2,15.458,HNSW_ef12
6,31,19.416,HNSW_ef12
6,14,16.583,HNSW_ef12
6,13,19.042,HNSW_ef12
7,20,18.083,HNSW_ef12
7,16,18.875,HNSW_ef12
7,2,15.458,HNSW_ef12
7,12,16.583,HNSW_ef12
7,29,14.458,HNSW_ef12
7,10,15.042,HNSW_ef12
7,22,16.583,HNSW_ef12
7,4,15.291,HNSW_ef12
7,0,19.5,HNSW_ef12
7,23,14.958,HNSW_ef12
7,19,16.458,HNSW_ef12
7,33,15.958,HNSW_ef12
7,15,16.291,HNSW_ef12
7,26,17.083,HNSW_ef12
7,28,17.625,HNSW_ef12
7,18,16.375,HNSW_ef12
7,24,13.833,HNSW_ef12
7,3,15.125,HNSW_ef12
7,8,18.292,HNSW_ef12
7,11,17.917,HNSW_ef12
7,7,14.917,HNSW_ef12
7,5,15.5,HNSW_ef12
7,1,13.917,HNSW_ef12
7,32,16.292,HNSW_ef12
7,27,16.583,HNSW_ef12
7,17,17.833,HNSW_ef12
7,9,14.542,HNSW_ef12
7,25,15.125,HNSW_ef12
7,13,19.0,HNSW_ef12
7,21,18.333,HNSW_ef12
7,30,12.417,HNSW_ef12
7,31,19.291,HNSW_ef12
7,6,15.125,HNSW_ef12
7,14,16.416,HNSW_ef12
8,16,19.083,HNSW_ef12
8,8,17.916,HNSW_ef12
8,33,16.083,HNSW_ef12
8,25,15.0,HNSW_ef12
8,18,16.208,HNSW_ef12
8,26,17.0,HNSW_ef12
8,32,16.25,HNSW_ef12
8,11,18.083,HNSW_ef12
8,27,16.667,HNSW_ef12
8,7,15.083,HNSW_ef12
8,15,16.083,HNSW_ef12
8,1,13.708,HNSW_ef12
8,22,16.584,HNSW_ef12
8,28,17.458,HNSW_ef12
8,19,16.458,HNSW_ef12
8,23,14.75,HNSW_ef12
8,0,19.167,HNSW_ef12
8,24,13.875,HNSW_ef12
8,29,14.458,HNSW_ef12
8,2,15.291,HNSW_ef12
8,31,18.958,HNSW_ef12
8,5,23.958,HNSW_ef12
8,4,15.375,HNSW_ef12
8,10,15.083,HNSW_ef12
8,6,14.583,HNSW_ef12
8,17,17.709,HNSW_ef12
8,30,12.542,HNSW_ef12
8,13,18.75,HNSW_ef12
8,3,15.041,HNSW_ef12
8,14,16.542,HNSW_ef12
8,12,16.709,HNSW_ef12
8,20,17.542,HNSW_ef12
8,21,18.541,HNSW_ef12
8,9,14.458,HNSW_ef12
9,30,12.583,HNSW_ef12
9,6,14.667,HNSW_ef12
9,28,17.625,HNSW_ef12
9,7,21.083,HNSW_ef12
9,10,15.125,HNSW_ef12
9,24,14.0,HNSW_ef12
9,13,18.916,HNSW_ef12
9,14,16.333,HNSW_ef12
9,33,16.458,HNSW_ef12
9,25,15.208,HNSW_ef12
9,0,19.208,HNSW_ef12
9,19,16.417,HNSW_ef12
9,4,14.875,HNSW_ef12
9,12,16.792,HNSW_ef12
9,5,15.542,HNSW_ef12
9,9,14.417,HNSW_ef12
9,11,17.709,HNSW_ef12
9,3,15.0,HNSW_ef12
9,16,18.542,HNSW_ef12
9,26,17.291,HNSW_ef12
9,20,24.083,HNSW_ef12
9,29,14.75,HNSW_ef12
9,2,15.25,HNSW_ef12
9,22,16.625,HNSW_ef12
9,27,16.709,HNSW_ef12
9,23,14.916,HNSW_ef12
9,1,13.75,HNSW_ef12
9,15,16.083,HNSW_ef12
9,8,17.958,HNSW_ef12
9,17,17.792,HNSW_ef12
9,31,19.167,HNSW_ef12
9,32,16.5,HNSW_ef12
9,18,16.375,HNSW_ef12
9,21,18.292,HNSW_ef12
10,13,19.167,HNSW_ef12
10,20,17.417,HNSW_ef12
10,28,17.584,HNSW_ef12
10,0,19.334,HNSW_ef12
10,30,12.167,HNSW_ef12
10,16,18.875,HNSW_ef12
10,27,16.75,HNSW_ef12
10,32,16.375,HNSW_ef12
10,12,16.709,HNSW_ef12
10,1,13.709,HNSW_ef12
10,2,15.083,HNSW_ef12
10,19,16.458,HNSW_ef12
10,6,14.542,HNSW_ef12
10,33,23.5,HNSW_ef12
10,15,16.208,HNSW_ef12
10,7,15.041,HNSW_ef12
10,8,17.791,HNSW_ef12
10,23,15.083,HNSW_ef12
10,5,15.625,HNSW_ef12
10,25,15.167,HNSW_ef12
10,21,18.417,HNSW_ef12
10,18,16.125,HNSW_ef12
10,10,15.208,HNSW_ef12
10,9,14.5,HNSW_ef12
10,29,14.834,HNSW_ef12
10,22,16.75,HNSW_ef12
10,17,17.791,HNSW_ef12
10,24,14.375,HNSW_ef12
10,31,19.458,HNSW_ef12
10,3,15.167,HNSW_ef12
10,4,15.417,HNSW_ef12
10,26,17.166,HNSW_ef12
10,11,18.125,HNSW_ef12
10,14,16.833,HNSW_ef12
0,10,27.5,HNSW_ef16
0,33,18.791,HNSW_ef16
0,24,16.792,HNSW_ef16
0,5,18.542,HNSW_ef16
0,29,17.167,HNSW_ef16
0,19,18.917,HNSW_ef16
0,7,19.041,HNSW_ef16
0,20,21.875,HNSW_ef16
0,28,29.417,HNSW_ef16
0,18,21.167,HNSW_ef16
0,23,17.084,HNSW_ef16
0,30,15.083,HNSW_ef16
0,22,19.75,HNSW_ef16
0,6,18.75,HNSW_ef16
0,25,19.292,HNSW_ef16
0,16,22.834,HNSW_ef16
0,9,18.583,HNSW_ef16
0,26,20.166,HNSW_ef16
0,3,34.167,HNSW_ef16
0,0,25.333,HNSW_ef16
0,15,20.625,HNSW_ef16
0,17,21.709,HNSW_ef16
0,27,21.375,HNSW_ef16
0,12,22.792,HNSW_ef16
0,21,21.959,HNSW_ef16
0,11,22.625,HNSW_ef16
0,14,21.584,HNSW_ef16
0,32,21.0,HNSW_ef16
0,2,20.042,HNSW_ef16
0,4,19.209,HNSW_ef16
0,31,23.334,HNSW_ef16
0,1,17.125,HNSW_ef16
0,13,23.917,HNSW_ef16
0,8,22.958,HNSW_ef16
1,33,19.083,HNSW_ef16
1,10,26.625,HNSW_ef16
1,18,20.25,HNSW_ef16
1,26,19.333,HNSW_ef16
1,7,18.291,HNSW_ef16
1,17,20.375,HNSW_ef16
1,25,18.625,HNSW_ef16
1,12,21.666,HNSW_ef16
1,8,21.5,HNSW_ef16
1,6,18.125,HNSW_ef16
1,22,19.584,HNSW_ef16
1,5,18.209,HNSW_ef16
1,1,16.042,HNSW_ef16
1,27,20.583,HNSW_ef16
1,32,20.416,HNSW_ef16
1,21,20.875,HNSW_ef16
1,3,18.458,HNSW_ef16
1,20,21.875,HNSW_ef16
1,14,20.833,HNSW_ef16
1,19,18.708,HNSW_ef16
1,11,28.042,HNSW_ef16
1,2,18.917,HNSW_ef16
1,0,23.541,HNSW_ef16
1,24,16.958,HNSW_ef16
1,29,17.083,HNSW_ef16
1,4,18.292,HNSW_ef16
1,30,15.209,HNSW_ef16
1,15,20.166,HNSW_ef16
1,16,22.417,HNSW_ef16
1,23,16.833,HNSW_ef16
1,28,20.458,HNSW_ef16
1,13,22.875,HNSW_ef16
1,9,17.75,HNSW_ef16
1,31,22.791,HNSW_ef16
2,15,20.209,HNSW_ef16
2,16,22.166,HNSW_ef16
2,2,18.208,HNSW_ef16
2,25,18.584,HNSW_ef16
2,8,21.208,HNSW_ef16
2,23,16.625,HNSW_ef16
2,6,17.5,HNSW_ef16
2,26,19.291,HNSW_ef16
2,4,17.959,HNSW_ef16
2,9,17.375,HNSW_ef16
2,12,21.125,HNSW_ef16
2,19,18.208,HNSW_ef16
2,14,20.542,HNSW_ef16
2,18,20.292,HNSW_ef16
2,13,22.375,HNSW_ef16
2,11,21.333,HNSW_ef16
2,33,18.916,HNSW_ef16
2,3,17.959,HNSW_ef16
2,7,18.167,HNSW_ef16
2,5,17.875,HNSW_ef16
2,24,16.917,HNSW_ef16
2,17,20.208,HNSW_ef16
2,0,23.416,HNSW_ef16
2,22,19.333,HNSW_ef16
2,30,15.125,HNSW_ef16
2,27,20.458,HNSW_ef16
2,28,28.208,HNSW_ef16
2,10,19.0,HNSW_ef16
2,20,21.667,HNSW_ef16
2,21,28.75,HNSW_ef16
2,29,17.333,HNSW_ef16
2,32,20.292,HNSW_ef16
2,31,22.625,HNSW_ef16
2,1,15.875,HNSW_ef16
3,4,18.0,HNSW_ef16
3,0,23.083,HNSW_ef16
3,11,21.209,HNSW_ef16
3,6,17.542,HNSW_ef16
3,31,21.708,HNSW_ef16
3,20,21.25,HNSW_ef16
3,8,20.959,HNSW_ef16
3,2,18.375,HNSW_ef16
3,32,19.917,HNSW_ef16
3,25,18.834,HNSW_ef16
3,13,22.25,HNSW_ef16
3,21,20.542,HNSW_ef16
3,30,14.916,HNSW_ef16
3,15,19.5,HNSW_ef16
3,33,26.875,HNSW_ef16
3,28,20.708,HNSW_ef16
3,3,17.875,HNSW_ef16
3,5,17.542,HNSW_ef16
3,16,21.583,HNSW_ef16
3,9,17.417,HNSW_ef16
3,17,20.208,HNSW_ef16
3,1,15.5,HNSW_ef16
3,27,20.333,HNSW_ef16
3,22,19.25,HNSW_ef16
3,7,18.0,HNSW_ef16
3,29,17.209,HNSW_ef16
3,24,16.917,HNSW_ef16
3,12,21.25,HNSW_ef16
3,23,16.458,HNSW_ef16
3,14,20.375,HNSW_ef16
3,18,20.291,HNSW_ef16
3,10,18.375,HNSW_ef16
3,19,18.208,HNSW_ef16
3,26,19.583,HNSW_ef16
4,31,21.417,HNSW_ef16
4,6,18.166,HNSW_ef16
4,7,18.5,HNSW_ef16
4,13,22.541,HNSW_ef16
4,28,20.0,HNSW_ef16
4,25,18.625,HNSW_ef16
4,5,25.667,HNSW_ef16
4,23,17.083,HNSW_ef16
4,8,21.542,HNSW_ef16
4,15,19.958,HNSW_ef16
4,29,17.042,HNSW_ef16
4,3,17.75,HNSW_ef16
4,1,15.834,HNSW_ef16
4,32,20.209,HNSW_ef16
4,30,14.917,HNSW_ef16
4,0,23.25,HNSW_ef16
4,4,18.0,HNSW_ef16
4,19,18.125,HNSW_ef16
4,16,22.125,HNSW_ef16
4,18,20.583,HNSW_ef16
4,9,17.416,HNSW_ef16
4,2,19.125,HNSW_ef16
4,20,21.334,HNSW_ef16
4,27,20.459,HNSW_ef16
4,22,19.334,HNSW_ef16
4,11,21.792,HNSW_ef16
4,17,20.25,HNSW_ef16
4,10,19.292,HNSW_ef16
4,33,19.458,HNSW_ef16
4,24,16.75,HNSW_ef16
4,12,21.667,HNSW_ef16
4,14,20.916,HNSW_ef16
4,21,20.375,HNSW_ef16
4,26,19.875,HNSW_ef16
5,6,17.916,HNSW_ef16
5,33,18.708,HNSW_ef16
5,7,18.084,HNSW_ef16
5,32,19.0,HNSW_ef16
5,26,18.792,HNSW_ef16
5,22,18.792,HNSW_ef16
5,24,16.417,HNSW_ef16
5,15,19.791,HNSW_ef16
5,30,14.625,HNSW_ef16
5,31,21.334,HNSW_ef16
5,23,16.5,HNSW_ef16
5,20,21.167,HNSW_ef16
5,14,20.292,HNSW_ef16
5,18,20.5,HNSW_ef16
5,11,21.5,HNSW_ef16
5,12,20.958,HNSW_ef16
5,2,18.541,HNSW_ef16
5,25,18.666,HNSW_ef16
5,10,18.25,HNSW_ef16
5,9,17.417,HNSW_ef16
5,21,20.291,HNSW_ef16
5,17,19.958,HNSW_ef16
5,4,18.083,HNSW_ef16
5,16,21.917,HNSW_ef16
5,1,15.667,HNSW_ef16
5,29,17.0,HNSW_ef16
5,3,17.834,HNSW_ef16
5,0,23.209,HNSW_ef16
5,19,18.167,HNSW_ef16
5,28,20.083,HNSW_ef16
5,8,21.333,HNSW_ef16
5,27,20.375,HNSW_ef16
5,5,17.958,HNSW_ef16
5,13,22.209,HNSW_ef16
6,33,18.666,HNSW_ef16
6,21,20.291,HNSW_ef16
6,6,17.417,HNSW_ef16
6,3,17.667,HNSW_ef16
6,25,18.334,HNSW_ef16
6,19,18.0,HNSW_ef16
6,29,17.0,HNSW_ef16
6,23,16.292,HNSW_ef16
6,9,17.25,HNSW_ef16
6,11,21.167,HNSW_ef16
6,8,21.292,HNSW_ef16
6,27,20.375,HNSW_ef16
6,28,19.959,HNSW_ef16
6,10,18.542,HNSW_ef16
6,4,18.333,HNSW_ef16
6,18,20.042,HNSW_ef16
6,7,18.333,HNSW_ef16
6,1,16.167,HNSW_ef16
6,0,23.209,HNSW_ef16
6,15,19.875,HNSW_ef16
6,20,21.333,HNSW_ef16
6,32,19.75,HNSW_ef16
6,16,22.0,HNSW_ef16
6,12,21.208,HNSW_ef16
6,26,19.333,HNSW_ef16
6,24,16.667,HNSW_ef16
6,17,20.125,HNSW_ef16
6,22,19.125,HNSW_ef16
6,5,18.25,HNSW_ef16
6,30,14.584,HNSW_ef16
6,2,18.625,HNSW_ef16
6,31,21.208,HNSW_ef16
6,14,20.833,HNSW_ef16
6,13,22.792,HNSW_ef16
7,20,21.417,HNSW_ef16
7,16,21.667,HNSW_ef16
7,2,18.0,HNSW_ef16
7,12,20.875,HNSW_ef16
7,29,16.791,HNSW_ef16
7,10,18.292,HNSW_ef16
7,22,18.792,HNSW_ef16
7,4,17.666,HNSW_ef16
7,0,22.958,HNSW_ef16
7,23,16.333,HNSW_ef16
7,19,17.833,HNSW_ef16
7,33,18.75,HNSW_ef16
7,15,19.667,HNSW_ef16
7,26,19.125,HNSW_ef16
7,28,19.875,HNSW_ef16
7,18,20.125,HNSW_ef16
7,24,16.5,HNSW_ef16
7,3,25.5,HNSW_ef16
7,8,21.625,HNSW_ef16
7,11,21.25,HNSW_ef16
7,7,17.959,HNSW_ef16
7,5,17.542,HNSW_ef16
7,1,15.791,HNSW_ef16
7,32,19.583,HNSW_ef16
7,27,20.041,HNSW_ef16
7,17,19.917,HNSW_ef16
7,9,17.167,HNSW_ef16
7,25,18.667,HNSW_ef16
7,13,22.125,HNSW_ef16
7,21,20.125,HNSW_ef16
7,30,22.333,HNSW_ef16
7,31,21.75,HNSW_ef16
7,6,17.291,HNSW_ef16
7,14,20.458,HNSW_ef16
8,16,21.667,HNSW_ef16
8,8,21.167,HNSW_ef16
8,33,18.666,HNSW_ef16
8,25,18.417,HNSW_ef16
8,18,19.875,HNSW_ef16
8,26,18.959,HNSW_ef16
8,32,19.084,HNSW_ef16
8,11,21.209,HNSW_ef16
8,27,20.083,HNSW_ef16
8,7,18.25,HNSW_ef16
8,15,19.666,HNSW_ef16
8,1,15.416,HNSW_ef16
8,22,18.625,HNSW_ef16
8,28,19.875,HNSW_ef16
8,19,17.625,HNSW_ef16
8,23,16.292,HNSW_ef16
8,0,23.125,HNSW_ef16
8,24,16.625,HNSW_ef16
8,29,17.042,HNSW_ef16
8,2,17.959,HNSW_ef16
8,31,21.209,HNSW_ef16
8,5,17.542,HNSW_ef16
8,4,25.375,HNSW_ef16
8,10,18.583,HNSW_ef16
8,6,17.334,HNSW_ef16
8,17,19.875,HNSW_ef16
8,30,14.667,HNSW_ef16
8,13,22.334,HNSW_ef16
8,3,17.875,HNSW_ef16
8,14,20.75,HNSW_ef16
8,12,21.125,HNSW_ef16
8,20,21.5,HNSW_ef16
8,21,20.375,HNSW_ef16
8,9,17.375,HNSW_ef16
9,30,14.333,HNSW_ef16
9,6,17.166,HNSW_ef16
9,28,19.75,HNSW_ef16
9,7,18.042,HNSW_ef16
9,10,18.292,HNSW_ef16
9,24,16.5,HNSW_ef16
9,13,22.167,HNSW_ef16
9,14,20.375,HNSW_ef16
9,33,19.708,HNSW_ef16
9,25,18.917,HNSW_ef16
9,0,22.959,HNSW_ef16
9,19,17.792,HNSW_ef16
9,4,17.625,HNSW_ef16
9,12,20.834,HNSW_ef16
9,5,35.167,HNSW_ef16
9,9,17.084,HNSW_ef16
9,11,21.375,HNSW_ef16
9,3,17.583,HNSW_ef16
9,16,21.834,HNSW_ef16
9,26,19.541,HNSW_ef16
9,20,21.209,HNSW_ef16
9,29,16.875,HNSW_ef16
9,2,17.875,HNSW_ef16
9,22,18.791,HNSW_ef16
9,27,20.458,HNSW_ef16
9,23,31.875,HNSW_ef16
9,1,15.958,HNSW_ef16
9,15,19.416,HNSW_ef16
9,8,21.541,HNSW_ef16
9,17,19.791,HNSW_ef16
9,31,21.25,HNSW_ef16
9,32,20.542,HNSW_ef16
9,18,20.375,HNSW_ef16
9,21,20.167,HNSW_ef16
10,13,22.375,HNSW_ef16
10,20,21.0,HNSW_ef16
10,28,19.584,HNSW_ef16
10,0,31.0,HNSW_ef16
10,30,14.583,HNSW_ef16
10,16,21.666,HNSW_ef16
10,27,19.958,HNSW_ef16
10,32,19.542,HNSW_ef16
10,12,20.708,HNSW_ef16
10,1,15.584,HNSW_ef16
10,2,17.75,HNSW_ef16
10,19,17.666,HNSW_ef16
10,6,16.875,HNSW_ef16
10,33,19.667,HNSW_ef16
10,15,19.666,HNSW_ef16
10,7,18.167,HNSW_ef16
10,8,21.042,HNSW_ef16
10,23,16.333,HNSW_ef16
10,5,17.209,HNSW_ef16
10,25,18.708,HNSW_ef16
10,21,20.0,HNSW_ef16
10,18,20.042,HNSW_ef16
10,10,18.0,HNSW_ef16
10,9,17.125,HNSW_ef16
10,29,17.083,HNSW_ef16
10,22,18.708,HNSW_ef16
10,17,19.75,HNSW_ef16
10,24,16.375,HNSW_ef16
10,31,21.333,HNSW_ef16
10,3,17.458,HNSW_ef16
10,4,17.834,HNSW_ef16
10,26,19.5,HNSW_ef16
10,11,21.417,HNSW_ef16
10,14,20.375,HNSW_ef16
0,10,25.25,HNSW_ef24
0,33,23.083,HNSW_ef24
0,24,21.5,HNSW_ef24
0,5,23.958,HNSW_ef24
0,29,21.125,HNSW_ef24
0,19,24.084,HNSW_ef24
0,7,25.25,HNSW_ef24
0,20,27.5,HNSW_ef24
0,28,25.959,HNSW_ef24
0,18,25.75,HNSW_ef24
0,23,23.209,HNSW_ef24
0,30,19.875,HNSW_ef24
0,22,25.542,HNSW_ef24
0,6,27.208,HNSW_ef24
0,25,24.75,HNSW_ef24
0,16,27.709,HNSW_ef24
0,9,23.709,HNSW_ef24
0,26,26.25,HNSW_ef24
0,3,23.542,HNSW_ef24
0,0,29.375,HNSW_ef24
0,15,27.542,HNSW_ef24
0,17,34.917,HNSW_ef24
0,27,29.083,HNSW_ef24
0,12,26.208,HNSW_ef24
0,21,27.167,HNSW_ef24
0,11,26.833,HNSW_ef24
0,14,30.625,HNSW_ef24
0,32,26.458,HNSW_ef24
0,2,25.583,HNSW_ef24
0,4,24.75,HNSW_ef24
0,31,28.875,HNSW_ef24
0,1,21.875,HNSW_ef24
0,13,30.25,HNSW_ef24
0,8,28.5,HNSW_ef24
1,33,22.917,HNSW_ef24
1,10,25.0,HNSW_ef24
1,18,24.917,HNSW_ef24
1,26,24.625,HNSW_ef24
1,7,24.5,HNSW_ef24
1,17,26.5,HNSW_ef24
1,25,24.041,HNSW_ef24
1,12,25.167,HNSW_ef24
1,8,27.041,HNSW_ef24
1,6,26.667,HNSW_ef24
1,22,25.417,HNSW_ef24
1,5,23.417,HNSW_ef24
1,1,20.25,HNSW_ef24
1,27,28.0,HNSW_ef24
1,32,25.542,HNSW_ef24
1,21,27.167,HNSW_ef24
1,3,23.084,HNSW_ef24
1,20,27.0,HNSW_ef24
1,14,30.042,HNSW_ef24
1,19,23.583,HNSW_ef24
1,11,26.542,HNSW_ef24
1,2,23.667,HNSW_ef24
1,0,28.208,HNSW_ef24
1,24,21.791,HNSW_ef24
1,29,21.209,HNSW_ef24
1,4,23.167,HNSW_ef24
1,30,19.875,HNSW_ef24
1,15,27.0,HNSW_ef24
1,16,27.5,HNSW_ef24
1,23,22.417,HNSW_ef24
1,28,25.833,HNSW_ef24
1,13,29.25,HNSW_ef24
1,9,22.917,HNSW_ef24
1,31,28.5,HNSW_ef24
2,15,26.708,HNSW_ef24
2,16,26.875,HNSW_ef24
2,2,23.75,HNSW_ef24
2,25,23.916,HNSW_ef24
2,8,26.792,HNSW_ef24
2,23,22.292,HNSW_ef24
2,6,26.292,HNSW_ef24
2,26,24.792,HNSW_ef24
2,4,23.0,HNSW_ef24
2,9,22.459,HNSW_ef24
2,12,24.917,HNSW_ef24
2,19,23.458,HNSW_ef24
2,14,29.333,HNSW_ef24
2,18,24.708,HNSW_ef24
2,13,36.792,HNSW_ef24
2,11,26.625,HNSW_ef24
2,33,23.416,HNSW_ef24
2,3,22.833,HNSW_ef24
2,7,24.291,HNSW_ef24
2,5,22.583,HNSW_ef24
2,24,21.625,HNSW_ef24
2,17,26.208,HNSW_ef24
2,0,27.75,HNSW_ef24
2,22,25.333,HNSW_ef24
2,30,19.875,HNSW_ef24
2,27,27.833,HNSW_ef24
2,28,25.708,HNSW_ef24
2,10,24.667,HNSW_ef24
2,20,26.708,HNSW_ef24
2,21,26.5,HNSW_ef24
2,29,21.209,HNSW_ef24
2,32,25.875,HNSW_ef24
2,31,28.5,HNSW_ef24
2,1,20.5,HNSW_ef24
3,4,23.167,HNSW_ef24
3,0,27.916,HNSW_ef24
3,11,25.916,HNSW_ef24
3,6,26.166,HNSW_ef24
3,31,27.417,HNSW_ef24
3,20,26.5,HNSW_ef24
3,8,27.042,HNSW_ef24
3,2,23.542,HNSW_ef24
3,32,25.041,HNSW_ef24
3,25,23.917,HNSW_ef24
3,13,28.917,HNSW_ef24
3,21,26.75,HNSW_ef24
3,30,19.667,HNSW_ef24
3,15,26.25,HNSW_ef24
3,33,23.583,HNSW_ef24
3,28,25.625,HNSW_ef24
3,3,22.541,HNSW_ef24
3,5,22.292,HNSW_ef24
3,16,26.75,HNSW_ef24
3,9,22.667,HNSW_ef24
3,17,26.125,HNSW_ef24
3,1,19.459,HNSW_ef24
3,27,27.791,HNSW_ef24
3,22,25.125,HNSW_ef24
3,7,24.25,HNSW_ef24
3,29,21.0,HNSW_ef24
3,24,21.584,HNSW_ef24
3,12,25.167,HNSW_ef24
3,23,22.458,HNSW_ef24
3,14,29.5,HNSW_ef24
3,18,24.5,HNSW_ef24
3,10,24.5,HNSW_ef24
3,19,31.083,HNSW_ef24
3,26,25.167,HNSW_ef24
4,31,26.042,HNSW_ef24
4,6,26.458,HNSW_ef24
4,7,23.958,HNSW_ef24
4,13,28.625,HNSW_ef24
4,28,25.125,HNSW_ef24
4,25,23.667,HNSW_ef24
4,5,22.666,HNSW_ef24
4,23,22.375,HNSW_ef24
4,8,27.0,HNSW_ef24
4,15,26.25,HNSW_ef24
4,29,28.667,HNSW_ef24
4,3,22.916,HNSW_ef24
4,1,19.417,HNSW_ef24
4,32,25.25,HNSW_ef24
4,30,19.542,HNSW_ef24
4,0,27.542,HNSW_ef24
4,4,23.041,HNSW_ef24
4,19,23.167,HNSW_ef24
4,16,26.625,HNSW_ef24
4,18,24.334,HNSW_ef24
4,9,22.625,HNSW_ef24
4,2,23.583,HNSW_ef24
4,20,26.583,HNSW_ef24
4,27,27.625,HNSW_ef24
4,22,25.292,HNSW_ef24
4,11,26.292,HNSW_ef24
4,17,26.292,HNSW_ef24
4,10,24.375,HNSW_ef24
4,33,24.292,HNSW_ef24
4,24,21.917,HNSW_ef24
4,12,25.0,HNSW_ef24
4,14,29.75,HNSW_ef24
4,21,26.75,HNSW_ef24
4,26,25.458,HNSW_ef24
5,6,26.625,HNSW_ef24
5,33,22.834,HNSW_ef24
5,7,24.292,HNSW_ef24
5,32,23.792,HNSW_ef24
5,26,24.167,HNSW_ef24
5,22,25.0,HNSW_ef24
5,24,21.625,HNSW_ef24
5,15,26.542,HNSW_ef24
5,30,19.75,HNSW_ef24
5,31,28.041,HNSW_ef24
5,23,22.708,HNSW_ef24
5,20,26.375,HNSW_ef24
5,14,29.792,HNSW_ef24
5,18,25.334,HNSW_ef24
5,11,26.416,HNSW_ef24
5,12,25.542,HNSW_ef24
5,2,23.875,HNSW_ef24
5,25,24.333,HNSW_ef24
5,10,24.333,HNSW_ef24
5,9,23.041,HNSW_ef24
5,21,27.0,HNSW_ef24
5,17,26.208,HNSW_ef24
5,4,22.916,HNSW_ef24
5,16,27.208,HNSW_ef24
5,1,19.833,HNSW_ef24
5,29,22.25,HNSW_ef24
5,3,23.167,HNSW_ef24
5,0,36.0,HNSW_ef24
5,19,24.0,HNSW_ef24
5,28,26.584,HNSW_ef24
5,8,27.792,HNSW_ef24
5,27,28.791,HNSW_ef24
5,5,22.625,HNSW_ef24
5,13,29.25,HNSW_ef24
6,33,22.625,HNSW_ef24
6,21,26.333,HNSW_ef24
6,6,26.208,HNSW_ef24
6,3,22.375,HNSW_ef24
6,25,23.709,HNSW_ef24
6,19,31.875,HNSW_ef24
6,29,21.875,HNSW_ef24
6,23,22.459,HNSW_ef24
6,9,22.792,HNSW_ef24
6,11,25.791,HNSW_ef24
6,8,26.375,HNSW_ef24
6,27,27.5,HNSW_ef24
6,28,26.083,HNSW_ef24
6,10,24.375,HNSW_ef24
6,4,22.958,HNSW_ef24
6,18,24.583,HNSW_ef24
6,7,24.125,HNSW_ef24
6,1,19.708,HNSW_ef24
6,0,27.25,HNSW_ef24
6,15,26.375,HNSW_ef24
6,20,26.208,HNSW_ef24
6,32,24.541,HNSW_ef24
6,16,26.625,HNSW_ef24
6,12,24.666,HNSW_ef24
6,26,24.292,HNSW_ef24
6,24,21.584,HNSW_ef24
6,17,26.167,HNSW_ef24
6,22,24.875,HNSW_ef24
6,5,21.917,HNSW_ef24
6,30,20.083,HNSW_ef24
6,2,23.666,HNSW_ef24
6,31,27.875,HNSW_ef24
6,14,29.458,HNSW_ef24
6,13,28.792,HNSW_ef24
7,20,26.584,HNSW_ef24
7,16,26.583,HNSW_ef24
7,2,23.416,HNSW_ef24
7,12,24.583,HNSW_ef24
7,29,21.25,HNSW_ef24
7,10,24.583,HNSW_ef24
7,22,24.666,HNSW_ef24
7,4,22.667,HNSW_ef24
7,0,27.209,HNSW_ef24
7,23,22.625,HNSW_ef24
7,19,23.584,HNSW_ef24
7,33,27.334,HNSW_ef24
7,15,26.333,HNSW_ef24
7,26,24.125,HNSW_ef24
7,28,26.209,HNSW_ef24
7,18,24.75,HNSW_ef24
7,24,21.417,HNSW_ef24
7,3,22.292,HNSW_ef24
7,8,26.958,HNSW_ef24
7,11,25.875,HNSW_ef24
7,7,24.25,HNSW_ef24
7,5,21.458,HNSW_ef24
7,1,19.666,HNSW_ef24
7,32,33.5,HNSW_ef24
7,27,28.042,HNSW_ef24
7,17,26.0,HNSW_ef24
7,9,22.709,HNSW_ef24
7,25,24.042,HNSW_ef24
7,13,28.875,HNSW_ef24
7,21,26.625,HNSW_ef24
7,30,19.75,HNSW_ef24
7,31,28.083,HNSW_ef24
7,6,26.208,HNSW_ef24
7,14,29.458,HNSW_ef24
8,16,36.708,HNSW_ef24
8,8,37.625,HNSW_ef24
8,33,23.625,HNSW_ef24
8,25,23.625,HNSW_ef24
8,18,24.917,HNSW_ef24
8,26,24.875,HNSW_ef24
8,32,24.625,HNSW_ef24
8,11,26.25,HNSW_ef24
8,27,27.417,HNSW_ef24
8,7,25.041,HNSW_ef24
8,15,26.375,HNSW_ef24
8,1,21.542,HNSW_ef24
8,22,25.042,HNSW_ef24
8,28,26.5,HNSW_ef24
8,19,24.042,HNSW_ef24
8,23,22.708,HNSW_ef24
8,0,29.041,HNSW_ef24
8,24,21.375,HNSW_ef24
8,29,21.125,HNSW_ef24
8,2,25.0,HNSW_ef24
8,31,28.375,HNSW_ef24
8,5,23.042,HNSW_ef24
8,4,23.833,HNSW_ef24
8,10,24.417,HNSW_ef24
8,6,26.708,HNSW_ef24
8,17,25.916,HNSW_ef24
8,30,19.917,HNSW_ef24
8,13,28.75,HNSW_ef24
8,3,23.292,HNSW_ef24
8,14,29.959,HNSW_ef24
8,12,24.708,HNSW_ef24
8,20,26.583,HNSW_ef24
8,21,26.375,HNSW_ef24
8,9,22.791,HNSW_ef24
9,30,19.292,HNSW_ef24
9,6,26.375,HNSW_ef24
9,28,24.833,HNSW_ef24
9,7,24.708,HNSW_ef24
9,10,24.417,HNSW_ef24
9,24,21.334,HNSW_ef24
9,13,28.709,HNSW_ef24
9,14,29.0,HNSW_ef24
9,33,23.917,HNSW_ef24
9,25,23.958,HNSW_ef24
9,0,27.75,HNSW_ef24
9,19,23.583,HNSW_ef24
9,4,23.5,HNSW_ef24
9,12,24.375,HNSW_ef24
9,5,22.292,HNSW_ef24
9,9,22.416,HNSW_ef24
9,11,25.792,HNSW_ef24
9,3,39.334,HNSW_ef24
9,16,29.417,HNSW_ef24
9,26,24.5,HNSW_ef24
9,20,26.541,HNSW_ef24
9,29,21.333,HNSW_ef24
9,2,24.208,HNSW_ef24
9,22,24.959,HNSW_ef24
9,27,27.709,HNSW_ef24
9,23,22.625,HNSW_ef24
9,1,21.166,HNSW_ef24
9,15,26.666,HNSW_ef24
9,8,27.333,HNSW_ef24
9,17,25.708,HNSW_ef24
9,31,28.0,HNSW_ef24
9,32,25.709,HNSW_ef24
9,18,25.208,HNSW_ef24
9,21,26.334,HNSW_ef24
10,13,30.333,HNSW_ef24
10,20,26.083,HNSW_ef24
10,28,25.125,HNSW_ef24
10,0,27.75,HNSW_ef24
10,30,19.125,HNSW_ef24
10,16,26.0,HNSW_ef24
10,27,27.292,HNSW_ef24
10,32,24.208,HNSW_ef24
10,12,24.375,HNSW_ef24
10,1,20.667,HNSW_ef24
10,2,23.917,HNSW_ef24
10,19,23.709,HNSW_ef24
10,6,26.0,HNSW_ef24
10,33,24.166,HNSW_ef24
10,15,26.5,HNSW_ef24
10,7,24.334,HNSW_ef24
10,8,26.625,HNSW_ef24
10,23,22.542,HNSW_ef24
10,5,22.166,HNSW_ef24
10,25,23.833,HNSW_ef24
10,21,26.083,HNSW_ef24
10,18,24.5,HNSW_ef24
10,10,24.5,HNSW_ef24
10,9,22.584,HNSW_ef24
10,29,21.292,HNSW_ef24
10,22,24.75,HNSW_ef24
10,17,25.791,HNSW_ef24
10,24,21.542,HNSW_ef24
10,31,28.125,HNSW_ef24
10,3,22.625,HNSW_ef24
10,4,23.458,HNSW_ef24
10,26,24.5,HNSW_ef24
10,11,25.75,HNSW_ef24
10,14,42.958,HNSW_ef24
0,10,33.542,HNSW_ef32
0,33,29.292,HNSW_ef32
0,24,28.5,HNSW_ef32
0,5,30.917,HNSW_ef32
0,29,28.042,HNSW_ef32
0,19,30.792,HNSW_ef32
0,7,30.125,HNSW_ef32
0,20,32.167,HNSW_ef32
0,28,32.208,HNSW_ef32
0,18,31.334,HNSW_ef32
0,23,29.666,HNSW_ef32
0,30,26.166,HNSW_ef32
0,22,31.333,HNSW_ef32
0,6,42.583,HNSW_ef32
0,25,31.167,HNSW_ef32
0,16,32.708,HNSW_ef32
0,9,30.875,HNSW_ef32
0,26,32.125,HNSW_ef32
0,3,30.334,HNSW_ef32
0,0,35.083,HNSW_ef32
0,15,35.833,HNSW_ef32
0,17,32.917,HNSW_ef32
0,27,34.792,HNSW_ef32
0,12,32.875,HNSW_ef32
0,21,33.5,HNSW_ef32
0,11,33.125,HNSW_ef32
0,14,35.708,HNSW_ef32
0,32,32.833,HNSW_ef32
0,2,31.583,HNSW_ef32
0,4,29.458,HNSW_ef32
0,31,35.208,HNSW_ef32
0,1,27.75,HNSW_ef32
0,13,35.666,HNSW_ef32
0,8,36.292,HNSW_ef32
1,33,27.75,HNSW_ef32
1,10,32.292,HNSW_ef32
1,18,30.292,HNSW_ef32
1,26,30.666,HNSW_ef32
1,7,29.541,HNSW_ef32
1,17,31.417,HNSW_ef32
1,25,29.958,HNSW_ef32
1,12,32.125,HNSW_ef32
1,8,34.584,HNSW_ef32
1,6,32.0,HNSW_ef32
1,22,29.958,HNSW_ef32
1,5,29.542,HNSW_ef32
1,1,34.125,HNSW_ef32
1,27,34.708,HNSW_ef32
1,32,46.834,HNSW_ef32
1,21,33.041,HNSW_ef32
1,3,29.083,HNSW_ef32
1,20,31.709,HNSW_ef32
1,14,46.042,HNSW_ef32
1,19,30.625,HNSW_ef32
1,11,32.25,HNSW_ef32
1,2,29.833,HNSW_ef32
1,0,33.375,HNSW_ef32
1,24,28.792,HNSW_ef32
1,29,27.833,HNSW_ef32
1,4,28.167,HNSW_ef32
1,30,25.708,HNSW_ef32
1,15,34.292,HNSW_ef32
1,16,31.667,HNSW_ef32
1,23,29.125,HNSW_ef32
1,28,31.958,HNSW_ef32
1,13,34.875,HNSW_ef32
1,9,29.709,HNSW_ef32
1,31,34.291,HNSW_ef32
2,15,42.084,HNSW_ef32
2,16,31.709,HNSW_ef32
2,2,30.0,HNSW_ef32
2,25,30.458,HNSW_ef32
2,8,35.167,HNSW_ef32
2,23,29.083,HNSW_ef32
2,6,32.125,HNSW_ef32
2,26,30.625,HNSW_ef32
2,4,28.166,HNSW_ef32
2,9,29.958,HNSW_ef32
2,12,32.083,HNSW_ef32
2,19,38.375,HNSW_ef32
2,14,35.334,HNSW_ef32
2,18,31.0,HNSW_ef32
2,13,35.0,HNSW_ef32
2,11,32.334,HNSW_ef32
2,33,30.292,HNSW_ef32
2,3,29.0,HNSW_ef32
2,7,29.458,HNSW_ef32
2,5,29.791,HNSW_ef32
2,24,28.875,HNSW_ef32
2,17,32.333,HNSW_ef32
2,0,33.667,HNSW_ef32
2,22,30.584,HNSW_ef32
2,30,25.542,HNSW_ef32
2,27,33.667,HNSW_ef32
2,28,31.625,HNSW_ef32
2,10,32.625,HNSW_ef32
2,20,36.25,HNSW_ef32
2,21,32.709,HNSW_ef32
2,29,27.583,HNSW_ef32
2,32,31.917,HNSW_ef32
2,31,34.333,HNSW_ef32
2,1,26.375,HNSW_ef32
3,4,28.125,HNSW_ef32
3,0,32.625,HNSW_ef32
3,11,31.75,HNSW_ef32
3,6,31.792,HNSW_ef32
3,31,32.625,HNSW_ef32
3,20,31.375,HNSW_ef32
3,8,34.375,HNSW_ef32
3,2,29.625,HNSW_ef32
3,32,30.792,HNSW_ef32
3,25,36.833,HNSW_ef32
3,13,49.625,HNSW_ef32
3,21,32.625,HNSW_ef32
3,30,25.375,HNSW_ef32
3,15,33.417,HNSW_ef32
3,33,30.375,HNSW_ef32
3,28,31.167,HNSW_ef32
3,3,28.625,HNSW_ef32
3,5,29.0,HNSW_ef32
3,16,31.125,HNSW_ef32
3,9,29.459,HNSW_ef32
3,17,31.5,HNSW_ef32
3,1,24.0,HNSW_ef32
3,27,34.042,HNSW_ef32
3,22,35.459,HNSW_ef32
3,7,28.833,HNSW_ef32
3,29,27.542,HNSW_ef32
3,24,28.5,HNSW_ef32
3,12,31.542,HNSW_ef32
3,23,28.542,HNSW_ef32
3,14,34.375,HNSW_ef32
3,18,30.084,HNSW_ef32
3,10,31.667,HNSW_ef32
3,19,29.875,HNSW_ef32
3,26,30.708,HNSW_ef32
4,31,31.0,HNSW_ef32
4,6,32.042,HNSW_ef32
4,7,28.25,HNSW_ef32
4,13,33.958,HNSW_ef32
4,28,30.25,HNSW_ef32
4,25,29.042,HNSW_ef32
4,5,29.125,HNSW_ef32
4,23,28.125,HNSW_ef32
4,8,33.917,HNSW_ef32
4,15,41.167,HNSW_ef32
4,29,27.292,HNSW_ef32
4,3,28.416,HNSW_ef32
4,1,23.875,HNSW_ef32
4,32,30.25,HNSW_ef32
4,30,25.167,HNSW_ef32
4,0,32.584,HNSW_ef32
4,4,27.375,HNSW_ef32
4,19,29.625,HNSW_ef32
4,16,30.792,HNSW_ef32
4,18,29.958,HNSW_ef32
4,9,29.084,HNSW_ef32
4,2,29.25,HNSW_ef32
4,20,30.792,HNSW_ef32
4,27,33.666,HNSW_ef32
4,22,29.708,HNSW_ef32
4,11,31.958,HNSW_ef32
4,17,31.292,HNSW_ef32
4,10,31.292,HNSW_ef32
4,33,30.584,HNSW_ef32
4,24,28.333,HNSW_ef32
4,12,31.083,HNSW_ef32
4,14,34.5,HNSW_ef32
4,21,32.167,HNSW_ef32
4,26,30.375,HNSW_ef32
5,6,31.833,HNSW_ef32
5,33,28.417,HNSW_ef32
5,7,28.833,HNSW_ef32
5,32,28.875,HNSW_ef32
5,26,29.542,HNSW_ef32
5,22,29.25,HNSW_ef32
5,24,28.042,HNSW_ef32
5,15,33.375,HNSW_ef32
5,30,24.75,HNSW_ef32
5,31,31.042,HNSW_ef32
5,23,28.0,HNSW_ef32
5,20,38.375,HNSW_ef32
5,14,34.042,HNSW_ef32
5,18,30.0,HNSW_ef32
5,11,31.458,HNSW_ef32
5,12,31.042,HNSW_ef32
5,2,29.291,HNSW_ef32
5,25,28.834,HNSW_ef32
5,10,31.375,HNSW_ef32
5,9,28.959,HNSW_ef32
5,21,32.0,HNSW_ef32
5,17,31.417,HNSW_ef32
5,4,27.667,HNSW_ef32
5,16,31.292,HNSW_ef32
5,1,25.208,HNSW_ef32
5,29,27.458,HNSW_ef32
5,3,28.333,HNSW_ef32
5,0,32.708,HNSW_ef32
5,19,29.667,HNSW_ef32
5,28,31.542,HNSW_ef32
5,8,34.792,HNSW_ef32
5,27,41.333,HNSW_ef32
5,5,29.333,HNSW_ef32
5,13,34.708,HNSW_ef32
6,33,28.5,HNSW_ef32
6,21,31.292,HNSW_ef32
6,6,31.625,HNSW_ef32
6,3,28.0,HNSW_ef32
6,25,29.0,HNSW_ef32
6,19,29.5,HNSW_ef32
6,29,27.292,HNSW_ef32
6,23,29.042,HNSW_ef32
6,9,28.833,HNSW_ef32
6,11,31.667,HNSW_ef32
6,8,33.542,HNSW_ef32
6,27,33.666,HNSW_ef32
6,28,38.125,HNSW_ef32
6,10,31.291,HNSW_ef32
6,4,27.375,HNSW_ef32
6,18,38.0,HNSW_ef32
6,7,29.458,HNSW_ef32
6,1,24.666,HNSW_ef32
6,0,31.792,HNSW_ef32
6,15,33.834,HNSW_ef32
6,20,31.334,HNSW_ef32
6,32,31.958,HNSW_ef32
6,16,30.667,HNSW_ef32
6,12,30.875,HNSW_ef32
6,26,31.084,HNSW_ef32
6,24,28.375,HNSW_ef32
6,17,31.0,HNSW_ef32
6,22,29.792,HNSW_ef32
6,5,28.167,HNSW_ef32
6,30,25.75,HNSW_ef32
6,2,29.334,HNSW_ef32
6,31,34.0,HNSW_ef32
6,14,34.166,HNSW_ef32
6,13,33.791,HNSW_ef32
7,20,31.333,HNSW_ef32
7,16,30.417,HNSW_ef32
7,2,28.458,HNSW_ef32
7,12,30.625,HNSW_ef32
7,29,26.708,HNSW_ef32
7,10,30.917,HNSW_ef32
7,22,29.5,HNSW_ef32
7,4,26.917,HNSW_ef32
7,0,31.75,HNSW_ef32
7,23,28.208,HNSW_ef32
7,19,29.125,HNSW_ef32
7,33,30.0,HNSW_ef32
7,15,33.5,HNSW_ef32
7,26,38.292,HNSW_ef32
7,28,31.167,HNSW_ef32
7,18,29.708,HNSW_ef32
7,24,28.209,HNSW_ef32
7,3,27.542,HNSW_ef32
7,8,33.5,HNSW_ef32
7,11,31.458,HNSW_ef32
7,7,28.792,HNSW_ef32
7,5,27.542,HNSW_ef32
7,1,33.375,HNSW_ef32
7,32,31.25,HNSW_ef32
7,27,33.0,HNSW_ef32
7,17,31.125,HNSW_ef32
7,9,28.75,HNSW_ef32
7,25,28.875,HNSW_ef32
7,13,33.375,HNSW_ef32
7,21,31.334,HNSW_ef32
7,30,29.209,HNSW_ef32
7,31,34.292,HNSW_ef32
7,6,31.666,HNSW_ef32
7,14,33.917,HNSW_ef32
8,16,30.625,HNSW_ef32
8,8,32.875,HNSW_ef32
8,33,28.75,HNSW_ef32
8,25,28.959,HNSW_ef32
8,18,29.917,HNSW_ef32
8,26,30.333,HNSW_ef32
8,32,30.458,HNSW_ef32
8,11,31.958,HNSW_ef32
8,27,32.833,HNSW_ef32
8,7,28.584,HNSW_ef32
8,15,33.416,HNSW_ef32
8,1,24.417,HNSW_ef32
8,22,29.5,HNSW_ef32
8,28,30.667,HNSW_ef32
8,19,29.417,HNSW_ef32
8,23,35.833,HNSW_ef32
8,0,31.917,HNSW_ef32
8,24,28.208,HNSW_ef32
8,29,26.666,HNSW_ef32
8,2,28.25,HNSW_ef32
8,31,33.75,HNSW_ef32
8,5,27.5,HNSW_ef32
8,4,26.958,HNSW_ef32
8,10,31.0,HNSW_ef32
8,6,30.917,HNSW_ef32
8,17,30.792,HNSW_ef32
8,30,25.584,HNSW_ef32
8,13,33.375,HNSW_ef32
8,3,27.875,HNSW_ef32
8,14,34.625,HNSW_ef32
8,12,31.125,HNSW_ef32
8,20,31.25,HNSW_ef32
8,21,31.917,HNSW_ef32
8,9,28.792,HNSW_ef32
9,30,24.084,HNSW_ef32
9,6,30.209,HNSW_ef32
9,28,30.792,HNSW_ef32
9,7,28.917,HNSW_ef32
9,10,30.791,HNSW_ef32
9,24,28.417,HNSW_ef32
9,13,33.125,HNSW_ef32
9,14,33.958,HNSW_ef32
9,33,32.458,HNSW_ef32
9,25,29.833,HNSW_ef32
9,0,32.167,HNSW_ef32
9,19,29.709,HNSW_ef32
9,4,26.959,HNSW_ef32
9,12,30.834,HNSW_ef32
9,5,27.625,HNSW_ef32
9,9,28.458,HNSW_ef32
9,11,31.458,HNSW_ef32
9,3,27.208,HNSW_ef32
9,16,38.75,HNSW_ef32
9,26,31.542,HNSW_ef32
9,20,30.958,HNSW_ef32
9,29,27.708,HNSW_ef32
9,2,28.958,HNSW_ef32
9,22,29.75,HNSW_ef32
9,27,33.666,HNSW_ef32
9,23,28.75,HNSW_ef32
9,1,24.708,HNSW_ef32
9,15,33.708,HNSW_ef32
9,8,33.75,HNSW_ef32
9,17,30.833,HNSW_ef32
9,31,34.083,HNSW_ef32
9,32,31.834,HNSW_ef32
9,18,30.417,HNSW_ef32
9,21,31.5,HNSW_ef32
10,13,33.208,HNSW_ef32
10,20,30.541,HNSW_ef32
10,28,30.208,HNSW_ef32
10,0,31.625,HNSW_ef32
10,30,24.084,HNSW_ef32
10,16,30.667,HNSW_ef32
10,27,33.417,HNSW_ef32
10,32,30.666,HNSW_ef32
10,12,31.25,HNSW_ef32
10,1,24.25,HNSW_ef32
10,2,28.584,HNSW_ef32
10,19,29.042,HNSW_ef32
10,6,30.291,HNSW_ef32
10,33,31.917,HNSW_ef32
10,15,33.541,HNSW_ef32
10,7,28.542,HNSW_ef32
10,8,33.5,HNSW_ef32
10,23,28.334,HNSW_ef32
10,5,28.083,HNSW_ef32
10,25,29.208,HNSW_ef32
10,21,43.917,HNSW_ef32
10,18,30.667,HNSW_ef32
10,10,31.375,HNSW_ef32
10,9,28.25,HNSW_ef32
10,29,27.292,HNSW_ef32
10,22,29.75,HNSW_ef32
10,17,30.792,HNSW_ef32
10,24,28.25,HNSW_ef32
10,31,33.833,HNSW_ef32
10,3,27.25,HNSW_ef32
10,4,27.25,HNSW_ef32
10,26,30.958,HNSW_ef32
10,11,31.709,HNSW_ef32
10,14,33.959,HNSW_ef32
0,10,57.708,HNSW_ef64
0,33,50.459,HNSW_ef64
0,24,50.916,HNSW_ef64
0,5,52.208,HNSW_ef64
0,29,51.208,HNSW_ef64
0,19,55.625,HNSW_ef64
0,7,54.625,HNSW_ef64
0,20,53.0,HNSW_ef64
0,28,54.458,HNSW_ef64
0,18,54.208,HNSW_ef64
0,23,49.208,HNSW_ef64
0,30,50.041,HNSW_ef64
0,22,51.083,HNSW_ef64
0,6,56.208,HNSW_ef64
0,25,51.208,HNSW_ef64
0,16,55.958,HNSW_ef64
0,9,61.041,HNSW_ef64
0,26,54.917,HNSW_ef64
0,3,52.709,HNSW_ef64
0,0,58.084,HNSW_ef64
0,15,56.917,HNSW_ef64
0,17,51.75,HNSW_ef64
0,27,56.917,HNSW_ef64
0,12,54.208,HNSW_ef64
0,21,53.917,HNSW_ef64
0,11,54.833,HNSW_ef64
0,14,60.208,HNSW_ef64
0,32,54.5,HNSW_ef64
0,2,53.25,HNSW_ef64
0,4,52.75,HNSW_ef64
0,31,55.708,HNSW_ef64
0,1,51.625,HNSW_ef64
0,13,59.125,HNSW_ef64
0,8,55.25,HNSW_ef64
1,33,49.375,HNSW_ef64
1,10,56.75,HNSW_ef64
1,18,53.542,HNSW_ef64
1,26,53.875,HNSW_ef64
1,7,54.708,HNSW_ef64
1,17,51.417,HNSW_ef64
1,25,59.958,HNSW_ef64
1,12,53.125,HNSW_ef64
1,8,54.208,HNSW_ef64
1,6,55.625,HNSW_ef64
1,22,51.291,HNSW_ef64
1,5,52.5,HNSW_ef64
1,1,51.5,HNSW_ef64
1,27,57.375,HNSW_ef64
1,32,55.583,HNSW_ef64
1,21,53.458,HNSW_ef64
1,3,52.375,HNSW_ef64
1,20,54.458,HNSW_ef64
1,14,60.583,HNSW_ef64
1,19,56.667,HNSW_ef64
1,11,69.208,HNSW_ef64
1,2,53.584,HNSW_ef64
1,0,58.542,HNSW_ef64
1,24,58.875,HNSW_ef64
1,29,54.417,HNSW_ef64
1,4,53.208,HNSW_ef64
1,30,51.958,HNSW_ef64
1,15,57.166,HNSW_ef64
1,16,55.833,HNSW_ef64
1,23,50.458,HNSW_ef64
1,28,69.5,HNSW_ef64
1,13,59.459,HNSW_ef64
1,9,52.834,HNSW_ef64
1,31,56.208,HNSW_ef64
2,15,55.292,HNSW_ef64
2,16,54.541,HNSW_ef64
2,2,51.958,HNSW_ef64
2,25,50.167,HNSW_ef64
2,8,53.625,HNSW_ef64
2,23,68.833,HNSW_ef64
2,6,54.292,HNSW_ef64
2,26,53.667,HNSW_ef64
2,4,52.5,HNSW_ef64
2,9,52.375,HNSW_ef64
2,12,52.959,HNSW_ef64
2,19,55.792,HNSW_ef64
2,14,66.958,HNSW_ef64
2,18,54.875,HNSW_ef64
2,13,58.291,HNSW_ef64
2,11,55.417,HNSW_ef64
2,33,74.584,HNSW_ef64
2,3,53.0,HNSW_ef64
2,7,63.791,HNSW_ef64
2,5,52.416,HNSW_ef64
2,24,70.292,HNSW_ef64
2,17,52.125,HNSW_ef64
2,0,58.75,HNSW_ef64
2,22,52.084,HNSW_ef64
2,30,52.666,HNSW_ef64
2,27,57.125,HNSW_ef64
2,28,56.542,HNSW_ef64
2,10,64.875,HNSW_ef64
2,20,54.417,HNSW_ef64
2,21,61.25,HNSW_ef64
2,29,54.25,HNSW_ef64
2,32,56.042,HNSW_ef64
2,31,56.958,HNSW_ef64
2,1,51.5,HNSW_ef64
3,4,53.25,HNSW_ef64
3,0,66.084,HNSW_ef64
3,11,53.75,HNSW_ef64
3,6,53.375,HNSW_ef64
3,31,54.458,HNSW_ef64
3,20,52.292,HNSW_ef64
3,8,52.833,HNSW_ef64
3,2,52.5,HNSW_ef64
3,32,53.917,HNSW_ef64
3,25,50.084,HNSW_ef64
3,13,56.917,HNSW_ef64
3,21,52.166,HNSW_ef64
3,30,51.083,HNSW_ef64
3,15,54.875,HNSW_ef64
3,33,57.917,HNSW_ef64
3,28,56.25,HNSW_ef64
3,3,52.5,HNSW_ef64
3,5,50.875,HNSW_ef64
3,16,55.875,HNSW_ef64
3,9,59.75,HNSW_ef64
3,17,51.917,HNSW_ef64
3,1,52.709,HNSW_ef64
3,27,57.459,HNSW_ef64
3,22,52.334,HNSW_ef64
3,7,54.792,HNSW_ef64
3,29,62.0,HNSW_ef64
3,24,50.875,HNSW_ef64
3,12,53.417,HNSW_ef64
3,23,50.209,HNSW_ef64
3,14,63.292,HNSW_ef64
3,18,54.459,HNSW_ef64
3,10,57.292,HNSW_ef64
3,19,56.583,HNSW_ef64
3,26,54.541,HNSW_ef64
4,31,52.166,HNSW_ef64
4,6,55.542,HNSW_ef64
4,7,54.125,HNSW_ef64
4,13,58.5,HNSW_ef64
4,28,54.292,HNSW_ef64
4,25,49.167,HNSW_ef64
4,5,52.541,HNSW_ef64
4,23,47.542,HNSW_ef64
4,8,55.208,HNSW_ef64
4,15,63.583,HNSW_ef64
4,29,52.709,HNSW_ef64
4,3,52.875,HNSW_ef64
4,1,51.125,HNSW_ef64
4,32,60.583,HNSW_ef64
4,30,50.292,HNSW_ef64
4,0,57.875,HNSW_ef64
4,4,53.291,HNSW_ef64
4,19,55.791,HNSW_ef64
4,16,55.458,HNSW_ef64
4,18,54.583,HNSW_ef64
4,9,66.333,HNSW_ef64
4,2,53.458,HNSW_ef64
4,20,53.292,HNSW_ef64
4,27,55.75,HNSW_ef64
4,22,50.125,HNSW_ef64
4,11,53.75,HNSW_ef64
4,17,51.0,HNSW_ef64
4,10,65.125,HNSW_ef64
4,33,58.0,HNSW_ef64
4,24,50.625,HNSW_ef64
4,12,53.416,HNSW_ef64
4,14,59.25,HNSW_ef64
4,21,53.083,HNSW_ef64
4,26,55.0,HNSW_ef64
5,6,56.0,HNSW_ef64
5,33,51.208,HNSW_ef64
5,7,54.292,HNSW_ef64
5,32,52.083,HNSW_ef64
5,26,54.25,HNSW_ef64
5,22,51.167,HNSW_ef64
5,24,50.375,HNSW_ef64
5,15,55.875,HNSW_ef64
5,30,52.375,HNSW_ef64
5,31,56.375,HNSW_ef64
5,23,49.708,HNSW_ef64
5,20,53.625,HNSW_ef64
5,14,59.5,HNSW_ef64
5,18,54.334,HNSW_ef64
5,11,54.834,HNSW_ef64
5,12,52.834,HNSW_ef64
5,2,53.333,HNSW_ef64
5,25,59.5,HNSW_ef64
5,10,57.5,HNSW_ef64
5,9,52.125,HNSW_ef64
5,21,53.416,HNSW_ef64
5,17,51.625,HNSW_ef64
5,4,52.875,HNSW_ef64
5,16,56.958,HNSW_ef64
5,1,52.083,HNSW_ef64
5,29,54.167,HNSW_ef64
5,3,53.084,HNSW_ef64
5,0,58.417,HNSW_ef64
5,19,56.208,HNSW_ef64
5,28,56.791,HNSW_ef64
5,8,54.917,HNSW_ef64
5,27,58.125,HNSW_ef64
5,5,52.417,HNSW_ef64
5,13,59.208,HNSW_ef64
6,33,49.25,HNSW_ef64
6,21,52.792,HNSW_ef64
6,6,54.167,HNSW_ef64
6,3,51.0,HNSW_ef64
6,25,50.667,HNSW_ef64
6,19,70.042,HNSW_ef64
6,29,62.25,HNSW_ef64
6,23,49.583,HNSW_ef64
6,9,52.125,HNSW_ef64
6,11,55.125,HNSW_ef64
6,8,54.458,HNSW_ef64
6,27,56.792,HNSW_ef64
6,28,68.0,HNSW_ef64
6,10,57.958,HNSW_ef64
6,4,53.459,HNSW_ef64
6,18,53.875,HNSW_ef64
6,7,56.75,HNSW_ef64
6,1,51.625,HNSW_ef64
6,0,58.0,HNSW_ef64
6,15,55.791,HNSW_ef64
6,20,54.167,HNSW_ef64
6,32,55.792,HNSW_ef64
6,16,55.666,HNSW_ef64
6,12,53.417,HNSW_ef64
6,26,63.292,HNSW_ef64
6,24,51.416,HNSW_ef64
6,17,51.125,HNSW_ef64
6,22,52.417,HNSW_ef64
6,5,52.583,HNSW_ef64
6,30,52.541,HNSW_ef64
6,2,53.5,HNSW_ef64
6,31,56.667,HNSW_ef64
6,14,59.584,HNSW_ef64
6,13,58.458,HNSW_ef64
7,20,52.875,HNSW_ef64
7,16,55.375,HNSW_ef64
7,2,53.125,HNSW_ef64
7,12,51.542,HNSW_ef64
7,29,52.625,HNSW_ef64
7,10,55.916,HNSW_ef64
7,22,50.125,HNSW_ef64
7,4,52.666,HNSW_ef64
7,0,58.583,HNSW_ef64
7,23,49.042,HNSW_ef64
7,19,53.959,HNSW_ef64
7,33,56.458,HNSW_ef64
7,15,54.75,HNSW_ef64
7,26,53.709,HNSW_ef64
7,28,63.667,HNSW_ef64
7,18,54.041,HNSW_ef64
7,24,51.166,HNSW_ef64
7,3,52.75,HNSW_ef64
7,8,54.708,HNSW_ef64
7,11,55.084,HNSW_ef64
7,7,52.792,HNSW_ef64
7,5,52.125,HNSW_ef64
7,1,51.208,HNSW_ef64
7,32,55.959,HNSW_ef64
7,27,57.25,HNSW_ef64
7,17,51.292,HNSW_ef64
7,9,52.333,HNSW_ef64
7,25,51.583,HNSW_ef64
7,13,58.0,HNSW_ef64
7,21,53.292,HNSW_ef64
7,30,52.166,HNSW_ef64
7,31,56.458,HNSW_ef64
7,6,62.542,HNSW_ef64
7,14,59.834,HNSW_ef64
8,16,55.75,HNSW_ef64
8,8,54.583,HNSW_ef64
8,33,52.541,HNSW_ef64
8,25,50.083,HNSW_ef64
8,18,61.417,HNSW_ef64
8,26,54.25,HNSW_ef64
8,32,53.666,HNSW_ef64
8,11,54.333,HNSW_ef64
8,27,55.5,HNSW_ef64
8,7,54.541,HNSW_ef64
8,15,56.0,HNSW_ef64
8,1,51.916,HNSW_ef64
8,22,52.333,HNSW_ef64
8,28,54.834,HNSW_ef64
8,19,55.792,HNSW_ef64
8,23,49.791,HNSW_ef64
8,0,58.375,HNSW_ef64
8,24,50.334,HNSW_ef64
8,29,52.0,HNSW_ef64
8,2,53.458,HNSW_ef64
8,31,55.042,HNSW_ef64
8,5,51.875,HNSW_ef64
8,4,59.958,HNSW_ef64
8,10,57.125,HNSW_ef64
8,6,56.334,HNSW_ef64
8,17,51.167,HNSW_ef64
8,30,50.25,HNSW_ef64
8,13,58.542,HNSW_ef64
8,3,52.917,HNSW_ef64
8,14,59.167,HNSW_ef64
8,12,53.542,HNSW_ef64
8,20,54.375,HNSW_ef64
8,21,53.417,HNSW_ef64
8,9,51.416,HNSW_ef64
9,30,49.416,HNSW_ef64
9,6,54.084,HNSW_ef64
9,28,54.958,HNSW_ef64
9,7,60.459,HNSW_ef64
9,10,57.167,HNSW_ef64
9,24,50.75,HNSW_ef64
9,13,57.125,HNSW_ef64
9,14,60.166,HNSW_ef64
9,33,57.625,HNSW_ef64
9,25,51.5,HNSW_ef64
9,0,58.291,HNSW_ef64
9,19,63.833,HNSW_ef64
9,4,53.166,HNSW_ef64
9,12,53.25,HNSW_ef64
9,5,52.791,HNSW_ef64
9,9,52.25,HNSW_ef64
9,11,54.75,HNSW_ef64
9,3,52.834,HNSW_ef64
9,16,55.417,HNSW_ef64
9,26,55.083,HNSW_ef64
9,20,54.125,HNSW_ef64
9,29,53.75,HNSW_ef64
9,2,53.375,HNSW_ef64
9,22,51.458,HNSW_ef64
9,27,56.875,HNSW_ef64
9,23,50.25,HNSW_ef64
9,1,51.708,HNSW_ef64
9,15,56.583,HNSW_ef64
9,8,54.083,HNSW_ef64
9,17,58.5,HNSW_ef64
9,31,56.833,HNSW_ef64
9,32,55.458,HNSW_ef64
9,18,54.375,HNSW_ef64
9,21,54.0,HNSW_ef64
10,13,57.25,HNSW_ef64
10,20,59.875,HNSW_ef64
10,28,55.458,HNSW_ef64
10,0,57.833,HNSW_ef64
10,30,50.208,HNSW_ef64
10,16,54.5,HNSW_ef64
10,27,55.125,HNSW_ef64
10,32,53.125,HNSW_ef64
10,12,51.667,HNSW_ef64
10,1,51.0,HNSW_ef64
10,2,53.167,HNSW_ef64
10,19,54.042,HNSW_ef64
10,6,55.0,HNSW_ef64
10,33,56.708,HNSW_ef64
10,15,54.625,HNSW_ef64
10,7,54.167,HNSW_ef64
10,8,52.958,HNSW_ef64
10,23,49.125,HNSW_ef64
10,5,52.042,HNSW_ef64
10,25,58.583,HNSW_ef64
10,21,52.917,HNSW_ef64
10,18,53.958,HNSW_ef64
10,10,56.75,HNSW_ef64
10,9,51.625,HNSW_ef64
10,29,53.875,HNSW_ef64
10,22,52.416,HNSW_ef64
10,17,50.708,HNSW_ef64
10,24,51.25,HNSW_ef64
10,31,56.667,HNSW_ef64
10,3,52.5,HNSW_ef64
10,4,53.125,HNSW_ef64
10,26,55.375,HNSW_ef64
10,11,54.459,HNSW_ef64
10,14,60.584,HNSW_ef64
0,10,101.542,HNSW_ef128
0,33,92.458,HNSW_ef128
0,24,92.625,HNSW_ef128
0,5,109.792,HNSW_ef128
0,29,106.0,HNSW_ef128
0,19,113.125,HNSW_ef128
0,7,103.542,HNSW_ef128
0,20,100.875,HNSW_ef128
0,28,104.709,HNSW_ef128
0,18,101.042,HNSW_ef128
0,23,94.25,HNSW_ef128
0,30,100.333,HNSW_ef128
0,22,93.834,HNSW_ef128
0,6,103.833,HNSW_ef128
0,25,96.75,HNSW_ef128
0,16,110.875,HNSW_ef128
0,9,100.125,HNSW_ef128
0,26,98.667,HNSW_ef128
0,3,93.667,HNSW_ef128
0,0,100.791,HNSW_ef128
0,15,100.583,HNSW_ef128
0,17,97.208,HNSW_ef128
0,27,104.25,HNSW_ef128
0,12,98.0,HNSW_ef128
0,21,97.75,HNSW_ef128
0,11,105.167,HNSW_ef128
0,14,102.25,HNSW_ef128
0,32,101.625,HNSW_ef128
0,2,105.25,HNSW_ef128
0,4,99.333,HNSW_ef128
0,31,100.708,HNSW_ef128
0,1,99.375,HNSW_ef128
0,13,98.125,HNSW_ef128
0,8,94.375,HNSW_ef128
1,33,115.0,HNSW_ef128
1,10,101.667,HNSW_ef128
1,18,100.208,HNSW_ef128
1,26,97.834,HNSW_ef128
1,7,103.667,HNSW_ef128
1,17,95.625,HNSW_ef128
1,25,119.709,HNSW_ef128
1,12,137.042,HNSW_ef128
1,8,116.75,HNSW_ef128
1,6,100.333,HNSW_ef128
1,22,110.041,HNSW_ef128
1,5,97.416,HNSW_ef128
1,1,115.667,HNSW_ef128
1,27,122.916,HNSW_ef128
1,32,118.125,HNSW_ef128
1,21,97.541,HNSW_ef128
1,3,102.833,HNSW_ef128
1,20,125.792,HNSW_ef128
1,14,135.167,HNSW_ef128
1,19,104.166,HNSW_ef128
1,11,114.625,HNSW_ef128
1,2,103.584,HNSW_ef128
1,0,132.167,HNSW_ef128
1,24,93.875,HNSW_ef128
1,29,101.417,HNSW_ef128
1,4,106.875,HNSW_ef128
1,30,102.625,HNSW_ef128
1,15,112.375,HNSW_ef128
1,16,104.333,HNSW_ef128
1,23,114.542,HNSW_ef128
1,28,117.375,HNSW_ef128
1,13,99.041,HNSW_ef128
1,9,127.542,HNSW_ef128
1,31,100.333,HNSW_ef128
2,15,101.459,HNSW_ef128
2,16,105.208,HNSW_ef128
2,2,105.584,HNSW_ef128
2,25,97.792,HNSW_ef128
2,8,96.083,HNSW_ef128
2,23,93.708,HNSW_ef128
2,6,100.75,HNSW_ef128
2,26,106.417,HNSW_ef128
2,4,99.625,HNSW_ef128
2,9,100.583,HNSW_ef128
2,12,97.791,HNSW_ef128
2,19,106.25,HNSW_ef128
2,14,102.334,HNSW_ef128
2,18,102.542,HNSW_ef128
2,13,96.75,HNSW_ef128
2,11,97.875,HNSW_ef128
2,33,102.166,HNSW_ef128
2,3,101.0,HNSW_ef128
2,7,103.291,HNSW_ef128
2,5,97.916,HNSW_ef128
2,24,92.458,HNSW_ef128
2,17,97.083,HNSW_ef128
2,0,102.458,HNSW_ef128
2,22,92.834,HNSW_ef128
2,30,99.875,HNSW_ef128
2,27,102.917,HNSW_ef128
2,28,97.417,HNSW_ef128
2,10,108.709,HNSW_ef128
2,20,102.167,HNSW_ef128
2,21,98.292,HNSW_ef128
2,29,101.334,HNSW_ef128
2,32,101.834,HNSW_ef128
2,31,99.417,HNSW_ef128
2,1,96.375,HNSW_ef128
3,4,108.375,HNSW_ef128
3,0,99.708,HNSW_ef128
3,11,97.375,HNSW_ef128
3,6,100.708,HNSW_ef128
3,31,97.458,HNSW_ef128
3,20,100.708,HNSW_ef128
3,8,95.375,HNSW_ef128
3,2,106.0,HNSW_ef128
3,32,101.416,HNSW_ef128
3,25,98.208,HNSW_ef128
3,13,106.0,HNSW_ef128
3,21,96.583,HNSW_ef128
3,30,101.375,HNSW_ef128
3,15,100.208,HNSW_ef128
3,33,101.25,HNSW_ef128
3,28,98.25,HNSW_ef128
3,3,92.667,HNSW_ef128
3,5,99.292,HNSW_ef128
3,16,104.375,HNSW_ef128
3,9,100.709,HNSW_ef128
3,17,103.25,HNSW_ef128
3,1,97.041,HNSW_ef128
3,27,103.416,HNSW_ef128
3,22,93.292,HNSW_ef128
3,7,103.667,HNSW_ef128
3,29,100.083,HNSW_ef128
3,24,94.042,HNSW_ef128
3,12,98.042,HNSW_ef128
3,23,94.0,HNSW_ef128
3,14,101.875,HNSW_ef128
3,18,108.667,HNSW_ef128
3,10,102.334,HNSW_ef128
3,19,104.667,HNSW_ef128
3,26,99.459,HNSW_ef128
4,31,93.917,HNSW_ef128
4,6,121.125,HNSW_ef128
4,7,104.25,HNSW_ef128
4,13,126.417,HNSW_ef128
4,28,111.875,HNSW_ef128
4,25,113.667,HNSW_ef128
4,5,96.667,HNSW_ef128
4,23,92.709,HNSW_ef128
4,8,102.25,HNSW_ef128
4,15,99.583,HNSW_ef128
4,29,100.625,HNSW_ef128
4,3,94.25,HNSW_ef128
4,1,98.125,HNSW_ef128
4,32,109.542,HNSW_ef128
4,30,101.208,HNSW_ef128
4,0,100.25,HNSW_ef128
4,4,98.833,HNSW_ef128
4,19,105.5,HNSW_ef128
4,16,103.458,HNSW_ef128
4,18,100.875,HNSW_ef128
4,9,101.625,HNSW_ef128
4,2,104.875,HNSW_ef128
4,20,109.0,HNSW_ef128
4,27,104.417,HNSW_ef128
4,22,92.875,HNSW_ef128
4,11,98.209,HNSW_ef128
4,17,96.834,HNSW_ef128
4,10,102.625,HNSW_ef128
4,33,101.917,HNSW_ef128
4,24,93.292,HNSW_ef128
4,12,97.791,HNSW_ef128
4,14,102.667,HNSW_ef128
4,21,106.709,HNSW_ef128
4,26,97.959,HNSW_ef128
5,6,127.541,HNSW_ef128
5,33,107.5,HNSW_ef128
5,7,104.375,HNSW_ef128
5,32,97.083,HNSW_ef128
5,26,97.709,HNSW_ef128
5,22,100.958,HNSW_ef128
5,24,93.25,HNSW_ef128
5,15,116.916,HNSW_ef128
5,30,118.833,HNSW_ef128
5,31,100.5,HNSW_ef128
5,23,113.584,HNSW_ef128
5,20,120.75,HNSW_ef128
5,14,102.583,HNSW_ef128
5,18,116.708,HNSW_ef128
5,11,127.417,HNSW_ef128
5,12,118.375,HNSW_ef128
5,2,104.709,HNSW_ef128
5,25,109.208,HNSW_ef128
5,10,102.583,HNSW_ef128
5,9,99.459,HNSW_ef128
5,21,109.792,HNSW_ef128
5,17,96.208,HNSW_ef128
5,4,113.667,HNSW_ef128
5,16,132.084,HNSW_ef128
5,1,98.875,HNSW_ef128
5,29,102.458,HNSW_ef128
5,3,120.666,HNSW_ef128
5,0,116.458,HNSW_ef128
5,19,105.458,HNSW_ef128
5,28,98.417,HNSW_ef128
5,8,95.25,HNSW_ef128
5,27,103.792,HNSW_ef128
5,5,99.042,HNSW_ef128
5,13,106.333,HNSW_ef128
6,33,85.792,HNSW_ef128
6,21,96.917,HNSW_ef128
6,6,102.416,HNSW_ef128
6,3,95.333,HNSW_ef128
6,25,106.375,HNSW_ef128
6,19,106.25,HNSW_ef128
6,29,101.167,HNSW_ef128
6,23,93.791,HNSW_ef128
6,9,100.167,HNSW_ef128
6,11,98.709,HNSW_ef128
6,8,95.167,HNSW_ef128
6,27,102.375,HNSW_ef128
6,28,98.708,HNSW_ef128
6,10,102.166,HNSW_ef128
6,4,108.5,HNSW_ef128
6,18,101.667,HNSW_ef128
6,7,103.791,HNSW_ef128
6,1,97.708,HNSW_ef128
6,0,101.625,HNSW_ef128
6,15,101.417,HNSW_ef128
6,20,102.458,HNSW_ef128
6,32,102.334,HNSW_ef128
6,16,105.709,HNSW_ef128
6,12,98.25,HNSW_ef128
6,26,107.292,HNSW_ef128
6,24,92.791,HNSW_ef128
6,17,97.458,HNSW_ef128
6,22,94.208,HNSW_ef128
6,5,98.791,HNSW_ef128
6,30,101.291,HNSW_ef128
6,2,105.458,HNSW_ef128
6,31,101.25,HNSW_ef128
6,14,103.0,HNSW_ef128
6,13,99.166,HNSW_ef128
7,20,103.167,HNSW_ef128
7,16,103.583,HNSW_ef128
7,2,105.417,HNSW_ef128
7,12,100.084,HNSW_ef128
7,29,99.75,HNSW_ef128
7,10,102.125,HNSW_ef128
7,22,94.166,HNSW_ef128
7,4,109.083,HNSW_ef128
7,0,102.417,HNSW_ef128
7,23,95.875,HNSW_ef128
7,19,105.708,HNSW_ef128
7,33,103.083,HNSW_ef128
7,15,101.333,HNSW_ef128
7,26,99.042,HNSW_ef128
7,28,99.167,HNSW_ef128
7,18,101.208,HNSW_ef128
7,24,93.625,HNSW_ef128
7,3,101.708,HNSW_ef128
7,8,96.375,HNSW_ef128
7,11,99.875,HNSW_ef128
7,7,103.667,HNSW_ef128
7,5,97.75,HNSW_ef128
7,1,97.708,HNSW_ef128
7,32,101.542,HNSW_ef128
7,27,102.5,HNSW_ef128
7,17,98.083,HNSW_ef128
7,9,101.583,HNSW_ef128
7,25,106.166,HNSW_ef128
7,13,100.208,HNSW_ef128
7,21,97.833,HNSW_ef128
7,30,102.0,HNSW_ef128
7,31,99.333,HNSW_ef128
7,6,102.625,HNSW_ef128
7,14,102.875,HNSW_ef128
8,16,112.542,HNSW_ef128
8,8,96.167,HNSW_ef128
8,33,94.75,HNSW_ef128
8,25,97.875,HNSW_ef128
8,18,102.459,HNSW_ef128
8,26,99.417,HNSW_ef128
8,32,96.666,HNSW_ef128
8,11,99.416,HNSW_ef128
8,27,101.333,HNSW_ef128
8,7,102.833,HNSW_ef128
8,15,107.541,HNSW_ef128
8,1,98.083,HNSW_ef128
8,22,92.875,HNSW_ef128
8,28,98.416,HNSW_ef128
8,19,105.791,HNSW_ef128
8,23,95.125,HNSW_ef128
8,0,102.125,HNSW_ef128
8,24,93.083,HNSW_ef128
8,29,101.584,HNSW_ef128
8,2,104.334,HNSW_ef128
8,31,106.417,HNSW_ef128
8,5,98.375,HNSW_ef128
8,4,98.792,HNSW_ef128
8,10,102.792,HNSW_ef128
8,6,102.792,HNSW_ef128
8,17,98.959,HNSW_ef128
8,30,101.417,HNSW_ef128
8,13,98.458,HNSW_ef128
8,3,94.375,HNSW_ef128
8,14,102.584,HNSW_ef128
8,12,105.209,HNSW_ef128
8,20,101.75,HNSW_ef128
8,21,99.625,HNSW_ef128
8,9,101.5,HNSW_ef128
9,30,96.042,HNSW_ef128
9,6,101.792,HNSW_ef128
9,28,95.875,HNSW_ef128
9,7,103.5,HNSW_ef128
9,10,108.334,HNSW_ef128
9,24,92.083,HNSW_ef128
9,13,97.584,HNSW_ef128
9,14,100.834,HNSW_ef128
9,33,100.709,HNSW_ef128
9,25,98.5,HNSW_ef128
9,0,101.291,HNSW_ef128
9,19,106.375,HNSW_ef128
9,4,97.917,HNSW_ef128
9,12,104.417,HNSW_ef128
9,5,98.417,HNSW_ef128
9,9,100.167,HNSW_ef128
9,11,99.75,HNSW_ef128
9,3,93.917,HNSW_ef128
9,16,104.75,HNSW_ef128
9,26,99.417,HNSW_ef128
9,20,101.959,HNSW_ef128
9,29,100.709,HNSW_ef128
9,2,104.0,HNSW_ef128
9,22,100.417,HNSW_ef128
9,27,103.125,HNSW_ef128
9,23,93.083,HNSW_ef128
9,1,97.75,HNSW_ef128
9,15,100.958,HNSW_ef128
9,8,96.667,HNSW_ef128
9,17,98.042,HNSW_ef128
9,31,100.208,HNSW_ef128
9,32,100.875,HNSW_ef128
9,18,101.458,HNSW_ef128
9,21,105.041,HNSW_ef128
10,13,98.083,HNSW_ef128
10,20,100.583,HNSW_ef128
10,28,99.959,HNSW_ef128
10,0,100.375,HNSW_ef128
10,30,101.041,HNSW_ef128
10,16,105.75,HNSW_ef128
10,27,102.041,HNSW_ef128
10,32,105.666,HNSW_ef128
10,12,97.292,HNSW_ef128
10,1,98.125,HNSW_ef128
10,2,104.834,HNSW_ef128
10,19,106.167,HNSW_ef128
10,6,102.0,HNSW_ef128
10,33,102.334,HNSW_ef128
10,15,101.125,HNSW_ef128
10,7,105.792,HNSW_ef128
10,8,101.959,HNSW_ef128
10,23,94.291,HNSW_ef128
10,5,96.916,HNSW_ef128
10,25,97.916,HNSW_ef128
10,21,97.083,HNSW_ef128
10,18,102.375,HNSW_ef128
10,10,102.917,HNSW_ef128
10,9,101.834,HNSW_ef128
10,29,102.083,HNSW_ef128
10,22,91.916,HNSW_ef128
10,17,96.291,HNSW_ef128
10,24,99.75,HNSW_ef128
10,31,100.958,HNSW_ef128
10,3,94.375,HNSW_ef128
10,4,98.834,HNSW_ef128
10,26,100.375,HNSW_ef128
10,11,99.625,HNSW_ef128
10,14,103.291,HNSW_ef128
0,10,192.041,HNSW_ef256
0,33,188.417,HNSW_ef256
0,24,196.833,HNSW_ef256
0,5,191.833,HNSW_ef256
0,29,192.667,HNSW_ef256
0,19,196.791,HNSW_ef256
0,7,206.291,HNSW_ef256
0,20,195.375,HNSW_ef256
0,28,191.042,HNSW_ef256
0,18,194.75,HNSW_ef256
0,23,191.417,HNSW_ef256
0,30,197.167,HNSW_ef256
0,22,199.333,HNSW_ef256
0,6,194.916,HNSW_ef256
0,25,194.75,HNSW_ef256
0,16,193.25,HNSW_ef256
0,9,193.917,HNSW_ef256
0,26,190.583,HNSW_ef256
0,3,195.834,HNSW_ef256
0,0,194.209,HNSW_ef256
0,15,198.625,HNSW_ef256
0,17,202.042,HNSW_ef256
0,27,193.167,HNSW_ef256
0,12,199.833,HNSW_ef256
0,21,191.917,HNSW_ef256
0,11,196.375,HNSW_ef256
0,14,192.25,HNSW_ef256
0,32,206.375,HNSW_ef256
0,2,200.625,HNSW_ef256
0,4,190.916,HNSW_ef256
0,31,196.375,HNSW_ef256
0,1,195.291,HNSW_ef256
0,13,199.542,HNSW_ef256
0,8,198.458,HNSW_ef256
1,33,178.25,HNSW_ef256
1,10,193.667,HNSW_ef256
1,18,191.375,HNSW_ef256
1,26,190.334,HNSW_ef256
1,7,201.25,HNSW_ef256
1,17,201.416,HNSW_ef256
1,25,195.417,HNSW_ef256
1,12,198.417,HNSW_ef256
1,8,196.708,HNSW_ef256
1,6,195.584,HNSW_ef256
1,22,202.792,HNSW_ef256
1,5,194.666,HNSW_ef256
1,1,200.292,HNSW_ef256
1,27,193.5,HNSW_ef256
1,32,199.083,HNSW_ef256
1,21,198.458,HNSW_ef256
1,3,195.709,HNSW_ef256
1,20,194.209,HNSW_ef256
1,14,192.459,HNSW_ef256
1,19,195.334,HNSW_ef256
1,11,195.625,HNSW_ef256
1,2,210.375,HNSW_ef256
1,0,195.125,HNSW_ef256
1,24,193.458,HNSW_ef256
1,29,193.667,HNSW_ef256
1,4,194.959,HNSW_ef256
1,30,197.292,HNSW_ef256
1,15,195.708,HNSW_ef256
1,16,189.708,HNSW_ef256
1,23,192.667,HNSW_ef256
1,28,194.375,HNSW_ef256
1,13,197.667,HNSW_ef256
1,9,191.208,HNSW_ef256
1,31,191.708,HNSW_ef256
2,15,194.416,HNSW_ef256
2,16,195.209,HNSW_ef256
2,2,197.042,HNSW_ef256
2,25,196.25,HNSW_ef256
2,8,204.208,HNSW_ef256
2,23,189.834,HNSW_ef256
2,6,197.375,HNSW_ef256
2,26,190.667,HNSW_ef256
2,4,192.125,HNSW_ef256
2,9,192.667,HNSW_ef256
2,12,203.25,HNSW_ef256
2,19,198.167,HNSW_ef256
2,14,194.0,HNSW_ef256
2,18,194.458,HNSW_ef256
2,13,193.125,HNSW_ef256
2,11,201.5,HNSW_ef256
2,33,193.0,HNSW_ef256
2,3,194.709,HNSW_ef256
2,7,197.917,HNSW_ef256
2,5,194.25,HNSW_ef256
2,24,200.416,HNSW_ef256
2,17,197.875,HNSW_ef256
2,0,194.75,HNSW_ef256
2,22,196.167,HNSW_ef256
2,30,192.125,HNSW_ef256
2,27,202.083,HNSW_ef256
2,28,193.292,HNSW_ef256
2,10,194.375,HNSW_ef256
2,20,192.083,HNSW_ef256
2,21,193.875,HNSW_ef256
2,29,203.0,HNSW_ef256
2,32,195.75,HNSW_ef256
2,31,195.625,HNSW_ef256
2,1,193.292,HNSW_ef256
3,4,195.584,HNSW_ef256
3,0,194.375,HNSW_ef256
3,11,195.959,HNSW_ef256
3,6,197.333,HNSW_ef256
3,31,198.833,HNSW_ef256
3,20,193.833,HNSW_ef256
3,8,196.042,HNSW_ef256
3,2,196.625,HNSW_ef256
3,32,199.875,HNSW_ef256
3,25,199.417,HNSW_ef256
3,13,191.292,HNSW_ef256
3,21,193.25,HNSW_ef256
3,30,190.458,HNSW_ef256
3,15,196.292,HNSW_ef256
3,33,201.084,HNSW_ef256
3,28,193.5,HNSW_ef256
3,3,197.542,HNSW_ef256
3,5,192.25,HNSW_ef256
3,16,194.5,HNSW_ef256
3,9,200.125,HNSW_ef256
3,17,194.292,HNSW_ef256
3,1,197.25,HNSW_ef256
3,27,192.458,HNSW_ef256
3,22,197.542,HNSW_ef256
3,7,208.084,HNSW_ef256
3,29,190.542,HNSW_ef256
3,24,194.5,HNSW_ef256
3,12,199.292,HNSW_ef256
3,23,189.666,HNSW_ef256
3,14,204.375,HNSW_ef256
3,18,195.042,HNSW_ef256
3,10,191.667,HNSW_ef256
3,19,195.958,HNSW_ef256
3,26,188.834,HNSW_ef256
4,31,188.875,HNSW_ef256
4,6,197.5,HNSW_ef256
4,7,196.667,HNSW_ef256
4,13,201.666,HNSW_ef256
4,28,190.958,HNSW_ef256
4,25,194.625,HNSW_ef256
4,5,196.042,HNSW_ef256
4,23,188.667,HNSW_ef256
4,8,206.042,HNSW_ef256
4,15,195.708,HNSW_ef256
4,29,191.083,HNSW_ef256
4,3,195.458,HNSW_ef256
4,1,195.541,HNSW_ef256
4,32,205.458,HNSW_ef256
4,30,188.875,HNSW_ef256
4,0,193.917,HNSW_ef256
4,4,194.083,HNSW_ef256
4,19,194.041,HNSW_ef256
4,16,200.875,HNSW_ef256
4,18,194.625,HNSW_ef256
4,9,188.625,HNSW_ef256
4,2,199.833,HNSW_ef256
4,20,191.208,HNSW_ef256
4,27,203.208,HNSW_ef256
4,22,199.334,HNSW_ef256
4,11,194.0,HNSW_ef256
4,17,198.167,HNSW_ef256
4,10,188.75,HNSW_ef256
4,33,200.25,HNSW_ef256
4,24,198.125,HNSW_ef256
4,12,195.708,HNSW_ef256
4,14,197.083,HNSW_ef256
4,21,194.75,HNSW_ef256
4,26,198.5,HNSW_ef256
5,6,196.209,HNSW_ef256
5,33,180.833,HNSW_ef256
5,7,205.917,HNSW_ef256
5,32,195.208,HNSW_ef256
5,26,191.417,HNSW_ef256
5,22,197.25,HNSW_ef256
5,24,193.333,HNSW_ef256
5,15,205.958,HNSW_ef256
5,30,192.75,HNSW_ef256
5,31,191.958,HNSW_ef256
5,23,191.958,HNSW_ef256
5,20,191.167,HNSW_ef256
5,14,202.708,HNSW_ef256
5,18,196.75,HNSW_ef256
5,11,194.084,HNSW_ef256
5,12,203.625,HNSW_ef256
5,2,195.583,HNSW_ef256
5,25,202.125,HNSW_ef256
5,10,195.209,HNSW_ef256
5,9,189.125,HNSW_ef256
5,21,192.333,HNSW_ef256
5,17,200.125,HNSW_ef256
5,4,198.334,HNSW_ef256
5,16,195.167,HNSW_ef256
5,1,194.542,HNSW_ef256
5,29,192.334,HNSW_ef256
5,3,196.5,HNSW_ef256
5,0,193.542,HNSW_ef256
5,19,205.625,HNSW_ef256
5,28,191.792,HNSW_ef256
5,8,195.583,HNSW_ef256
5,27,195.042,HNSW_ef256
5,5,192.042,HNSW_ef256
5,13,200.75,HNSW_ef256
6,33,168.542,HNSW_ef256
6,21,201.25,HNSW_ef256
6,6,192.416,HNSW_ef256
6,3,193.75,HNSW_ef256
6,25,196.25,HNSW_ef256
6,19,192.459,HNSW_ef256
6,29,194.458,HNSW_ef256
6,23,197.667,HNSW_ef256
6,9,187.75,HNSW_ef256
6,11,195.209,HNSW_ef256
6,8,192.292,HNSW_ef256
6,27,192.458,HNSW_ef256
6,28,200.541,HNSW_ef256
6,10,192.375,HNSW_ef256
6,4,193.125,HNSW_ef256
6,18,190.542,HNSW_ef256
6,7,198.292,HNSW_ef256
6,1,208.917,HNSW_ef256
6,0,194.125,HNSW_ef256
6,15,199.0,HNSW_ef256
6,20,190.75,HNSW_ef256
6,32,197.125,HNSW_ef256
6,16,202.083,HNSW_ef256
6,12,197.791,HNSW_ef256
6,26,192.375,HNSW_ef256
6,24,193.083,HNSW_ef256
6,17,197.459,HNSW_ef256
6,22,207.042,HNSW_ef256
6,5,191.709,HNSW_ef256
6,30,193.625,HNSW_ef256
6,2,195.5,HNSW_ef256
6,31,193.708,HNSW_ef256
6,14,203.625,HNSW_ef256
6,13,189.959,HNSW_ef256
7,20,192.958,HNSW_ef256
7,16,201.875,HNSW_ef256
7,2,197.0,HNSW_ef256
7,12,199.75,HNSW_ef256
7,29,190.458,HNSW_ef256
7,10,193.167,HNSW_ef256
7,22,206.75,HNSW_ef256
7,4,190.5,HNSW_ef256
7,0,195.0,HNSW_ef256
7,23,191.375,HNSW_ef256
7,19,194.334,HNSW_ef256
7,33,200.667,HNSW_ef256
7,15,194.042,HNSW_ef256
7,26,191.125,HNSW_ef256
7,28,194.458,HNSW_ef256
7,18,191.959,HNSW_ef256
7,24,230.5,HNSW_ef256
7,3,197.667,HNSW_ef256
7,8,194.917,HNSW_ef256
7,11,196.667,HNSW_ef256
7,7,196.167,HNSW_ef256
7,5,200.958,HNSW_ef256
7,1,199.541,HNSW_ef256
7,32,198.208,HNSW_ef256
7,27,195.875,HNSW_ef256
7,17,195.25,HNSW_ef256
7,9,196.625,HNSW_ef256
7,25,197.708,HNSW_ef256
7,13,189.458,HNSW_ef256
7,21,191.959,HNSW_ef256
7,30,194.292,HNSW_ef256
7,31,199.292,HNSW_ef256
7,6,196.0,HNSW_ef256
7,14,192.625,HNSW_ef256
8,16,199.375,HNSW_ef256
8,8,198.25,HNSW_ef256
8,33,180.791,HNSW_ef256
8,25,195.0,HNSW_ef256
8,18,193.416,HNSW_ef256
8,26,197.041,HNSW_ef256
8,32,198.25,HNSW_ef256
8,11,193.0,HNSW_ef256
8,27,193.792,HNSW_ef256
8,7,199.667,HNSW_ef256
8,15,200.375,HNSW_ef256
8,1,198.083,HNSW_ef256
8,22,198.041,HNSW_ef256
8,28,192.416,HNSW_ef256
8,19,195.75,HNSW_ef256
8,23,197.0,HNSW_ef256
8,0,194.25,HNSW_ef256
8,24,195.75,HNSW_ef256
8,29,195.583,HNSW_ef256
8,2,197.625,HNSW_ef256
8,31,199.125,HNSW_ef256
8,5,192.333,HNSW_ef256
8,4,195.458,HNSW_ef256
8,10,191.958,HNSW_ef256
8,6,194.041,HNSW_ef256
8,17,205.083,HNSW_ef256
8,30,189.458,HNSW_ef256
8,13,194.166,HNSW_ef256
8,3,191.5,HNSW_ef256
8,14,193.625,HNSW_ef256
8,12,205.333,HNSW_ef256
8,20,191.958,HNSW_ef256
8,21,193.708,HNSW_ef256
8,9,190.708,HNSW_ef256
9,30,189.25,HNSW_ef256
9,6,196.417,HNSW_ef256
9,28,193.084,HNSW_ef256
9,7,198.541,HNSW_ef256
9,10,197.791,HNSW_ef256
9,24,194.0,HNSW_ef256
9,13,195.208,HNSW_ef256
9,14,192.167,HNSW_ef256
9,33,192.25,HNSW_ef256
9,25,203.0,HNSW_ef256
9,0,192.833,HNSW_ef256
9,19,196.583,HNSW_ef256
9,4,189.334,HNSW_ef256
9,12,197.875,HNSW_ef256
9,5,201.834,HNSW_ef256
9,9,189.292,HNSW_ef256
9,11,195.167,HNSW_ef256
9,3,190.5,HNSW_ef256
9,16,193.834,HNSW_ef256
9,26,192.625,HNSW_ef256
9,20,199.625,HNSW_ef256
9,29,195.458,HNSW_ef256
9,2,197.375,HNSW_ef256
9,22,195.417,HNSW_ef256
9,27,193.875,HNSW_ef256
9,23,194.083,HNSW_ef256
9,1,196.5,HNSW_ef256
9,15,197.583,HNSW_ef256
9,8,192.833,HNSW_ef256
9,17,197.708,HNSW_ef256
9,31,199.25,HNSW_ef256
9,32,196.875,HNSW_ef256
9,18,195.25,HNSW_ef256
9,21,190.5,HNSW_ef256
10,13,193.417,HNSW_ef256
10,20,192.958,HNSW_ef256
10,28,195.292,HNSW_ef256
10,0,191.625,HNSW_ef256
10,30,199.333,HNSW_ef256
10,16,194.583,HNSW_ef256
10,27,191.208,HNSW_ef256
10,32,197.792,HNSW_ef256
10,12,194.75,HNSW_ef256
10,1,203.833,HNSW_ef256
10,2,198.25,HNSW_ef256
10,19,192.667,HNSW_ef256
10,6,194.5,HNSW_ef256
10,33,189.125,HNSW_ef256
10,15,201.959,HNSW_ef256
10,7,200.0,HNSW_ef256
10,8,192.125,HNSW_ef256
10,23,192.125,HNSW_ef256
10,5,194.667,HNSW_ef256
10,25,201.417,HNSW_ef256
10,21,193.0,HNSW_ef256
10,18,193.625,HNSW_ef256
10,10,190.125,HNSW_ef256
10,9,191.791,HNSW_ef256
10,29,203.416,HNSW_ef256
10,22,196.542,HNSW_ef256
10,17,197.833,HNSW_ef256
10,24,192.084,HNSW_ef256
10,31,194.042,HNSW_ef256
10,3,201.625,HNSW_ef256
10,4,191.166,HNSW_ef256
10,26,193.083,HNSW_ef256
10,11,193.416,HNSW_ef256
10,14,196.541,HNSW_ef256
0,10,24.416,IVF4_p1
0,33,19.291,IVF4_p1
0,24,24.375,IVF4_p1
0,5,22.625,IVF4_p1
0,29,21.125,IVF4_p1
0,19,20.209,IVF4_p1
0,7,19.542,IVF4_p1
0,20,18.792,IVF4_p1
0,28,19.667,IVF4_p1
0,18,20.75,IVF4_p1
0,23,26.375,IVF4_p1
0,30,21.292,IVF4_p1
0,22,23.708,IVF4_p1
0,6,22.625,IVF4_p1
0,25,25.833,IVF4_p1
0,16,25.0,IVF4_p1
0,9,20.042,IVF4_p1
0,26,22.25,IVF4_p1
0,3,25.834,IVF4_p1
0,0,21.0,IVF4_p1
0,15,23.5,IVF4_p1
0,17,23.75,IVF4_p1
0,27,20.458,IVF4_p1
0,12,24.958,IVF4_p1
0,21,24.5,IVF4_p1
0,11,24.209,IVF4_p1
0,14,24.334,IVF4_p1
0,32,23.958,IVF4_p1
0,2,20.209,IVF4_p1
0,4,25.042,IVF4_p1
0,31,23.584,IVF4_p1
0,1,22.042,IVF4_p1
0,13,20.167,IVF4_p1
0,8,24.833,IVF4_p1
1,33,20.0,IVF4_p1
1,10,22.958,IVF4_p1
1,18,21.084,IVF4_p1
1,26,21.667,IVF4_p1
1,7,19.417,IVF4_p1
1,17,24.208,IVF4_p1
1,25,25.083,IVF4_p1
1,12,24.75,IVF4_p1
1,8,24.25,IVF4_p1
1,6,22.833,IVF4_p1
1,22,24.0,IVF4_p1
1,5,22.667,IVF4_p1
1,1,22.209,IVF4_p1
1,27,20.625,IVF4_p1
1,32,23.834,IVF4_p1
1,21,24.5,IVF4_p1
1,3,26.167,IVF4_p1
1,20,19.042,IVF4_p1
1,14,24.583,IVF4_p1
1,19,20.583,IVF4_p1
1,11,24.375,IVF4_p1
1,2,19.833,IVF4_p1
1,0,21.042,IVF4_p1
1,24,33.042,IVF4_p1
1,29,22.084,IVF4_p1
1,4,24.625,IVF4_p1
1,30,21.459,IVF4_p1
1,15,23.625,IVF4_p1
1,16,24.209,IVF4_p1
1,23,26.792,IVF4_p1
1,28,20.292,IVF4_p1
1,13,20.25,IVF4_p1
1,9,19.833,IVF4_p1
1,31,24.5,IVF4_p1
2,15,22.834,IVF4_p1
2,16,23.75,IVF4_p1
2,2,19.542,IVF4_p1
2,25,25.0,IVF4_p1
2,8,24.084,IVF4_p1
2,23,26.208,IVF4_p1
2,6,22.334,IVF4_p1
2,26,21.625,IVF4_p1
2,4,32.292,IVF4_p1
2,9,19.625,IVF4_p1
2,12,24.333,IVF4_p1
2,19,20.375,IVF4_p1
2,14,24.416,IVF4_p1
2,18,20.125,IVF4_p1
2,13,19.75,IVF4_p1
2,11,23.459,IVF4_p1
2,33,19.375,IVF4_p1
2,3,25.959,IVF4_p1
2,7,19.417,IVF4_p1
2,5,22.25,IVF4_p1
2,24,24.792,IVF4_p1
2,17,23.667,IVF4_p1
2,0,20.417,IVF4_p1
2,22,23.666,IVF4_p1
2,30,21.417,IVF4_p1
2,27,20.709,IVF4_p1
2,28,19.709,IVF4_p1
2,10,22.875,IVF4_p1
2,20,18.75,IVF4_p1
2,21,24.625,IVF4_p1
2,29,21.417,IVF4_p1
2,32,23.417,IVF4_p1
2,31,23.417,IVF4_p1
2,1,21.667,IVF4_p1
3,4,25.291,IVF4_p1
3,0,20.208,IVF4_p1
3,11,23.584,IVF4_p1
3,6,22.167,IVF4_p1
3,31,22.917,IVF4_p1
3,20,19.084,IVF4_p1
3,8,23.459,IVF4_p1
3,2,19.459,IVF4_p1
3,32,23.208,IVF4_p1
3,25,25.583,IVF4_p1
3,13,19.625,IVF4_p1
3,21,24.833,IVF4_p1
3,30,21.208,IVF4_p1
3,15,22.334,IVF4_p1
3,33,19.083,IVF4_p1
3,28,19.75,IVF4_p1
3,3,25.584,IVF4_p1
3,5,22.542,IVF4_p1
3,16,23.916,IVF4_p1
3,9,18.958,IVF4_p1
3,17,25.416,IVF4_p1
3,1,21.0,IVF4_p1
3,27,20.583,IVF4_p1
3,22,23.625,IVF4_p1
3,7,19.0,IVF4_p1
3,29,20.708,IVF4_p1
3,24,24.417,IVF4_p1
3,12,23.958,IVF4_p1
3,23,26.125,IVF4_p1
3,14,24.042,IVF4_p1
3,18,19.917,IVF4_p1
3,10,22.709,IVF4_p1
3,19,20.25,IVF4_p1
3,26,21.583,IVF4_p1
4,31,23.667,IVF4_p1
4,6,22.417,IVF4_p1
4,7,18.875,IVF4_p1
4,13,19.458,IVF4_p1
4,28,19.583,IVF4_p1
4,25,24.708,IVF4_p1
4,5,21.833,IVF4_p1
4,23,25.542,IVF4_p1
4,8,23.333,IVF4_p1
4,15,22.708,IVF4_p1
4,29,20.333,IVF4_p1
4,3,25.208,IVF4_p1
4,1,21.292,IVF4_p1
4,32,23.709,IVF4_p1
4,30,20.834,IVF4_p1
4,0,20.167,IVF4_p1
4,4,24.5,IVF4_p1
4,19,19.959,IVF4_p1
4,16,24.167,IVF4_p1
4,18,19.708,IVF4_p1
4,9,18.916,IVF4_p1
4,2,19.25,IVF4_p1
4,20,18.583,IVF4_p1
4,27,28.583,IVF4_p1
4,22,24.208,IVF4_p1
4,11,23.375,IVF4_p1
4,17,23.25,IVF4_p1
4,10,22.708,IVF4_p1
4,33,19.084,IVF4_p1
4,24,24.417,IVF4_p1
4,12,23.791,IVF4_p1
4,14,23.792,IVF4_p1
4,21,24.834,IVF4_p1
4,26,21.625,IVF4_p1
5,6,22.666,IVF4_p1
5,33,19.125,IVF4_p1
5,7,18.875,IVF4_p1
5,32,23.209,IVF4_p1
5,26,20.875,IVF4_p1
5,22,23.458,IVF4_p1
5,24,28.208,IVF4_p1
5,15,22.917,IVF4_p1
5,30,20.541,IVF4_p1
5,31,45.917,IVF4_p1
5,23,27.375,IVF4_p1
5,20,35.083,IVF4_p1
5,14,24.792,IVF4_p1
5,18,20.042,IVF4_p1
5,11,23.417,IVF4_p1
5,12,24.042,IVF4_p1
5,2,19.208,IVF4_p1
5,25,25.167,IVF4_p1
5,10,22.917,IVF4_p1
5,9,19.459,IVF4_p1
5,21,43.625,IVF4_p1
5,17,24.5,IVF4_p1
5,4,61.333,IVF4_p1
5,16,25.834,IVF4_p1
5,1,21.375,IVF4_p1
5,29,20.667,IVF4_p1
5,3,49.542,IVF4_p1
5,0,21.667,IVF4_p1
5,19,20.0,IVF4_p1
5,28,20.0,IVF4_p1
5,8,23.709,IVF4_p1
5,27,37.833,IVF4_p1
5,5,23.167,IVF4_p1
5,13,36.5,IVF4_p1
6,33,20.166,IVF4_p1
6,21,24.458,IVF4_p1
6,6,22.5,IVF4_p1
6,3,25.042,IVF4_p1
6,25,24.416,IVF4_p1
6,19,19.584,IVF4_p1
6,29,20.666,IVF4_p1
6,23,25.792,IVF4_p1
6,9,18.75,IVF4_p1
6,11,23.334,IVF4_p1
6,8,23.208,IVF4_p1
6,27,20.125,IVF4_p1
6,28,19.541,IVF4_p1
6,10,22.625,IVF4_p1
6,4,23.875,IVF4_p1
6,18,19.791,IVF4_p1
6,7,18.667,IVF4_p1
6,1,20.875,IVF4_p1
6,0,20.458,IVF4_p1
6,15,22.666,IVF4_p1
6,20,18.708,IVF4_p1
6,32,23.0,IVF4_p1
6,16,23.958,IVF4_p1
6,12,23.875,IVF4_p1
6,26,21.333,IVF4_p1
6,24,24.625,IVF4_p1
6,17,23.416,IVF4_p1
6,22,23.334,IVF4_p1
6,5,22.375,IVF4_p1
6,30,21.125,IVF4_p1
6,2,19.334,IVF4_p1
6,31,31.333,IVF4_p1
6,14,24.25,IVF4_p1
6,13,19.625,IVF4_p1
7,20,19.0,IVF4_p1
7,16,23.5,IVF4_p1
7,2,19.208,IVF4_p1
7,12,23.125,IVF4_p1
7,29,20.375,IVF4_p1
7,10,22.291,IVF4_p1
7,22,23.458,IVF4_p1
7,4,23.75,IVF4_p1
7,0,20.292,IVF4_p1
7,23,25.834,IVF4_p1
7,19,19.792,IVF4_p1
7,33,19.083,IVF4_p1
7,15,23.166,IVF4_p1
7,26,20.667,IVF4_p1
7,28,19.666,IVF4_p1
7,18,19.458,IVF4_p1
7,24,24.333,IVF4_p1
7,3,25.209,IVF4_p1
7,8,37.625,IVF4_p1
7,11,23.667,IVF4_p1
7,7,18.791,IVF4_p1
7,5,22.0,IVF4_p1
7,1,21.0,IVF4_p1
7,32,22.75,IVF4_p1
7,27,20.334,IVF4_p1
7,17,23.375,IVF4_p1
7,9,19.0,IVF4_p1
7,25,24.958,IVF4_p1
7,13,19.458,IVF4_p1
7,21,24.5,IVF4_p1
7,30,20.792,IVF4_p1
7,31,23.583,IVF4_p1
7,6,22.292,IVF4_p1
7,14,23.583,IVF4_p1
8,16,23.916,IVF4_p1
8,8,23.208,IVF4_p1
8,33,19.25,IVF4_p1
8,25,24.875,IVF4_p1
8,18,33.875,IVF4_p1
8,26,21.583,IVF4_p1
8,32,22.583,IVF4_p1
8,11,23.625,IVF4_p1
8,27,20.292,IVF4_p1
8,7,18.625,IVF4_p1
8,15,22.625,IVF4_p1
8,1,21.167,IVF4_p1
8,22,23.5,IVF4_p1
8,28,19.917,IVF4_p1
8,19,19.292,IVF4_p1
8,23,25.959,IVF4_p1
8,0,20.209,IVF4_p1
8,24,24.292,IVF4_p1
8,29,20.667,IVF4_p1
8,2,19.125,IVF4_p1
8,31,22.708,IVF4_p1
8,5,22.125,IVF4_p1
8,4,24.042,IVF4_p1
8,10,22.625,IVF4_p1
8,6,22.125,IVF4_p1
8,17,23.333,IVF4_p1
8,30,20.791,IVF4_p1
8,13,19.5,IVF4_p1
8,3,25.125,IVF4_p1
8,14,23.75,IVF4_p1
8,12,23.625,IVF4_p1
8,20,18.583,IVF4_p1
8,21,24.416,IVF4_p1
8,9,18.875,IVF4_p1
9,30,21.333,IVF4_p1
9,6,22.292,IVF4_p1
9,28,19.875,IVF4_p1
9,7,19.417,IVF4_p1
9,10,22.208,IVF4_p1
9,24,24.125,IVF4_p1
9,13,19.416,IVF4_p1
9,14,23.292,IVF4_p1
9,33,19.125,IVF4_p1
9,25,24.583,IVF4_p1
9,0,20.458,IVF4_p1
9,19,19.542,IVF4_p1
9,4,23.833,IVF4_p1
9,12,23.833,IVF4_p1
9,5,22.166,IVF4_p1
9,9,18.833,IVF4_p1
9,11,23.5,IVF4_p1
9,3,24.666,IVF4_p1
9,16,23.75,IVF4_p1
9,26,21.041,IVF4_p1
9,20,18.417,IVF4_p1
9,29,20.667,IVF4_p1
9,2,19.542,IVF4_p1
9,22,23.334,IVF4_p1
9,27,20.542,IVF4_p1
9,23,25.791,IVF4_p1
9,1,21.042,IVF4_p1
9,15,22.75,IVF4_p1
9,8,23.292,IVF4_p1
9,17,23.125,IVF4_p1
9,31,22.875,IVF4_p1
9,32,22.792,IVF4_p1
9,18,19.75,IVF4_p1
9,21,24.417,IVF4_p1
10,13,20.167,IVF4_p1
10,20,18.666,IVF4_p1
10,28,19.625,IVF4_p1
10,0,20.208,IVF4_p1
10,30,20.375,IVF4_p1
10,16,23.5,IVF4_p1
10,27,20.417,IVF4_p1
10,32,22.459,IVF4_p1
10,12,23.333,IVF4_p1
10,1,20.875,IVF4_p1
10,2,19.417,IVF4_p1
10,19,19.708,IVF4_p1
10,6,22.5,IVF4_p1
10,33,19.208,IVF4_p1
10,15,22.75,IVF4_p1
10,7,19.167,IVF4_p1
10,8,23.417,IVF4_p1
10,23,25.667,IVF4_p1
10,5,22.25,IVF4_p1
10,25,25.334,IVF4_p1
10,21,24.542,IVF4_p1
10,18,27.25,IVF4_p1
10,10,22.958,IVF4_p1
10,9,18.833,IVF4_p1
10,29,20.667,IVF4_p1
10,22,23.459,IVF4_p1
10,17,23.417,IVF4_p1
10,24,24.584,IVF4_p1
10,31,23.0,IVF4_p1
10,3,24.958,IVF4_p1
10,4,23.959,IVF4_p1
10,26,20.833,IVF4_p1
10,11,23.667,IVF4_p1
10,14,23.75,IVF4_p1
0,10,34.5,IVF4_p2
0,33,32.875,IVF4_p2
0,24,36.0,IVF4_p2
0,5,32.792,IVF4_p2
0,29,33.5,IVF4_p2
0,19,33.334,IVF4_p2
0,7,32.459,IVF4_p2
0,20,32.834,IVF4_p2
0,28,34.875,IVF4_p2
0,18,31.209,IVF4_p2
0,23,36.459,IVF4_p2
0,30,46.334,IVF4_p2
0,22,35.0,IVF4_p2
0,6,34.458,IVF4_p2
0,25,36.167,IVF4_p2
0,16,34.625,IVF4_p2
0,9,33.875,IVF4_p2
0,26,36.125,IVF4_p2
0,3,36.166,IVF4_p2
0,0,36.417,IVF4_p2
0,15,34.041,IVF4_p2
0,17,34.166,IVF4_p2
0,27,34.375,IVF4_p2
0,12,37.0,IVF4_p2
0,21,35.708,IVF4_p2
0,11,34.75,IVF4_p2
0,14,35.291,IVF4_p2
0,32,39.708,IVF4_p2
0,2,32.917,IVF4_p2
0,4,34.667,IVF4_p2
0,31,34.166,IVF4_p2
0,1,35.208,IVF4_p2
0,13,33.917,IVF4_p2
0,8,35.0,IVF4_p2
1,33,33.375,IVF4_p2
1,10,33.416,IVF4_p2
1,18,30.667,IVF4_p2
1,26,36.042,IVF4_p2
1,7,32.75,IVF4_p2
1,17,33.875,IVF4_p2
1,25,44.125,IVF4_p2
1,12,36.167,IVF4_p2
1,8,34.25,IVF4_p2
1,6,33.625,IVF4_p2
1,22,34.042,IVF4_p2
1,5,32.917,IVF4_p2
1,1,34.541,IVF4_p2
1,27,34.625,IVF4_p2
1,32,39.25,IVF4_p2
1,21,35.625,IVF4_p2
1,3,36.167,IVF4_p2
1,20,32.584,IVF4_p2
1,14,34.917,IVF4_p2
1,19,33.084,IVF4_p2
1,11,34.334,IVF4_p2
1,2,32.75,IVF4_p2
1,0,35.917,IVF4_p2
1,24,36.0,IVF4_p2
1,29,33.791,IVF4_p2
1,4,34.25,IVF4_p2
1,30,36.125,IVF4_p2
1,15,34.167,IVF4_p2
1,16,34.458,IVF4_p2
1,23,36.708,IVF4_p2
1,28,34.958,IVF4_p2
1,13,33.791,IVF4_p2
1,9,37.208,IVF4_p2
1,31,34.25,IVF4_p2
2,15,34.5,IVF4_p2
2,16,41.917,IVF4_p2
2,2,33.417,IVF4_p2
2,25,36.25,IVF4_p2
2,8,34.375,IVF4_p2
2,23,36.625,IVF4_p2
2,6,33.75,IVF4_p2
2,26,36.0,IVF4_p2
2,4,34.166,IVF4_p2
2,9,33.5,IVF4_p2
2,12,35.875,IVF4_p2
2,19,33.292,IVF4_p2
2,14,34.75,IVF4_p2
2,18,30.833,IVF4_p2
2,13,33.833,IVF4_p2
2,11,34.5,IVF4_p2
2,33,32.834,IVF4_p2
2,3,35.792,IVF4_p2
2,7,32.458,IVF4_p2
2,5,32.75,IVF4_p2
2,24,36.125,IVF4_p2
2,17,34.25,IVF4_p2
2,0,35.708,IVF4_p2
2,22,34.0,IVF4_p2
2,30,36.083,IVF4_p2
2,27,34.75,IVF4_p2
2,28,34.875,IVF4_p2
2,10,33.625,IVF4_p2
2,20,33.0,IVF4_p2
2,21,42.875,IVF4_p2
2,29,34.25,IVF4_p2
2,32,39.542,IVF4_p2
2,31,34.125,IVF4_p2
2,1,34.416,IVF4_p2
3,4,34.792,IVF4_p2
3,0,35.833,IVF4_p2
3,11,34.417,IVF4_p2
3,6,34.167,IVF4_p2
3,31,33.75,IVF4_p2
3,20,32.792,IVF4_p2
3,8,34.167,IVF4_p2
3,2,33.458,IVF4_p2
3,32,39.208,IVF4_p2
3,25,36.584,IVF4_p2
3,13,33.792,IVF4_p2
3,21,35.459,IVF4_p2
3,30,35.625,IVF4_p2
3,15,34.125,IVF4_p2
3,33,32.958,IVF4_p2
3,28,34.417,IVF4_p2
3,3,35.667,IVF4_p2
3,5,32.792,IVF4_p2
3,16,33.916,IVF4_p2
3,9,33.208,IVF4_p2
3,17,34.125,IVF4_p2
3,1,34.166,IVF4_p2
3,27,33.875,IVF4_p2
3,22,34.25,IVF4_p2
3,7,32.417,IVF4_p2
3,29,34.875,IVF4_p2
3,24,36.416,IVF4_p2
3,12,36.208,IVF4_p2
3,23,36.958,IVF4_p2
3,14,34.834,IVF4_p2
3,18,31.125,IVF4_p2
3,10,33.291,IVF4_p2
3,19,33.291,IVF4_p2
3,26,35.75,IVF4_p2
4,31,34.584,IVF4_p2
4,6,33.792,IVF4_p2
4,7,32.375,IVF4_p2
4,13,33.625,IVF4_p2
4,28,34.167,IVF4_p2
4,25,35.959,IVF4_p2
4,5,32.667,IVF4_p2
4,23,36.125,IVF4_p2
4,8,34.167,IVF4_p2
4,15,33.792,IVF4_p2
4,29,34.0,IVF4_p2
4,3,35.708,IVF4_p2
4,1,34.541,IVF4_p2
4,32,39.041,IVF4_p2
4,30,36.083,IVF4_p2
4,0,35.916,IVF4_p2
4,4,34.375,IVF4_p2
4,19,33.25,IVF4_p2
4,16,33.833,IVF4_p2
4,18,30.458,IVF4_p2
4,9,40.875,IVF4_p2
4,2,33.417,IVF4_p2
4,20,32.833,IVF4_p2
4,27,34.166,IVF4_p2
4,22,34.375,IVF4_p2
4,11,34.5,IVF4_p2
4,17,34.166,IVF4_p2
4,10,33.458,IVF4_p2
4,33,33.0,IVF4_p2
4,24,36.458,IVF4_p2
4,12,35.541,IVF4_p2
4,14,34.791,IVF4_p2
4,21,35.625,IVF4_p2
4,26,36.0,IVF4_p2
5,6,34.334,IVF4_p2
5,33,32.75,IVF4_p2
5,7,32.292,IVF4_p2
5,32,38.458,IVF4_p2
5,26,35.708,IVF4_p2
5,22,34.291,IVF4_p2
5,24,35.833,IVF4_p2
5,15,33.75,IVF4_p2
5,30,35.375,IVF4_p2
5,31,33.792,IVF4_p2
5,23,36.5,IVF4_p2
5,20,32.875,IVF4_p2
5,14,34.5,IVF4_p2
5,18,30.625,IVF4_p2
5,11,34.083,IVF4_p2
5,12,35.416,IVF4_p2
5,2,40.166,IVF4_p2
5,25,36.709,IVF4_p2
5,10,33.75,IVF4_p2
5,9,33.583,IVF4_p2
5,21,35.666,IVF4_p2
5,17,34.292,IVF4_p2
5,4,34.417,IVF4_p2
5,16,34.125,IVF4_p2
5,1,34.625,IVF4_p2
5,29,33.917,IVF4_p2
5,3,36.042,IVF4_p2
5,0,36.125,IVF4_p2
5,19,33.125,IVF4_p2
5,28,34.916,IVF4_p2
5,8,34.042,IVF4_p2
5,27,34.25,IVF4_p2
5,5,32.833,IVF4_p2
5,13,33.75,IVF4_p2
6,33,33.458,IVF4_p2
6,21,35.292,IVF4_p2
6,6,34.042,IVF4_p2
6,3,35.583,IVF4_p2
6,25,36.458,IVF4_p2
6,19,32.958,IVF4_p2
6,29,33.667,IVF4_p2
6,23,36.541,IVF4_p2
6,9,33.75,IVF4_p2
6,11,38.0,IVF4_p2
6,8,34.209,IVF4_p2
6,27,41.917,IVF4_p2
6,28,34.917,IVF4_p2
6,10,33.25,IVF4_p2
6,4,34.25,IVF4_p2
6,18,30.625,IVF4_p2
6,7,32.125,IVF4_p2
6,1,34.416,IVF4_p2
6,0,35.875,IVF4_p2
6,15,33.916,IVF4_p2
6,20,32.666,IVF4_p2
6,32,39.083,IVF4_p2
6,16,34.125,IVF4_p2
6,12,35.708,IVF4_p2
6,26,36.0,IVF4_p2
6,24,36.042,IVF4_p2
6,17,34.292,IVF4_p2
6,22,34.292,IVF4_p2
6,5,32.459,IVF4_p2
6,30,36.083,IVF4_p2
6,2,33.0,IVF4_p2
6,31,34.292,IVF4_p2
6,14,34.875,IVF4_p2
6,13,33.541,IVF4_p2
7,20,33.417,IVF4_p2
7,16,34.25,IVF4_p2
7,2,33.041,IVF4_p2
7,12,35.417,IVF4_p2
7,29,33.5,IVF4_p2
7,10,33.125,IVF4_p2
7,22,34.292,IVF4_p2
7,4,41.875,IVF4_p2
7,0,35.875,IVF4_p2
7,23,36.583,IVF4_p2
7,19,33.166,IVF4_p2
7,33,32.917,IVF4_p2
7,15,34.125,IVF4_p2
7,26,35.708,IVF4_p2
7,28,34.625,IVF4_p2
7,18,30.667,IVF4_p2
7,24,36.084,IVF4_p2
7,3,35.958,IVF4_p2
7,8,34.125,IVF4_p2
7,11,34.375,IVF4_p2
7,7,32.333,IVF4_p2
7,5,32.625,IVF4_p2
7,1,34.666,IVF4_p2
7,32,38.875,IVF4_p2
7,27,33.792,IVF4_p2
7,17,34.083,IVF4_p2
7,9,33.666,IVF4_p2
7,25,36.958,IVF4_p2
7,13,33.666,IVF4_p2
7,21,35.667,IVF4_p2
7,30,35.875,IVF4_p2
7,31,34.208,IVF4_p2
7,6,34.0,IVF4_p2
7,14,34.583,IVF4_p2
8,16,34.5,IVF4_p2
8,8,33.75,IVF4_p2
8,33,32.958,IVF4_p2
8,25,44.291,IVF4_p2
8,18,30.625,IVF4_p2
8,26,35.792,IVF4_p2
8,32,38.792,IVF4_p2
8,11,34.5,IVF4_p2
8,27,33.917,IVF4_p2
8,7,32.208,IVF4_p2
8,15,33.875,IVF4_p2
8,1,34.292,IVF4_p2
8,22,34.25,IVF4_p2
8,28,34.541,IVF4_p2
8,19,33.042,IVF4_p2
8,23,36.917,IVF4_p2
8,0,35.584,IVF4_p2
8,24,36.125,IVF4_p2
8,29,33.625,IVF4_p2
8,2,33.125,IVF4_p2
8,31,33.75,IVF4_p2
8,5,32.667,IVF4_p2
8,4,34.292,IVF4_p2
8,10,33.375,IVF4_p2
8,6,33.417,IVF4_p2
8,17,34.084,IVF4_p2
8,30,35.542,IVF4_p2
8,13,33.875,IVF4_p2
8,3,36.083,IVF4_p2
8,14,34.625,IVF4_p2
8,12,35.5,IVF4_p2
8,20,40.041,IVF4_p2
8,21,36.208,IVF4_p2
8,9,33.375,IVF4_p2
9,30,35.708,IVF4_p2
9,6,33.792,IVF4_p2
9,28,34.542,IVF4_p2
9,7,32.667,IVF4_p2
9,10,33.292,IVF4_p2
9,24,36.0,IVF4_p2
9,13,33.667,IVF4_p2
9,14,34.209,IVF4_p2
9,33,33.125,IVF4_p2
9,25,36.375,IVF4_p2
9,0,35.75,IVF4_p2
9,19,32.875,IVF4_p2
9,4,34.125,IVF4_p2
9,12,34.958,IVF4_p2
9,5,32.541,IVF4_p2
9,9,33.375,IVF4_p2
9,11,34.292,IVF4_p2
9,3,36.041,IVF4_p2
9,16,33.792,IVF4_p2
9,26,35.917,IVF4_p2
9,20,32.792,IVF4_p2
9,29,33.792,IVF4_p2
9,2,33.208,IVF4_p2
9,22,34.291,IVF4_p2
9,27,33.958,IVF4_p2
9,23,36.958,IVF4_p2
9,1,34.792,IVF4_p2
9,15,41.542,IVF4_p2
9,8,34.417,IVF4_p2
9,17,34.084,IVF4_p2
9,31,33.834,IVF4_p2
9,32,38.917,IVF4_p2
9,18,30.375,IVF4_p2
9,21,35.583,IVF4_p2
10,13,34.25,IVF4_p2
10,20,32.791,IVF4_p2
10,28,34.791,IVF4_p2
10,0,35.666,IVF4_p2
10,30,35.125,IVF4_p2
10,16,34.0,IVF4_p2
10,27,33.625,IVF4_p2
10,32,38.416,IVF4_p2
10,12,34.875,IVF4_p2
10,1,34.125,IVF4_p2
10,2,32.833,IVF4_p2
10,19,32.541,IVF4_p2
10,6,33.959,IVF4_p2
10,33,33.0,IVF4_p2
10,15,33.875,IVF4_p2
10,7,32.417,IVF4_p2
10,8,34.167,IVF4_p2
10,23,36.75,IVF4_p2
10,5,32.375,IVF4_p2
10,25,36.417,IVF4_p2
10,21,35.542,IVF4_p2
10,18,30.5,IVF4_p2
10,10,33.417,IVF4_p2
10,9,46.792,IVF4_p2
10,29,34.25,IVF4_p2
10,22,34.5,IVF4_p2
10,17,34.208,IVF4_p2
10,24,36.416,IVF4_p2
10,31,33.708,IVF4_p2
10,3,36.25,IVF4_p2
10,4,34.083,IVF4_p2
10,26,35.875,IVF4_p2
10,11,34.667,IVF4_p2
10,14,34.625,IVF4_p2
0,10,60.25,IVF4_p4
0,33,58.542,IVF4_p4
0,24,60.083,IVF4_p4
0,5,58.5,IVF4_p4
0,29,59.708,IVF4_p4
0,19,58.625,IVF4_p4
0,7,57.541,IVF4_p4
0,20,57.916,IVF4_p4
0,28,59.125,IVF4_p4
0,18,59.375,IVF4_p4
0,23,61.041,IVF4_p4
0,30,59.833,IVF4_p4
0,22,58.458,IVF4_p4
0,6,58.833,IVF4_p4
0,25,60.625,IVF4_p4
0,16,67.417,IVF4_p4
0,9,57.958,IVF4_p4
0,26,60.166,IVF4_p4
0,3,60.042,IVF4_p4
0,0,60.916,IVF4_p4
0,15,59.667,IVF4_p4
0,17,60.25,IVF4_p4
0,27,59.75,IVF4_p4
0,12,60.375,IVF4_p4
0,21,59.834,IVF4_p4
0,11,59.625,IVF4_p4
0,14,61.375,IVF4_p4
0,32,60.833,IVF4_p4
0,2,58.708,IVF4_p4
0,4,59.875,IVF4_p4
0,31,60.958,IVF4_p4
0,1,60.083,IVF4_p4
0,13,66.625,IVF4_p4
0,8,59.875,IVF4_p4
1,33,59.166,IVF4_p4
1,10,66.792,IVF4_p4
1,18,59.042,IVF4_p4
1,26,60.208,IVF4_p4
1,7,57.625,IVF4_p4
1,17,59.625,IVF4_p4
1,25,60.0,IVF4_p4
1,12,60.292,IVF4_p4
1,8,59.75,IVF4_p4
1,6,58.917,IVF4_p4
1,22,58.625,IVF4_p4
1,5,58.292,IVF4_p4
1,1,59.958,IVF4_p4
1,27,59.584,IVF4_p4
1,32,60.5,IVF4_p4
1,21,59.333,IVF4_p4
1,3,59.875,IVF4_p4
1,20,65.625,IVF4_p4
1,14,61.791,IVF4_p4
1,19,59.0,IVF4_p4
1,11,60.042,IVF4_p4
1,2,58.5,IVF4_p4
1,0,60.792,IVF4_p4
1,24,60.291,IVF4_p4
1,29,59.958,IVF4_p4
1,4,60.375,IVF4_p4
1,30,60.125,IVF4_p4
1,15,59.791,IVF4_p4
1,16,59.333,IVF4_p4
1,23,61.333,IVF4_p4
1,28,59.083,IVF4_p4
1,13,59.417,IVF4_p4
1,9,58.25,IVF4_p4
1,31,60.5,IVF4_p4
2,15,60.25,IVF4_p4
2,16,59.292,IVF4_p4
2,2,58.208,IVF4_p4
2,25,68.083,IVF4_p4
2,8,59.375,IVF4_p4
2,23,60.958,IVF4_p4
2,6,59.0,IVF4_p4
2,26,59.792,IVF4_p4
2,4,59.5,IVF4_p4
2,9,57.417,IVF4_p4
2,12,60.459,IVF4_p4
2,19,58.75,IVF4_p4
2,14,61.041,IVF4_p4
2,18,59.125,IVF4_p4
2,13,59.125,IVF4_p4
2,11,59.417,IVF4_p4
2,33,58.042,IVF4_p4
2,3,59.833,IVF4_p4
2,7,60.583,IVF4_p4
2,5,65.833,IVF4_p4
2,24,60.375,IVF4_p4
2,17,59.458,IVF4_p4
2,0,60.334,IVF4_p4
2,22,58.792,IVF4_p4
2,30,59.917,IVF4_p4
2,27,59.791,IVF4_p4
2,28,59.083,IVF4_p4
2,10,58.917,IVF4_p4
2,20,58.084,IVF4_p4
2,21,59.625,IVF4_p4
2,29,59.292,IVF4_p4
2,32,60.75,IVF4_p4
2,31,60.708,IVF4_p4
2,1,59.791,IVF4_p4
3,4,60.25,IVF4_p4
3,0,60.416,IVF4_p4
3,11,59.542,IVF4_p4
3,6,59.0,IVF4_p4
3,31,60.042,IVF4_p4
3,20,65.375,IVF4_p4
3,8,59.417,IVF4_p4
3,2,58.5,IVF4_p4
3,32,60.916,IVF4_p4
3,25,60.292,IVF4_p4
3,13,59.0,IVF4_p4
3,21,59.375,IVF4_p4
3,30,59.542,IVF4_p4
3,15,59.834,IVF4_p4
3,33,58.0,IVF4_p4
3,28,58.75,IVF4_p4
3,3,59.959,IVF4_p4
3,5,58.375,IVF4_p4
3,16,59.25,IVF4_p4
3,9,57.25,IVF4_p4
3,17,59.292,IVF4_p4
3,1,66.459,IVF4_p4
3,27,59.583,IVF4_p4
3,22,59.083,IVF4_p4
3,7,57.875,IVF4_p4
3,29,59.292,IVF4_p4
3,24,60.25,IVF4_p4
3,12,60.292,IVF4_p4
3,23,61.208,IVF4_p4
3,14,61.125,IVF4_p4
3,18,59.0,IVF4_p4
3,10,58.833,IVF4_p4
3,19,58.916,IVF4_p4
3,26,59.666,IVF4_p4
4,31,61.125,IVF4_p4
4,6,58.792,IVF4_p4
4,7,57.917,IVF4_p4
4,13,59.209,IVF4_p4
4,28,58.875,IVF4_p4
4,25,59.666,IVF4_p4
4,5,58.5,IVF4_p4
4,23,188.125,IVF4_p4
4,8,86.333,IVF4_p4
4,15,60.958,IVF4_p4
4,29,58.708,IVF4_p4
4,3,59.667,IVF4_p4
4,1,59.708,IVF4_p4
4,32,60.375,IVF4_p4
4,30,59.875,IVF4_p4
4,0,60.708,IVF4_p4
4,4,59.416,IVF4_p4
4,19,58.917,IVF4_p4
4,16,59.625,IVF4_p4
4,18,58.875,IVF4_p4
4,9,57.084,IVF4_p4
4,2,80.167,IVF4_p4
4,20,99.667,IVF4_p4
4,27,72.125,IVF4_p4
4,22,58.833,IVF4_p4
4,11,60.25,IVF4_p4
4,17,59.834,IVF4_p4
4,10,58.709,IVF4_p4
4,33,58.208,IVF4_p4
4,24,60.583,IVF4_p4
4,12,60.583,IVF4_p4
4,14,61.458,IVF4_p4
4,21,59.541,IVF4_p4
4,26,70.833,IVF4_p4
5,6,63.958,IVF4_p4
5,33,58.125,IVF4_p4
5,7,57.75,IVF4_p4
5,32,60.125,IVF4_p4
5,26,67.75,IVF4_p4
5,22,58.542,IVF4_p4
5,24,60.0,IVF4_p4
5,15,60.25,IVF4_p4
5,30,59.75,IVF4_p4
5,31,60.625,IVF4_p4
5,23,60.583,IVF4_p4
5,20,58.209,IVF4_p4
5,14,60.875,IVF4_p4
5,18,59.708,IVF4_p4
5,11,59.25,IVF4_p4
5,12,60.5,IVF4_p4
5,2,58.667,IVF4_p4
5,25,60.25,IVF4_p4
5,10,58.708,IVF4_p4
5,9,57.375,IVF4_p4
5,21,67.167,IVF4_p4
5,17,59.833,IVF4_p4
5,4,59.75,IVF4_p4
5,16,59.416,IVF4_p4
5,1,59.791,IVF4_p4
5,29,59.25,IVF4_p4
5,3,60.291,IVF4_p4
5,0,60.792,IVF4_p4
5,19,58.584,IVF4_p4
5,28,59.167,IVF4_p4
5,8,59.291,IVF4_p4
5,27,59.958,IVF4_p4
5,5,58.625,IVF4_p4
5,13,59.375,IVF4_p4
6,33,58.584,IVF4_p4
6,21,59.416,IVF4_p4
6,6,58.875,IVF4_p4
6,3,59.625,IVF4_p4
6,25,59.583,IVF4_p4
6,19,70.333,IVF4_p4
6,29,60.0,IVF4_p4
6,23,60.708,IVF4_p4
6,9,57.25,IVF4_p4
6,11,59.542,IVF4_p4
6,8,59.5,IVF4_p4
6,27,59.375,IVF4_p4
6,28,58.584,IVF4_p4
6,10,58.542,IVF4_p4
6,4,59.041,IVF4_p4
6,18,58.708,IVF4_p4
6,7,57.584,IVF4_p4
6,1,59.792,IVF4_p4
6,0,60.458,IVF4_p4
6,15,60.125,IVF4_p4
6,20,57.875,IVF4_p4
6,32,61.208,IVF4_p4
6,16,66.625,IVF4_p4
6,12,60.791,IVF4_p4
6,26,59.916,IVF4_p4
6,24,60.334,IVF4_p4
6,17,59.708,IVF4_p4
6,22,58.584,IVF4_p4
6,5,58.458,IVF4_p4
6,30,59.875,IVF4_p4
6,2,59.041,IVF4_p4
6,31,60.666,IVF4_p4
6,14,60.833,IVF4_p4
6,13,59.167,IVF4_p4
7,20,58.375,IVF4_p4
7,16,59.084,IVF4_p4
7,2,58.25,IVF4_p4
7,12,60.333,IVF4_p4
7,29,58.959,IVF4_p4
7,10,58.584,IVF4_p4
7,22,58.708,IVF4_p4
7,4,59.458,IVF4_p4
7,0,68.166,IVF4_p4
7,23,60.916,IVF4_p4
7,19,58.667,IVF4_p4
7,33,58.334,IVF4_p4
7,15,59.584,IVF4_p4
7,26,59.75,IVF4_p4
7,28,58.834,IVF4_p4
7,18,58.875,IVF4_p4
7,24,60.0,IVF4_p4
7,3,59.75,IVF4_p4
7,8,59.667,IVF4_p4
7,11,59.5,IVF4_p4
7,7,57.791,IVF4_p4
7,5,58.458,IVF4_p4
7,1,59.583,IVF4_p4
7,32,63.375,IVF4_p4
7,27,66.5,IVF4_p4
7,17,60.125,IVF4_p4
7,9,57.125,IVF4_p4
7,25,60.583,IVF4_p4
7,13,59.167,IVF4_p4
7,21,59.625,IVF4_p4
7,30,60.0,IVF4_p4
7,31,61.458,IVF4_p4
7,6,59.084,IVF4_p4
7,14,69.417,IVF4_p4
8,16,59.959,IVF4_p4
8,8,59.333,IVF4_p4
8,33,58.583,IVF4_p4
8,25,60.375,IVF4_p4
8,18,59.041,IVF4_p4
8,26,60.041,IVF4_p4
8,32,60.208,IVF4_p4
8,11,59.917,IVF4_p4
8,27,59.542,IVF4_p4
8,7,57.917,IVF4_p4
8,15,67.292,IVF4_p4
8,1,60.125,IVF4_p4
8,22,58.667,IVF4_p4
8,28,59.0,IVF4_p4
8,19,58.542,IVF4_p4
8,23,60.625,IVF4_p4
8,0,60.667,IVF4_p4
8,24,60.292,IVF4_p4
8,29,73.25,IVF4_p4
8,2,58.875,IVF4_p4
8,31,60.375,IVF4_p4
8,5,58.167,IVF4_p4
8,4,59.875,IVF4_p4
8,10,59.375,IVF4_p4
8,6,59.542,IVF4_p4
8,17,59.584,IVF4_p4
8,30,66.959,IVF4_p4
8,13,59.75,IVF4_p4
8,3,60.208,IVF4_p4
8,14,61.083,IVF4_p4
8,12,60.542,IVF4_p4
8,20,57.959,IVF4_p4
8,21,59.875,IVF4_p4
8,9,57.375,IVF4_p4
9,30,59.708,IVF4_p4
9,6,58.625,IVF4_p4
9,28,58.833,IVF4_p4
9,7,58.333,IVF4_p4
9,10,58.75,IVF4_p4
9,24,60.25,IVF4_p4
9,13,58.875,IVF4_p4
9,14,61.125,IVF4_p4
9,33,58.208,IVF4_p4
9,25,60.042,IVF4_p4
9,0,60.625,IVF4_p4
9,19,58.541,IVF4_p4
9,4,66.792,IVF4_p4
9,12,60.625,IVF4_p4
9,5,57.958,IVF4_p4
9,9,57.166,IVF4_p4
9,11,59.25,IVF4_p4
9,3,59.833,IVF4_p4
9,16,59.125,IVF4_p4
9,26,59.542,IVF4_p4
9,20,57.917,IVF4_p4
9,29,59.334,IVF4_p4
9,2,58.667,IVF4_p4
9,22,58.584,IVF4_p4
9,27,59.333,IVF4_p4
9,23,60.458,IVF4_p4
9,1,59.709,IVF4_p4
9,15,59.375,IVF4_p4
9,8,66.417,IVF4_p4
9,17,59.708,IVF4_p4
9,31,60.417,IVF4_p4
9,32,60.583,IVF4_p4
9,18,58.958,IVF4_p4
9,21,59.666,IVF4_p4
10,13,59.75,IVF4_p4
10,20,58.125,IVF4_p4
10,28,58.416,IVF4_p4
10,0,60.917,IVF4_p4
10,30,59.5,IVF4_p4
10,16,59.166,IVF4_p4
10,27,59.167,IVF4_p4
10,32,60.167,IVF4_p4
10,12,60.292,IVF4_p4
10,1,59.25,IVF4_p4
10,2,58.5,IVF4_p4
10,19,58.584,IVF4_p4
10,6,58.791,IVF4_p4
10,33,58.334,IVF4_p4
10,15,67.166,IVF4_p4
10,7,58.416,IVF4_p4
10,8,59.5,IVF4_p4
10,23,60.625,IVF4_p4
10,5,58.291,IVF4_p4
10,25,60.083,IVF4_p4
10,21,59.458,IVF4_p4
10,18,68.958,IVF4_p4
10,10,58.792,IVF4_p4
10,9,57.209,IVF4_p4
10,29,59.542,IVF4_p4
10,22,58.833,IVF4_p4
10,17,59.666,IVF4_p4
10,24,60.708,IVF4_p4
10,31,60.292,IVF4_p4
10,3,60.042,IVF4_p4
10,4,67.334,IVF4_p4
10,26,60.5,IVF4_p4
10,11,59.916,IVF4_p4
10,14,61.041,IVF4_p4
0,10,16.875,IVF8_p1
0,33,16.5,IVF8_p1
0,24,17.417,IVF8_p1
0,5,16.666,IVF8_p1
0,29,13.084,IVF8_p1
0,19,17.208,IVF8_p1
0,7,15.625,IVF8_p1
0,20,26.084,IVF8_p1
0,28,16.458,IVF8_p1
0,18,16.875,IVF8_p1
0,23,16.666,IVF8_p1
0,30,13.167,IVF8_p1
0,22,17.583,IVF8_p1
0,6,14.583,IVF8_p1
0,25,16.625,IVF8_p1
0,16,16.584,IVF8_p1
0,9,11.292,IVF8_p1
0,26,14.875,IVF8_p1
0,3,16.333,IVF8_p1
0,0,16.625,IVF8_p1
0,15,16.583,IVF8_p1
0,17,17.042,IVF8_p1
0,27,15.125,IVF8_p1
0,12,17.0,IVF8_p1
0,21,18.042,IVF8_p1
0,11,16.791,IVF8_p1
0,14,17.042,IVF8_p1
0,32,17.459,IVF8_p1
0,2,17.333,IVF8_p1
0,4,16.792,IVF8_p1
0,31,15.583,IVF8_p1
0,1,13.959,IVF8_p1
0,13,15.541,IVF8_p1
0,8,17.208,IVF8_p1
1,33,17.083,IVF8_p1
1,10,16.125,IVF8_p1
1,18,16.791,IVF8_p1
1,26,14.708,IVF8_p1
1,7,15.25,IVF8_p1
1,17,16.833,IVF8_p1
1,25,16.458,IVF8_p1
1,12,16.5,IVF8_p1
1,8,16.875,IVF8_p1
1,6,14.458,IVF8_p1
1,22,17.042,IVF8_p1
1,5,16.334,IVF8_p1
1,1,13.709,IVF8_p1
1,27,23.625,IVF8_p1
1,32,17.709,IVF8_p1
1,21,17.708,IVF8_p1
1,3,16.291,IVF8_p1
1,20,11.083,IVF8_p1
1,14,16.5,IVF8_p1
1,19,17.125,IVF8_p1
1,11,16.292,IVF8_p1
1,2,16.959,IVF8_p1
1,0,16.459,IVF8_p1
1,24,17.917,IVF8_p1
1,29,13.166,IVF8_p1
1,4,16.25,IVF8_p1
1,30,13.417,IVF8_p1
1,15,16.166,IVF8_p1
1,16,17.167,IVF8_p1
1,23,16.667,IVF8_p1
1,28,16.666,IVF8_p1
1,13,15.291,IVF8_p1
1,9,11.125,IVF8_p1
1,31,15.0,IVF8_p1
2,15,16.833,IVF8_p1
2,16,16.666,IVF8_p1
2,2,17.041,IVF8_p1
2,25,16.458,IVF8_p1
2,8,16.875,IVF8_p1
2,23,16.5,IVF8_p1
2,6,14.334,IVF8_p1
2,26,15.041,IVF8_p1
2,4,16.541,IVF8_p1
2,9,11.209,IVF8_p1
2,12,16.5,IVF8_p1
2,19,17.25,IVF8_p1
2,14,16.542,IVF8_p1
2,18,16.958,IVF8_p1
2,13,15.083,IVF8_p1
2,11,16.5,IVF8_p1
2,33,16.875,IVF8_p1
2,3,16.167,IVF8_p1
2,7,15.541,IVF8_p1
2,5,16.167,IVF8_p1
2,24,26.125,IVF8_p1
2,17,17.208,IVF8_p1
2,0,16.708,IVF8_p1
2,22,17.458,IVF8_p1
2,30,13.292,IVF8_p1
2,27,15.292,IVF8_p1
2,28,16.292,IVF8_p1
2,10,15.958,IVF8_p1
2,20,11.167,IVF8_p1
2,21,17.375,IVF8_p1
2,29,13.042,IVF8_p1
2,32,16.75,IVF8_p1
2,31,15.5,IVF8_p1
2,1,13.708,IVF8_p1
3,4,16.667,IVF8_p1
3,0,16.334,IVF8_p1
3,11,16.458,IVF8_p1
3,6,14.291,IVF8_p1
3,31,14.833,IVF8_p1
3,20,11.042,IVF8_p1
3,8,16.625,IVF8_p1
3,2,16.833,IVF8_p1
3,32,16.833,IVF8_p1
3,25,16.5,IVF8_p1
3,13,15.125,IVF8_p1
3,21,17.625,IVF8_p1
3,30,13.25,IVF8_p1
3,15,15.875,IVF8_p1
3,33,16.625,IVF8_p1
3,28,16.042,IVF8_p1
3,3,16.333,IVF8_p1
3,5,16.125,IVF8_p1
3,16,16.916,IVF8_p1
3,9,10.958,IVF8_p1
3,17,16.208,IVF8_p1
3,1,13.542,IVF8_p1
3,27,14.667,IVF8_p1
3,22,17.208,IVF8_p1
3,7,15.375,IVF8_p1
3,29,13.208,IVF8_p1
3,24,17.583,IVF8_p1
3,12,16.375,IVF8_p1
3,23,16.541,IVF8_p1
3,14,24.625,IVF8_p1
3,18,17.0,IVF8_p1
3,10,16.125,IVF8_p1
3,19,17.166,IVF8_p1
3,26,14.416,IVF8_p1
4,31,15.083,IVF8_p1
4,6,14.25,IVF8_p1
4,7,15.042,IVF8_p1
4,13,14.875,IVF8_p1
4,28,16.417,IVF8_p1
4,25,16.458,IVF8_p1
4,5,16.083,IVF8_p1
4,23,16.417,IVF8_p1
4,8,16.75,IVF8_p1
4,15,16.25,IVF8_p1
4,29,12.791,IVF8_p1
4,3,16.042,IVF8_p1
4,1,13.417,IVF8_p1
4,32,16.666,IVF8_p1
4,30,13.417,IVF8_p1
4,0,16.125,IVF8_p1
4,4,16.041,IVF8_p1
4,19,17.208,IVF8_p1
4,16,16.666,IVF8_p1
4,18,16.416,IVF8_p1
4,9,10.917,IVF8_p1
4,2,16.166,IVF8_p1
4,20,10.75,IVF8_p1
4,27,14.459,IVF8_p1
4,22,17.0,IVF8_p1
4,11,16.25,IVF8_p1
4,17,16.708,IVF8_p1
4,10,15.792,IVF8_p1
4,33,16.792,IVF8_p1
4,24,17.416,IVF8_p1
4,12,16.25,IVF8_p1
4,14,16.541,IVF8_p1
4,21,17.459,IVF8_p1
4,26,14.625,IVF8_p1
5,6,14.958,IVF8_p1
5,33,16.542,IVF8_p1
5,7,15.083,IVF8_p1
5,32,16.291,IVF8_p1
5,26,14.5,IVF8_p1
5,22,17.083,IVF8_p1
5,24,17.375,IVF8_p1
5,15,16.334,IVF8_p1
5,30,12.959,IVF8_p1
5,31,14.834,IVF8_p1
5,23,16.083,IVF8_p1
5,20,10.875,IVF8_p1
5,14,16.208,IVF8_p1
5,18,16.458,IVF8_p1
5,11,16.417,IVF8_p1
5,12,16.25,IVF8_p1
5,2,16.916,IVF8_p1
5,25,16.458,IVF8_p1
5,10,15.792,IVF8_p1
5,9,10.958,IVF8_p1
5,21,17.292,IVF8_p1
5,17,16.625,IVF8_p1
5,4,16.208,IVF8_p1
5,16,16.708,IVF8_p1
5,1,13.5,IVF8_p1
5,29,12.458,IVF8_p1
5,3,15.916,IVF8_p1
5,0,16.25,IVF8_p1
5,19,16.709,IVF8_p1
5,28,16.292,IVF8_p1
5,8,16.958,IVF8_p1
5,27,15.5,IVF8_p1
5,5,16.041,IVF8_p1
5,13,15.375,IVF8_p1
6,33,17.208,IVF8_p1
6,21,17.5,IVF8_p1
6,6,14.458,IVF8_p1
6,3,16.041,IVF8_p1
6,25,16.417,IVF8_p1
6,19,16.708,IVF8_p1
6,29,12.625,IVF8_p1
6,23,16.209,IVF8_p1
6,9,10.917,IVF8_p1
6,11,16.208,IVF8_p1
6,8,16.666,IVF8_p1
6,27,14.958,IVF8_p1
6,28,16.292,IVF8_p1
6,10,16.0,IVF8_p1
6,4,16.041,IVF8_p1
6,18,16.5,IVF8_p1
6,7,15.209,IVF8_p1
6,1,13.292,IVF8_p1
6,0,15.917,IVF8_p1
6,15,16.208,IVF8_p1
6,20,10.916,IVF8_p1
6,32,16.0,IVF8_p1
6,16,16.916,IVF8_p1
6,12,16.375,IVF8_p1
6,26,14.375,IVF8_p1
6,24,17.375,IVF8_p1
6,17,16.625,IVF8_p1
6,22,16.875,IVF8_p1
6,5,16.0,IVF8_p1
6,30,13.417,IVF8_p1
6,2,16.541,IVF8_p1
6,31,14.958,IVF8_p1
6,14,16.375,IVF8_p1
6,13,15.417,IVF8_p1
7,20,11.166,IVF8_p1
7,16,16.458,IVF8_p1
7,2,24.25,IVF8_p1
7,12,16.459,IVF8_p1
7,29,12.667,IVF8_p1
7,10,15.625,IVF8_p1
7,22,17.042,IVF8_p1
7,4,15.958,IVF8_p1
7,0,16.125,IVF8_p1
7,23,16.375,IVF8_p1
7,19,16.792,IVF8_p1
7,33,16.459,IVF8_p1
7,15,16.25,IVF8_p1
7,26,14.125,IVF8_p1
7,28,15.708,IVF8_p1
7,18,16.625,IVF8_p1
7,24,17.625,IVF8_p1
7,3,16.25,IVF8_p1
7,8,16.916,IVF8_p1
7,11,16.291,IVF8_p1
7,7,15.333,IVF8_p1
7,5,16.125,IVF8_p1
7,1,13.583,IVF8_p1
7,32,16.083,IVF8_p1
7,27,15.041,IVF8_p1
7,17,16.666,IVF8_p1
7,9,10.958,IVF8_p1
7,25,16.375,IVF8_p1
7,13,15.417,IVF8_p1
7,21,17.875,IVF8_p1
7,30,13.125,IVF8_p1
7,31,15.125,IVF8_p1
7,6,14.167,IVF8_p1
7,14,16.584,IVF8_p1
8,16,16.916,IVF8_p1
8,8,16.75,IVF8_p1
8,33,16.625,IVF8_p1
8,25,16.458,IVF8_p1
8,18,16.333,IVF8_p1
8,26,14.125,IVF8_p1
8,32,15.959,IVF8_p1
8,11,16.375,IVF8_p1
8,27,14.792,IVF8_p1
8,7,15.0,IVF8_p1
8,15,28.75,IVF8_p1
8,1,14.625,IVF8_p1
8,22,16.792,IVF8_p1
8,28,16.042,IVF8_p1
8,19,16.834,IVF8_p1
8,23,16.375,IVF8_p1
8,0,16.125,IVF8_p1
8,24,17.458,IVF8_p1
8,29,13.041,IVF8_p1
8,2,16.583,IVF8_p1
8,31,15.083,IVF8_p1
8,5,16.041,IVF8_p1
8,4,16.0,IVF8_p1
8,10,15.834,IVF8_p1
8,6,14.292,IVF8_p1
8,17,16.542,IVF8_p1
8,30,13.167,IVF8_p1
8,13,14.875,IVF8_p1
8,3,15.708,IVF8_p1
8,14,16.416,IVF8_p1
8,12,16.25,IVF8_p1
8,20,10.833,IVF8_p1
8,21,17.25,IVF8_p1
8,9,10.916,IVF8_p1
9,30,13.375,IVF8_p1
9,6,14.167,IVF8_p1
9,28,16.0,IVF8_p1
9,7,15.25,IVF8_p1
9,10,15.625,IVF8_p1
9,24,17.584,IVF8_p1
9,13,14.917,IVF8_p1
9,14,16.459,IVF8_p1
9,33,16.834,IVF8_p1
9,25,16.417,IVF8_p1
9,0,15.959,IVF8_p1
9,19,16.583,IVF8_p1
9,4,15.958,IVF8_p1
9,12,16.041,IVF8_p1
9,5,16.333,IVF8_p1
9,9,11.0,IVF8_p1
9,11,15.959,IVF8_p1
9,3,16.0,IVF8_p1
9,16,16.792,IVF8_p1
9,26,14.333,IVF8_p1
9,20,19.333,IVF8_p1
9,29,12.709,IVF8_p1
9,2,16.542,IVF8_p1
9,22,17.083,IVF8_p1
9,27,15.041,IVF8_p1
9,23,16.292,IVF8_p1
9,1,13.834,IVF8_p1
9,15,16.125,IVF8_p1
9,8,17.0,IVF8_p1
9,17,16.541,IVF8_p1
9,31,15.292,IVF8_p1
9,32,16.25,IVF8_p1
9,18,16.875,IVF8_p1
9,21,17.709,IVF8_p1
10,13,15.167,IVF8_p1
10,20,10.792,IVF8_p1
10,28,16.041,IVF8_p1
10,0,16.041,IVF8_p1
10,30,12.958,IVF8_p1
10,16,16.541,IVF8_p1
10,27,14.875,IVF8_p1
10,32,16.0,IVF8_p1
10,12,15.875,IVF8_p1
10,1,13.667,IVF8_p1
10,2,16.334,IVF8_p1
10,19,16.625,IVF8_p1
10,6,14.25,IVF8_p1
10,33,16.792,IVF8_p1
10,15,16.333,IVF8_p1
10,7,15.041,IVF8_p1
10,8,16.625,IVF8_p1
10,23,16.5,IVF8_p1
10,5,16.5,IVF8_p1
10,25,16.417,IVF8_p1
10,21,17.625,IVF8_p1
10,18,16.708,IVF8_p1
10,10,15.875,IVF8_p1
10,9,10.958,IVF8_p1
10,29,12.75,IVF8_p1
10,22,20.417,IVF8_p1
10,17,16.625,IVF8_p1
10,24,17.583,IVF8_p1
10,31,22.958,IVF8_p1
10,3,16.709,IVF8_p1
10,4,16.083,IVF8_p1
10,26,14.292,IVF8_p1
10,11,16.459,IVF8_p1
10,14,16.542,IVF8_p1
0,10,23.792,IVF8_p2
0,33,24.75,IVF8_p2
0,24,25.166,IVF8_p2
0,5,24.541,IVF8_p2
0,29,21.041,IVF8_p2
0,19,20.0,IVF8_p2
0,7,23.25,IVF8_p2
0,20,19.166,IVF8_p2
0,28,24.0,IVF8_p2
0,18,24.833,IVF8_p2
0,23,25.291,IVF8_p2
0,30,21.708,IVF8_p2
0,22,25.875,IVF8_p2
0,6,22.209,IVF8_p2
0,25,30.084,IVF8_p2
0,16,23.667,IVF8_p2
0,9,16.166,IVF8_p2
0,26,21.5,IVF8_p2
0,3,24.667,IVF8_p2
0,0,20.25,IVF8_p2
0,15,22.333,IVF8_p2
0,17,23.666,IVF8_p2
0,27,21.583,IVF8_p2
0,12,23.375,IVF8_p2
0,21,25.667,IVF8_p2
0,11,22.75,IVF8_p2
0,14,25.834,IVF8_p2
0,32,25.459,IVF8_p2
0,2,19.959,IVF8_p2
0,4,24.334,IVF8_p2
0,31,23.75,IVF8_p2
0,1,21.25,IVF8_p2
0,13,31.917,IVF8_p2
0,8,25.708,IVF8_p2
1,33,24.75,IVF8_p2
1,10,23.25,IVF8_p2
1,18,24.833,IVF8_p2
1,26,21.166,IVF8_p2
1,7,23.375,IVF8_p2
1,17,23.208,IVF8_p2
1,25,22.917,IVF8_p2
1,12,23.583,IVF8_p2
1,8,25.166,IVF8_p2
1,6,22.0,IVF8_p2
1,22,25.5,IVF8_p2
1,5,24.167,IVF8_p2
1,1,21.041,IVF8_p2
1,27,21.75,IVF8_p2
1,32,25.417,IVF8_p2
1,21,25.5,IVF8_p2
1,3,24.333,IVF8_p2
1,20,19.625,IVF8_p2
1,14,25.25,IVF8_p2
1,19,19.833,IVF8_p2
1,11,22.541,IVF8_p2
1,2,19.958,IVF8_p2
1,0,19.958,IVF8_p2
1,24,25.333,IVF8_p2
1,29,21.5,IVF8_p2
1,4,24.5,IVF8_p2
1,30,21.75,IVF8_p2
1,15,22.375,IVF8_p2
1,16,23.542,IVF8_p2
1,23,24.875,IVF8_p2
1,28,24.542,IVF8_p2
1,13,24.25,IVF8_p2
1,9,16.458,IVF8_p2
1,31,23.584,IVF8_p2
2,15,23.0,IVF8_p2
2,16,23.083,IVF8_p2
2,2,27.584,IVF8_p2
2,25,23.333,IVF8_p2
2,8,25.167,IVF8_p2
2,23,26.125,IVF8_p2
2,6,21.959,IVF8_p2
2,26,21.333,IVF8_p2
2,4,24.416,IVF8_p2
2,9,16.5,IVF8_p2
2,12,23.75,IVF8_p2
2,19,19.708,IVF8_p2
2,14,25.333,IVF8_p2
2,18,24.833,IVF8_p2
2,13,23.666,IVF8_p2
2,11,22.0,IVF8_p2
2,33,24.791,IVF8_p2
2,3,24.208,IVF8_p2
2,7,23.292,IVF8_p2
2,5,24.125,IVF8_p2
2,24,25.208,IVF8_p2
2,17,23.5,IVF8_p2
2,0,20.334,IVF8_p2
2,22,25.292,IVF8_p2
2,30,21.875,IVF8_p2
2,27,21.75,IVF8_p2
2,28,24.208,IVF8_p2
2,10,23.125,IVF8_p2
2,20,18.792,IVF8_p2
2,21,25.5,IVF8_p2
2,29,21.542,IVF8_p2
2,32,25.334,IVF8_p2
2,31,23.792,IVF8_p2
2,1,21.166,IVF8_p2
3,4,25.0,IVF8_p2
3,0,19.875,IVF8_p2
3,11,21.875,IVF8_p2
3,6,21.834,IVF8_p2
3,31,23.208,IVF8_p2
3,20,18.833,IVF8_p2
3,8,24.959,IVF8_p2
3,2,19.75,IVF8_p2
3,32,24.833,IVF8_p2
3,25,22.75,IVF8_p2
3,13,23.542,IVF8_p2
3,21,25.375,IVF8_p2
3,30,21.625,IVF8_p2
3,15,22.0,IVF8_p2
3,33,25.042,IVF8_p2
3,28,24.042,IVF8_p2
3,3,24.5,IVF8_p2
3,5,24.083,IVF8_p2
3,16,23.083,IVF8_p2
3,9,16.375,IVF8_p2
3,17,23.458,IVF8_p2
3,1,20.75,IVF8_p2
3,27,21.458,IVF8_p2
3,22,25.084,IVF8_p2
3,7,23.292,IVF8_p2
3,29,21.292,IVF8_p2
3,24,24.916,IVF8_p2
3,12,23.583,IVF8_p2
3,23,25.291,IVF8_p2
3,14,32.917,IVF8_p2
3,18,24.708,IVF8_p2
3,10,23.333,IVF8_p2
3,19,19.833,IVF8_p2
3,26,21.833,IVF8_p2
4,31,23.542,IVF8_p2
4,6,22.083,IVF8_p2
4,7,23.25,IVF8_p2
4,13,23.542,IVF8_p2
4,28,23.542,IVF8_p2
4,25,22.542,IVF8_p2
4,5,23.958,IVF8_p2
4,23,25.0,IVF8_p2
4,8,24.917,IVF8_p2
4,15,21.875,IVF8_p2
4,29,21.334,IVF8_p2
4,3,24.084,IVF8_p2
4,1,20.75,IVF8_p2
4,32,25.167,IVF8_p2
4,30,21.791,IVF8_p2
4,0,27.75,IVF8_p2
4,4,24.584,IVF8_p2
4,19,19.958,IVF8_p2
4,16,23.208,IVF8_p2
4,18,24.0,IVF8_p2
4,9,16.292,IVF8_p2
4,2,19.416,IVF8_p2
4,20,18.709,IVF8_p2
4,27,21.5,IVF8_p2
4,22,25.666,IVF8_p2
4,11,21.875,IVF8_p2
4,17,23.5,IVF8_p2
4,10,23.041,IVF8_p2
4,33,24.708,IVF8_p2
4,24,25.417,IVF8_p2
4,12,23.125,IVF8_p2
4,14,24.958,IVF8_p2
4,21,25.333,IVF8_p2
4,26,21.458,IVF8_p2
5,6,30.0,IVF8_p2
5,33,24.917,IVF8_p2
5,7,23.292,IVF8_p2
5,32,24.792,IVF8_p2
5,26,21.417,IVF8_p2
5,22,25.291,IVF8_p2
5,24,25.0,IVF8_p2
5,15,21.958,IVF8_p2
5,30,21.5,IVF8_p2
5,31,23.541,IVF8_p2
5,23,24.875,IVF8_p2
5,20,18.959,IVF8_p2
5,14,24.75,IVF8_p2
5,18,24.5,IVF8_p2
5,11,21.833,IVF8_p2
5,12,23.333,IVF8_p2
5,2,19.708,IVF8_p2
5,25,22.916,IVF8_p2
5,10,23.125,IVF8_p2
5,9,16.084,IVF8_p2
5,21,25.708,IVF8_p2
5,17,23.542,IVF8_p2
5,4,24.625,IVF8_p2
5,16,23.208,IVF8_p2
5,1,21.25,IVF8_p2
5,29,21.333,IVF8_p2
5,3,24.583,IVF8_p2
5,0,19.916,IVF8_p2
5,19,19.917,IVF8_p2
5,28,23.625,IVF8_p2
5,8,25.209,IVF8_p2
5,27,22.291,IVF8_p2
5,5,23.958,IVF8_p2
5,13,23.875,IVF8_p2
6,33,25.083,IVF8_p2
6,21,25.625,IVF8_p2
6,6,21.917,IVF8_p2
6,3,24.292,IVF8_p2
6,25,22.583,IVF8_p2
6,19,20.042,IVF8_p2
6,29,21.292,IVF8_p2
6,23,24.75,IVF8_p2
6,9,16.166,IVF8_p2
6,11,22.0,IVF8_p2
6,8,25.041,IVF8_p2
6,27,21.833,IVF8_p2
6,28,23.791,IVF8_p2
6,10,23.083,IVF8_p2
6,4,24.375,IVF8_p2
6,18,24.292,IVF8_p2
6,7,23.084,IVF8_p2
6,1,20.917,IVF8_p2
6,0,19.917,IVF8_p2
6,15,22.041,IVF8_p2
6,20,18.791,IVF8_p2
6,32,24.916,IVF8_p2
6,16,23.167,IVF8_p2
6,12,23.208,IVF8_p2
6,26,21.25,IVF8_p2
6,24,25.375,IVF8_p2
6,17,23.541,IVF8_p2
6,22,25.291,IVF8_p2
6,5,31.375,IVF8_p2
6,30,22.167,IVF8_p2
6,2,19.667,IVF8_p2
6,31,23.291,IVF8_p2
6,14,24.833,IVF8_p2
6,13,23.708,IVF8_p2
7,20,18.917,IVF8_p2
7,16,23.041,IVF8_p2
7,2,19.417,IVF8_p2
7,12,23.25,IVF8_p2
7,29,21.125,IVF8_p2
7,10,23.0,IVF8_p2
7,22,25.542,IVF8_p2
7,4,24.084,IVF8_p2
7,0,19.667,IVF8_p2
7,23,24.625,IVF8_p2
7,19,20.125,IVF8_p2
7,33,24.375,IVF8_p2
7,15,21.917,IVF8_p2
7,26,20.834,IVF8_p2
7,28,31.334,IVF8_p2
7,18,24.5,IVF8_p2
7,24,25.167,IVF8_p2
7,3,24.125,IVF8_p2
7,8,24.958,IVF8_p2
7,11,21.875,IVF8_p2
7,7,23.167,IVF8_p2
7,5,23.875,IVF8_p2
7,1,20.708,IVF8_p2
7,32,25.125,IVF8_p2
7,27,21.375,IVF8_p2
7,17,23.0,IVF8_p2
7,9,16.333,IVF8_p2
7,25,22.709,IVF8_p2
7,13,23.5,IVF8_p2
7,21,25.375,IVF8_p2
7,30,21.792,IVF8_p2
7,31,23.25,IVF8_p2
7,6,21.834,IVF8_p2
7,14,24.667,IVF8_p2
8,16,31.25,IVF8_p2
8,8,25.0,IVF8_p2
8,33,24.667,IVF8_p2
8,25,22.75,IVF8_p2
8,18,24.125,IVF8_p2
8,26,21.083,IVF8_p2
8,32,25.042,IVF8_p2
8,11,22.042,IVF8_p2
8,27,21.959,IVF8_p2
8,7,23.209,IVF8_p2
8,15,22.0,IVF8_p2
8,1,20.666,IVF8_p2
8,22,25.292,IVF8_p2
8,28,23.709,IVF8_p2
8,19,20.167,IVF8_p2
8,23,24.834,IVF8_p2
8,0,19.667,IVF8_p2
8,24,25.417,IVF8_p2
8,29,21.459,IVF8_p2
8,2,19.75,IVF8_p2
8,31,23.333,IVF8_p2
8,5,23.625,IVF8_p2
8,4,24.25,IVF8_p2
8,10,23.166,IVF8_p2
8,6,21.958,IVF8_p2
8,17,23.125,IVF8_p2
8,30,21.792,IVF8_p2
8,13,23.5,IVF8_p2
8,3,24.0,IVF8_p2
8,14,24.583,IVF8_p2
8,12,23.209,IVF8_p2
8,20,18.75,IVF8_p2
8,21,25.458,IVF8_p2
8,9,16.334,IVF8_p2
9,30,22.125,IVF8_p2
9,6,22.083,IVF8_p2
9,28,23.458,IVF8_p2
9,7,23.125,IVF8_p2
9,10,23.292,IVF8_p2
9,24,25.167,IVF8_p2
9,13,23.459,IVF8_p2
9,14,24.167,IVF8_p2
9,33,24.916,IVF8_p2
9,25,22.708,IVF8_p2
9,0,19.625,IVF8_p2
9,19,19.916,IVF8_p2
9,4,24.291,IVF8_p2
9,12,22.958,IVF8_p2
9,5,24.125,IVF8_p2
9,9,16.209,IVF8_p2
9,11,21.667,IVF8_p2
9,3,24.125,IVF8_p2
9,16,23.708,IVF8_p2
9,26,21.167,IVF8_p2
9,20,18.917,IVF8_p2
9,29,21.125,IVF8_p2
9,2,19.541,IVF8_p2
9,22,25.166,IVF8_p2
9,27,21.75,IVF8_p2
9,23,24.875,IVF8_p2
9,1,24.625,IVF8_p2
9,15,22.417,IVF8_p2
9,8,32.625,IVF8_p2
9,17,23.416,IVF8_p2
9,31,23.375,IVF8_p2
9,32,25.084,IVF8_p2
9,18,24.375,IVF8_p2
9,21,25.75,IVF8_p2
10,13,23.625,IVF8_p2
10,20,18.583,IVF8_p2
10,28,23.25,IVF8_p2
10,0,19.666,IVF8_p2
10,30,21.625,IVF8_p2
10,16,23.375,IVF8_p2
10,27,21.708,IVF8_p2
10,32,24.917,IVF8_p2
10,12,23.083,IVF8_p2
10,1,21.042,IVF8_p2
10,2,19.458,IVF8_p2
10,19,19.875,IVF8_p2
10,6,21.916,IVF8_p2
10,33,25.042,IVF8_p2
10,15,29.625,IVF8_p2
10,7,23.583,IVF8_p2
10,8,24.958,IVF8_p2
10,23,24.792,IVF8_p2
10,5,24.0,IVF8_p2
10,25,22.667,IVF8_p2
10,21,25.625,IVF8_p2
10,18,24.0,IVF8_p2
10,10,23.125,IVF8_p2
10,9,16.25,IVF8_p2
10,29,21.167,IVF8_p2
10,22,25.417,IVF8_p2
10,17,23.167,IVF8_p2
10,24,25.5,IVF8_p2
10,31,23.417,IVF8_p2
10,3,24.333,IVF8_p2
10,4,24.041,IVF8_p2
10,26,21.208,IVF8_p2
10,11,21.958,IVF8_p2
10,14,24.834,IVF8_p2
0,10,36.833,IVF8_p4
0,33,36.667,IVF8_p4
0,24,38.959,IVF8_p4
0,5,35.375,IVF8_p4
0,29,30.958,IVF8_p4
0,19,34.25,IVF8_p4
0,7,36.583,IVF8_p4
0,20,31.291,IVF8_p4
0,28,36.291,IVF8_p4
0,18,33.0,IVF8_p4
0,23,37.083,IVF8_p4
0,30,32.125,IVF8_p4
0,22,38.834,IVF8_p4
0,6,32.917,IVF8_p4
0,25,36.583,IVF8_p4
0,16,39.25,IVF8_p4
0,9,31.833,IVF8_p4
0,26,37.084,IVF8_p4
0,3,32.875,IVF8_p4
0,0,32.833,IVF8_p4
0,15,37.083,IVF8_p4
0,17,36.333,IVF8_p4
0,27,36.5,IVF8_p4
0,12,38.292,IVF8_p4
0,21,43.792,IVF8_p4
0,11,36.75,IVF8_p4
0,14,35.833,IVF8_p4
0,32,41.458,IVF8_p4
0,2,34.625,IVF8_p4
0,4,36.0,IVF8_p4
0,31,36.583,IVF8_p4
0,1,31.916,IVF8_p4
0,13,36.708,IVF8_p4
0,8,37.375,IVF8_p4
1,33,37.084,IVF8_p4
1,10,36.334,IVF8_p4
1,18,33.209,IVF8_p4
1,26,36.584,IVF8_p4
1,7,36.542,IVF8_p4
1,17,35.833,IVF8_p4
1,25,36.917,IVF8_p4
1,12,38.333,IVF8_p4
1,8,37.042,IVF8_p4
1,6,32.583,IVF8_p4
1,22,38.792,IVF8_p4
1,5,35.417,IVF8_p4
1,1,31.416,IVF8_p4
1,27,36.292,IVF8_p4
1,32,41.292,IVF8_p4
1,21,35.458,IVF8_p4
1,3,32.917,IVF8_p4
1,20,39.25,IVF8_p4
1,14,35.916,IVF8_p4
1,19,34.292,IVF8_p4
1,11,36.416,IVF8_p4
1,2,34.458,IVF8_p4
1,0,32.541,IVF8_p4
1,24,38.916,IVF8_p4
1,29,31.375,IVF8_p4
1,4,36.0,IVF8_p4
1,30,32.0,IVF8_p4
1,15,36.75,IVF8_p4
1,16,38.625,IVF8_p4
1,23,37.125,IVF8_p4
1,28,36.833,IVF8_p4
1,13,36.459,IVF8_p4
1,9,31.417,IVF8_p4
1,31,36.458,IVF8_p4
2,15,37.0,IVF8_p4
2,16,38.542,IVF8_p4
2,2,34.209,IVF8_p4
2,25,36.709,IVF8_p4
2,8,37.25,IVF8_p4
2,23,37.0,IVF8_p4
2,6,32.459,IVF8_p4
2,26,36.75,IVF8_p4
2,4,35.0,IVF8_p4
2,9,31.417,IVF8_p4
2,12,38.167,IVF8_p4
2,19,34.167,IVF8_p4
2,14,42.916,IVF8_p4
2,18,33.292,IVF8_p4
2,13,36.292,IVF8_p4
2,11,35.75,IVF8_p4
2,33,37.0,IVF8_p4
2,3,32.542,IVF8_p4
2,7,36.542,IVF8_p4
2,5,34.917,IVF8_p4
2,24,38.584,IVF8_p4
2,17,35.542,IVF8_p4
2,0,32.625,IVF8_p4
2,22,38.958,IVF8_p4
2,30,32.291,IVF8_p4
2,27,36.25,IVF8_p4
2,28,36.458,IVF8_p4
2,10,36.167,IVF8_p4
2,20,31.583,IVF8_p4
2,21,35.791,IVF8_p4
2,29,31.333,IVF8_p4
2,32,40.834,IVF8_p4
2,31,36.5,IVF8_p4
2,1,31.459,IVF8_p4
3,4,35.75,IVF8_p4
3,0,32.416,IVF8_p4
3,11,35.708,IVF8_p4
3,6,32.5,IVF8_p4
3,31,36.167,IVF8_p4
3,20,31.417,IVF8_p4
3,8,44.292,IVF8_p4
3,2,34.375,IVF8_p4
3,32,40.584,IVF8_p4
3,25,36.625,IVF8_p4
3,13,36.209,IVF8_p4
3,21,35.667,IVF8_p4
3,30,32.125,IVF8_p4
3,15,36.541,IVF8_p4
3,33,36.959,IVF8_p4
3,28,36.292,IVF8_p4
3,3,32.75,IVF8_p4
3,5,35.167,IVF8_p4
3,16,38.417,IVF8_p4
3,9,31.375,IVF8_p4
3,17,35.625,IVF8_p4
3,1,31.416,IVF8_p4
3,27,36.125,IVF8_p4
3,22,38.667,IVF8_p4
3,7,36.375,IVF8_p4
3,29,31.208,IVF8_p4
3,24,38.5,IVF8_p4
3,12,38.208,IVF8_p4
3,23,37.208,IVF8_p4
3,14,35.791,IVF8_p4
3,18,33.0,IVF8_p4
3,10,36.375,IVF8_p4
3,19,34.333,IVF8_p4
3,26,51.5,IVF8_p4
4,31,44.5,IVF8_p4
4,6,32.542,IVF8_p4
4,7,36.5,IVF8_p4
4,13,36.25,IVF8_p4
4,28,36.417,IVF8_p4
4,25,36.292,IVF8_p4
4,5,35.0,IVF8_p4
4,23,37.125,IVF8_p4
4,8,36.917,IVF8_p4
4,15,36.459,IVF8_p4
4,29,31.208,IVF8_p4
4,3,32.625,IVF8_p4
4,1,31.542,IVF8_p4
4,32,42.459,IVF8_p4
4,30,32.375,IVF8_p4
4,0,32.875,IVF8_p4
4,4,35.5,IVF8_p4
4,19,34.416,IVF8_p4
4,16,38.667,IVF8_p4
4,18,32.958,IVF8_p4
4,9,31.542,IVF8_p4
4,2,34.042,IVF8_p4
4,20,31.542,IVF8_p4
4,27,36.292,IVF8_p4
4,22,38.959,IVF8_p4
4,11,35.875,IVF8_p4
4,17,39.167,IVF8_p4
4,10,36.333,IVF8_p4
4,33,44.417,IVF8_p4
4,24,38.792,IVF8_p4
4,12,38.0,IVF8_p4
4,14,35.75,IVF8_p4
4,21,36.083,IVF8_p4
4,26,36.667,IVF8_p4
5,6,33.125,IVF8_p4
5,33,36.375,IVF8_p4
5,7,36.458,IVF8_p4
5,32,40.917,IVF8_p4
5,26,36.334,IVF8_p4
5,22,38.834,IVF8_p4
5,24,38.417,IVF8_p4
5,15,36.416,IVF8_p4
5,30,32.125,IVF8_p4
5,31,36.583,IVF8_p4
5,23,36.875,IVF8_p4
5,20,31.917,IVF8_p4
5,14,35.625,IVF8_p4
5,18,33.084,IVF8_p4
5,11,35.917,IVF8_p4
5,12,38.084,IVF8_p4
5,2,34.292,IVF8_p4
5,25,36.708,IVF8_p4
5,10,36.208,IVF8_p4
5,9,31.459,IVF8_p4
5,21,35.708,IVF8_p4
5,17,35.583,IVF8_p4
5,4,43.583,IVF8_p4
5,16,38.625,IVF8_p4
5,1,31.75,IVF8_p4
5,29,31.458,IVF8_p4
5,3,33.0,IVF8_p4
5,0,32.333,IVF8_p4
5,19,34.333,IVF8_p4
5,28,36.417,IVF8_p4
5,8,37.041,IVF8_p4
5,27,36.667,IVF8_p4
5,5,35.041,IVF8_p4
5,13,36.5,IVF8_p4
6,33,36.833,IVF8_p4
6,21,35.958,IVF8_p4
6,6,32.167,IVF8_p4
6,3,32.667,IVF8_p4
6,25,36.75,IVF8_p4
6,19,34.209,IVF8_p4
6,29,31.167,IVF8_p4
6,23,36.959,IVF8_p4
6,9,31.25,IVF8_p4
6,11,35.708,IVF8_p4
6,8,36.792,IVF8_p4
6,27,36.167,IVF8_p4
6,28,36.375,IVF8_p4
6,10,36.209,IVF8_p4
6,4,35.334,IVF8_p4
6,18,33.083,IVF8_p4
6,7,43.791,IVF8_p4
6,1,31.875,IVF8_p4
6,0,32.5,IVF8_p4
6,15,36.208,IVF8_p4
6,20,31.75,IVF8_p4
6,32,41.084,IVF8_p4
6,16,38.417,IVF8_p4
6,12,38.041,IVF8_p4
6,26,36.417,IVF8_p4
6,24,38.291,IVF8_p4
6,17,35.625,IVF8_p4
6,22,39.167,IVF8_p4
6,5,35.0,IVF8_p4
6,30,32.25,IVF8_p4
6,2,34.584,IVF8_p4
6,31,36.083,IVF8_p4
6,14,35.708,IVF8_p4
6,13,36.583,IVF8_p4
7,20,32.333,IVF8_p4
7,16,38.459,IVF8_p4
7,2,34.083,IVF8_p4
7,12,38.208,IVF8_p4
7,29,31.125,IVF8_p4
7,10,36.083,IVF8_p4
7,22,38.958,IVF8_p4
7,4,35.291,IVF8_p4
7,0,32.208,IVF8_p4
7,23,36.625,IVF8_p4
7,19,34.083,IVF8_p4
7,33,43.75,IVF8_p4
7,15,36.625,IVF8_p4
7,26,36.042,IVF8_p4
7,28,36.208,IVF8_p4
7,18,32.958,IVF8_p4
7,24,38.209,IVF8_p4
7,3,32.792,IVF8_p4
7,8,36.75,IVF8_p4
7,11,35.792,IVF8_p4
7,7,36.375,IVF8_p4
7,5,34.958,IVF8_p4
7,1,31.333,IVF8_p4
7,32,41.0,IVF8_p4
7,27,36.375,IVF8_p4
7,17,35.625,IVF8_p4
7,9,31.709,IVF8_p4
7,25,36.625,IVF8_p4
7,13,36.334,IVF8_p4
7,21,35.708,IVF8_p4
7,30,32.291,IVF8_p4
7,31,36.083,IVF8_p4
7,6,32.042,IVF8_p4
7,14,35.459,IVF8_p4
8,16,39.208,IVF8_p4
8,8,36.75,IVF8_p4
8,33,36.417,IVF8_p4
8,25,36.709,IVF8_p4
8,18,32.875,IVF8_p4
8,26,43.417,IVF8_p4
8,32,40.834,IVF8_p4
8,11,35.625,IVF8_p4
8,27,36.25,IVF8_p4
8,7,36.167,IVF8_p4
8,15,36.208,IVF8_p4
8,1,31.333,IVF8_p4
8,22,38.917,IVF8_p4
8,28,36.25,IVF8_p4
8,19,34.125,IVF8_p4
8,23,36.708,IVF8_p4
8,0,32.333,IVF8_p4
8,24,38.125,IVF8_p4
8,29,31.208,IVF8_p4
8,2,34.375,IVF8_p4
8,31,36.208,IVF8_p4
8,5,34.791,IVF8_p4
8,4,35.333,IVF8_p4
8,10,36.042,IVF8_p4
8,6,32.084,IVF8_p4
8,17,35.583,IVF8_p4
8,30,31.958,IVF8_p4
8,13,36.333,IVF8_p4
8,3,32.792,IVF8_p4
8,14,35.792,IVF8_p4
8,12,38.125,IVF8_p4
8,20,31.542,IVF8_p4
8,21,35.666,IVF8_p4
8,9,38.833,IVF8_p4
9,30,33.125,IVF8_p4
9,6,32.375,IVF8_p4
9,28,36.334,IVF8_p4
9,7,36.417,IVF8_p4
9,10,36.125,IVF8_p4
9,24,38.0,IVF8_p4
9,13,36.208,IVF8_p4
9,14,35.25,IVF8_p4
9,33,36.375,IVF8_p4
9,25,36.833,IVF8_p4
9,0,32.25,IVF8_p4
9,19,34.125,IVF8_p4
9,4,35.125,IVF8_p4
9,12,38.125,IVF8_p4
9,5,35.0,IVF8_p4
9,9,31.5,IVF8_p4
9,11,35.458,IVF8_p4
9,3,32.75,IVF8_p4
9,16,38.583,IVF8_p4
9,26,36.125,IVF8_p4
9,20,31.416,IVF8_p4
9,29,31.0,IVF8_p4
9,2,34.0,IVF8_p4
9,22,38.834,IVF8_p4
9,27,36.167,IVF8_p4
9,23,36.875,IVF8_p4
9,1,31.375,IVF8_p4
9,15,43.583,IVF8_p4
9,8,37.291,IVF8_p4
9,17,35.75,IVF8_p4
9,31,36.417,IVF8_p4
9,32,40.625,IVF8_p4
9,18,32.916,IVF8_p4
9,21,35.75,IVF8_p4
10,13,37.125,IVF8_p4
10,20,31.667,IVF8_p4
10,28,36.417,IVF8_p4
10,0,32.25,IVF8_p4
10,30,31.791,IVF8_p4
10,16,38.541,IVF8_p4
10,27,36.25,IVF8_p4
10,32,40.792,IVF8_p4
10,12,38.166,IVF8_p4
10,1,31.459,IVF8_p4
10,2,34.125,IVF8_p4
10,19,34.125,IVF8_p4
10,6,32.125,IVF8_p4
10,33,36.041,IVF8_p4
10,15,36.208,IVF8_p4
10,7,36.375,IVF8_p4
10,8,36.958,IVF8_p4
10,23,37.0,IVF8_p4
10,5,35.042,IVF8_p4
10,25,36.584,IVF8_p4
10,21,35.75,IVF8_p4
10,18,32.708,IVF8_p4
10,10,43.959,IVF8_p4
10,9,31.709,IVF8_p4
10,29,31.083,IVF8_p4
10,22,38.916,IVF8_p4
10,17,37.958,IVF8_p4
10,24,38.25,IVF8_p4
10,31,35.916,IVF8_p4
10,3,33.375,IVF8_p4
10,4,35.375,IVF8_p4
10,26,35.959,IVF8_p4
10,11,35.709,IVF8_p4
10,14,36.083,IVF8_p4
0,10,58.625,IVF8_p8
0,33,90.75,IVF8_p8
0,24,61.625,IVF8_p8
0,5,58.708,IVF8_p8
0,29,58.25,IVF8_p8
0,19,59.084,IVF8_p8
0,7,59.5,IVF8_p8
0,20,58.334,IVF8_p8
0,28,60.292,IVF8_p8
0,18,59.25,IVF8_p8
0,23,59.209,IVF8_p8
0,30,58.334,IVF8_p8
0,22,59.417,IVF8_p8
0,6,58.5,IVF8_p8
0,25,59.125,IVF8_p8
0,16,59.916,IVF8_p8
0,9,58.292,IVF8_p8
0,26,66.75,IVF8_p8
0,3,58.75,IVF8_p8
0,0,59.791,IVF8_p8
0,15,60.125,IVF8_p8
0,17,59.958,IVF8_p8
0,27,59.666,IVF8_p8
0,12,59.75,IVF8_p8
0,21,59.583,IVF8_p8
0,11,59.833,IVF8_p8
0,14,61.125,IVF8_p8
0,32,60.25,IVF8_p8
0,2,58.917,IVF8_p8
0,4,59.416,IVF8_p8
0,31,60.25,IVF8_p8
0,1,58.666,IVF8_p8
0,13,60.208,IVF8_p8
0,8,67.0,IVF8_p8
1,33,60.208,IVF8_p8
1,10,58.25,IVF8_p8
1,18,66.708,IVF8_p8
1,26,59.333,IVF8_p8
1,7,59.125,IVF8_p8
1,17,59.792,IVF8_p8
1,25,58.709,IVF8_p8
1,12,59.375,IVF8_p8
1,8,59.583,IVF8_p8
1,6,57.958,IVF8_p8
1,22,59.25,IVF8_p8
1,5,58.541,IVF8_p8
1,1,58.708,IVF8_p8
1,27,59.5,IVF8_p8
1,32,59.667,IVF8_p8
1,21,59.5,IVF8_p8
1,3,58.25,IVF8_p8
1,20,58.292,IVF8_p8
1,14,63.667,IVF8_p8
1,19,66.25,IVF8_p8
1,11,59.667,IVF8_p8
1,2,59.084,IVF8_p8
1,0,59.917,IVF8_p8
1,24,60.958,IVF8_p8
1,29,58.541,IVF8_p8
1,4,58.708,IVF8_p8
1,30,58.292,IVF8_p8
1,15,59.834,IVF8_p8
1,16,59.25,IVF8_p8
1,23,59.0,IVF8_p8
1,28,60.208,IVF8_p8
1,13,60.084,IVF8_p8
1,9,58.25,IVF8_p8
1,31,59.958,IVF8_p8
2,15,60.25,IVF8_p8
2,16,59.375,IVF8_p8
2,2,58.916,IVF8_p8
2,25,58.833,IVF8_p8
2,8,59.5,IVF8_p8
2,23,66.292,IVF8_p8
2,6,58.333,IVF8_p8
2,26,58.625,IVF8_p8
2,4,58.667,IVF8_p8
2,9,58.25,IVF8_p8
2,12,59.458,IVF8_p8
2,19,58.708,IVF8_p8
2,14,60.333,IVF8_p8
2,18,58.917,IVF8_p8
2,13,59.667,IVF8_p8
2,11,59.417,IVF8_p8
2,33,59.625,IVF8_p8
2,3,58.584,IVF8_p8
2,7,59.084,IVF8_p8
2,5,58.625,IVF8_p8
2,24,60.875,IVF8_p8
2,17,59.292,IVF8_p8
2,0,66.833,IVF8_p8
2,22,59.75,IVF8_p8
2,30,58.208,IVF8_p8
2,27,59.541,IVF8_p8
2,28,59.792,IVF8_p8
2,10,57.833,IVF8_p8
2,20,58.292,IVF8_p8
2,21,59.375,IVF8_p8
2,29,58.458,IVF8_p8
2,32,59.75,IVF8_p8
2,31,60.125,IVF8_p8
2,1,58.458,IVF8_p8
3,4,59.25,IVF8_p8
3,0,59.584,IVF8_p8
3,11,59.125,IVF8_p8
3,6,58.083,IVF8_p8
3,31,60.0,IVF8_p8
3,20,58.333,IVF8_p8
3,8,59.25,IVF8_p8
3,2,58.792,IVF8_p8
3,32,66.583,IVF8_p8
3,25,59.125,IVF8_p8
3,13,59.5,IVF8_p8
3,21,59.5,IVF8_p8
3,30,58.25,IVF8_p8
3,15,59.667,IVF8_p8
3,33,59.417,IVF8_p8
3,28,59.708,IVF8_p8
3,3,58.5,IVF8_p8
3,5,58.834,IVF8_p8
3,16,59.333,IVF8_p8
3,9,58.125,IVF8_p8
3,17,59.334,IVF8_p8
3,1,58.459,IVF8_p8
3,27,59.417,IVF8_p8
3,22,59.25,IVF8_p8
3,7,66.208,IVF8_p8
3,29,58.625,IVF8_p8
3,24,60.875,IVF8_p8
3,12,59.709,IVF8_p8
3,23,59.208,IVF8_p8
3,14,60.583,IVF8_p8
3,18,58.75,IVF8_p8
3,10,57.958,IVF8_p8
3,19,58.709,IVF8_p8
3,26,58.375,IVF8_p8
4,31,60.667,IVF8_p8
4,6,58.458,IVF8_p8
4,7,59.125,IVF8_p8
4,13,59.625,IVF8_p8
4,28,59.583,IVF8_p8
4,25,58.833,IVF8_p8
4,5,58.666,IVF8_p8
4,23,59.041,IVF8_p8
4,8,59.416,IVF8_p8
4,15,59.958,IVF8_p8
4,29,69.125,IVF8_p8
4,3,58.958,IVF8_p8
4,1,58.542,IVF8_p8
4,32,59.167,IVF8_p8
4,30,58.209,IVF8_p8
4,0,59.417,IVF8_p8
4,4,58.625,IVF8_p8
4,19,58.875,IVF8_p8
4,16,59.708,IVF8_p8
4,18,58.75,IVF8_p8
4,9,58.167,IVF8_p8
4,2,58.667,IVF8_p8
4,20,58.542,IVF8_p8
4,27,59.334,IVF8_p8
4,22,59.125,IVF8_p8
4,11,59.459,IVF8_p8
4,17,59.375,IVF8_p8
4,10,65.125,IVF8_p8
4,33,59.833,IVF8_p8
4,24,61.041,IVF8_p8
4,12,59.375,IVF8_p8
4,14,60.458,IVF8_p8
4,21,59.666,IVF8_p8
4,26,58.375,IVF8_p8
5,6,58.708,IVF8_p8
5,33,59.042,IVF8_p8
5,7,59.25,IVF8_p8
5,32,59.625,IVF8_p8
5,26,58.541,IVF8_p8
5,22,59.083,IVF8_p8
5,24,60.459,IVF8_p8
5,15,59.792,IVF8_p8
5,30,58.334,IVF8_p8
5,31,59.958,IVF8_p8
5,23,59.125,IVF8_p8
5,20,58.667,IVF8_p8
5,14,60.458,IVF8_p8
5,18,66.375,IVF8_p8
5,11,59.541,IVF8_p8
5,12,59.583,IVF8_p8
5,2,58.75,IVF8_p8
5,25,59.042,IVF8_p8
5,10,57.792,IVF8_p8
5,9,58.209,IVF8_p8
5,21,59.5,IVF8_p8
5,17,59.25,IVF8_p8
5,4,58.791,IVF8_p8
5,16,59.375,IVF8_p8
5,1,58.458,IVF8_p8
5,29,58.542,IVF8_p8
5,3,58.458,IVF8_p8
5,0,59.458,IVF8_p8
5,19,58.958,IVF8_p8
5,28,59.875,IVF8_p8
5,8,66.541,IVF8_p8
5,27,60.166,IVF8_p8
5,5,58.708,IVF8_p8
5,13,59.791,IVF8_p8
6,33,59.834,IVF8_p8
6,21,59.458,IVF8_p8
6,6,58.125,IVF8_p8
6,3,58.292,IVF8_p8
6,25,58.917,IVF8_p8
6,19,58.625,IVF8_p8
6,29,58.166,IVF8_p8
6,23,59.125,IVF8_p8
6,9,58.292,IVF8_p8
6,11,59.042,IVF8_p8
6,8,59.25,IVF8_p8
6,27,59.625,IVF8_p8
6,28,59.75,IVF8_p8
6,10,57.875,IVF8_p8
6,4,58.666,IVF8_p8
6,18,58.833,IVF8_p8
6,7,71.5,IVF8_p8
6,1,59.167,IVF8_p8
6,0,59.666,IVF8_p8
6,15,59.667,IVF8_p8
6,20,58.542,IVF8_p8
6,32,59.375,IVF8_p8
6,16,59.209,IVF8_p8
6,12,59.417,IVF8_p8
6,26,58.375,IVF8_p8
6,24,60.709,IVF8_p8
6,17,59.292,IVF8_p8
6,22,59.375,IVF8_p8
6,5,58.584,IVF8_p8
6,30,58.333,IVF8_p8
6,2,58.791,IVF8_p8
6,31,59.833,IVF8_p8
6,14,76.958,IVF8_p8
6,13,60.292,IVF8_p8
7,20,59.0,IVF8_p8
7,16,59.5,IVF8_p8
7,2,66.417,IVF8_p8
7,12,59.667,IVF8_p8
7,29,58.292,IVF8_p8
7,10,57.834,IVF8_p8
7,22,59.083,IVF8_p8
7,4,58.5,IVF8_p8
7,0,59.375,IVF8_p8
7,23,58.917,IVF8_p8
7,19,58.791,IVF8_p8
7,33,59.208,IVF8_p8
7,15,59.708,IVF8_p8
7,26,58.125,IVF8_p8
7,28,59.75,IVF8_p8
7,18,58.75,IVF8_p8
7,24,60.458,IVF8_p8
7,3,58.542,IVF8_p8
7,8,66.584,IVF8_p8
7,11,59.667,IVF8_p8
7,7,59.25,IVF8_p8
7,5,58.75,IVF8_p8
7,1,58.375,IVF8_p8
7,32,59.584,IVF8_p8
7,27,59.5,IVF8_p8
7,17,59.209,IVF8_p8
7,9,58.417,IVF8_p8
7,25,59.042,IVF8_p8
7,13,59.791,IVF8_p8
7,21,59.333,IVF8_p8
7,30,58.208,IVF8_p8
7,31,60.042,IVF8_p8
7,6,58.042,IVF8_p8
7,14,59.958,IVF8_p8
8,16,60.0,IVF8_p8
8,8,59.125,IVF8_p8
8,33,59.166,IVF8_p8
8,25,58.875,IVF8_p8
8,18,66.375,IVF8_p8
8,26,58.667,IVF8_p8
8,32,59.208,IVF8_p8
8,11,59.208,IVF8_p8
8,27,59.666,IVF8_p8
8,7,59.333,IVF8_p8
8,15,59.833,IVF8_p8
8,1,58.625,IVF8_p8
8,22,59.25,IVF8_p8
8,28,59.75,IVF8_p8
8,19,58.584,IVF8_p8
8,23,58.75,IVF8_p8
8,0,59.458,IVF8_p8
8,24,60.5,IVF8_p8
8,29,58.333,IVF8_p8
8,2,58.75,IVF8_p8
8,31,59.792,IVF8_p8
8,5,67.75,IVF8_p8
8,4,59.417,IVF8_p8
8,10,57.833,IVF8_p8
8,6,58.417,IVF8_p8
8,17,59.458,IVF8_p8
8,30,58.208,IVF8_p8
8,13,59.667,IVF8_p8
8,3,58.5,IVF8_p8
8,14,60.25,IVF8_p8
8,12,59.292,IVF8_p8
8,20,58.25,IVF8_p8
8,21,59.5,IVF8_p8
8,9,58.166,IVF8_p8
9,30,58.709,IVF8_p8
9,6,58.083,IVF8_p8
9,28,59.708,IVF8_p8
9,7,60.083,IVF8_p8
9,10,57.958,IVF8_p8
9,24,60.584,IVF8_p8
9,13,63.667,IVF8_p8
9,14,67.875,IVF8_p8
9,33,59.917,IVF8_p8
9,25,59.208,IVF8_p8
9,0,59.833,IVF8_p8
9,19,58.834,IVF8_p8
9,4,58.792,IVF8_p8
9,12,59.334,IVF8_p8
9,5,58.583,IVF8_p8
9,9,58.291,IVF8_p8
9,11,59.125,IVF8_p8
9,3,58.5,IVF8_p8
9,16,59.834,IVF8_p8
9,26,58.375,IVF8_p8
9,20,58.416,IVF8_p8
9,29,58.375,IVF8_p8
9,2,58.833,IVF8_p8
9,22,59.25,IVF8_p8
9,27,66.792,IVF8_p8
9,23,59.166,IVF8_p8
9,1,58.667,IVF8_p8
9,15,59.875,IVF8_p8
9,8,59.584,IVF8_p8
9,17,59.375,IVF8_p8
9,31,59.916,IVF8_p8
9,32,60.041,IVF8_p8
9,18,58.75,IVF8_p8
9,21,59.625,IVF8_p8
10,13,60.041,IVF8_p8
10,20,58.667,IVF8_p8
10,28,59.625,IVF8_p8
10,0,59.5,IVF8_p8
10,30,58.25,IVF8_p8
10,16,59.709,IVF8_p8
10,27,59.459,IVF8_p8
10,32,59.459,IVF8_p8
10,12,59.542,IVF8_p8
10,1,58.583,IVF8_p8
10,2,66.334,IVF8_p8
10,19,59.291,IVF8_p8
10,6,58.25,IVF8_p8
10,33,59.417,IVF8_p8
10,15,59.917,IVF8_p8
10,7,59.292,IVF8_p8
10,8,59.583,IVF8_p8
10,23,59.0,IVF8_p8
10,5,58.875,IVF8_p8
10,25,58.875,IVF8_p8
10,21,66.583,IVF8_p8
10,18,58.917,IVF8_p8
10,10,58.0,IVF8_p8
10,9,64.125,IVF8_p8
10,29,58.667,IVF8_p8
10,22,59.291,IVF8_p8
10,17,66.75,IVF8_p8
10,24,61.0,IVF8_p8
10,31,59.667,IVF8_p8
10,3,58.667,IVF8_p8
10,4,58.666,IVF8_p8
10,26,58.417,IVF8_p8
10,11,66.458,IVF8_p8
10,14,60.25,IVF8_p8
