round,query_position,us,N,family,policy
0,10,19.167,100,Flat,tuned
0,33,17.459,100,Flat,tuned
0,24,17.667,100,Flat,tuned
0,5,26.792,100,Flat,tuned
0,29,18.208,100,Flat,tuned
0,19,17.583,100,Flat,tuned
0,7,18.917,100,Flat,tuned
0,20,18.208,100,Flat,tuned
0,28,18.125,100,Flat,tuned
0,18,18.167,100,Flat,tuned
0,23,17.458,100,Flat,tuned
0,30,17.708,100,Flat,tuned
0,22,17.667,100,Flat,tuned
0,6,18.625,100,Flat,tuned
0,25,18.042,100,Flat,tuned
0,16,18.083,100,Flat,tuned
0,9,18.0,100,Flat,tuned
0,26,17.333,100,Flat,tuned
0,3,19.041,100,Flat,tuned
0,0,18.584,100,Flat,tuned
0,15,17.792,100,Flat,tuned
0,17,18.5,100,Flat,tuned
0,27,18.459,100,Flat,tuned
0,12,17.917,100,Flat,tuned
0,21,18.708,100,Flat,tuned
0,11,18.333,100,Flat,tuned
0,14,18.208,100,Flat,tuned
0,32,17.709,100,Flat,tuned
0,2,18.458,100,Flat,tuned
0,4,17.666,100,Flat,tuned
0,31,18.792,100,Flat,tuned
0,1,18.042,100,Flat,tuned
0,13,18.708,100,Flat,tuned
0,8,18.291,100,Flat,tuned
1,33,18.125,100,Flat,tuned
1,10,17.959,100,Flat,tuned
1,18,17.625,100,Flat,tuned
1,26,18.0,100,Flat,tuned
1,7,18.375,100,Flat,tuned
1,17,18.584,100,Flat,tuned
1,25,17.875,100,Flat,tuned
1,12,17.5,100,Flat,tuned
1,8,18.042,100,Flat,tuned
1,6,18.583,100,Flat,tuned
1,22,17.583,100,Flat,tuned
1,5,18.333,100,Flat,tuned
1,1,17.708,100,Flat,tuned
1,27,17.875,100,Flat,tuned
1,32,17.667,100,Flat,tuned
1,21,18.25,100,Flat,tuned
1,3,18.584,100,Flat,tuned
1,20,18.125,100,Flat,tuned
1,14,18.0,100,Flat,tuned
1,19,17.792,100,Flat,tuned
1,11,18.333,100,Flat,tuned
1,2,18.208,100,Flat,tuned
1,0,18.292,100,Flat,tuned
1,24,17.458,100,Flat,tuned
1,29,18.25,100,Flat,tuned
1,4,17.625,100,Flat,tuned
1,30,17.541,100,Flat,tuned
1,15,17.458,100,Flat,tuned
1,16,18.166,100,Flat,tuned
1,23,17.541,100,Flat,tuned
1,28,17.875,100,Flat,tuned
1,13,18.375,100,Flat,tuned
1,9,17.792,100,Flat,tuned
1,31,18.542,100,Flat,tuned
2,15,17.791,100,Flat,tuned
2,16,18.125,100,Flat,tuned
2,2,17.625,100,Flat,tuned
2,25,25.416,100,Flat,tuned
2,8,18.208,100,Flat,tuned
2,23,17.459,100,Flat,tuned
2,6,18.334,100,Flat,tuned
2,26,17.459,100,Flat,tuned
2,4,17.5,100,Flat,tuned
2,9,17.625,100,Flat,tuned
2,12,17.583,100,Flat,tuned
2,19,17.75,100,Flat,tuned
2,14,17.75,100,Flat,tuned
2,18,17.875,100,Flat,tuned
2,13,18.292,100,Flat,tuned
2,11,18.334,100,Flat,tuned
2,33,17.834,100,Flat,tuned
2,3,18.333,100,Flat,tuned
2,7,18.416,100,Flat,tuned
2,5,18.125,100,Flat,tuned
2,24,17.458,100,Flat,tuned
2,17,18.459,100,Flat,tuned
2,0,17.875,100,Flat,tuned
2,22,17.333,100,Flat,tuned
2,30,17.5,100,Flat,tuned
2,27,17.834,100,Flat,tuned
2,28,17.667,100,Flat,tuned
2,10,17.792,100,Flat,tuned
2,20,17.833,100,Flat,tuned
2,21,18.0,100,Flat,tuned
2,29,18.209,100,Flat,tuned
2,32,17.334,100,Flat,tuned
2,31,18.209,100,Flat,tuned
2,1,17.75,100,Flat,tuned
3,4,17.75,100,Flat,tuned
3,0,18.5,100,Flat,tuned
3,11,18.5,100,Flat,tuned
3,6,18.75,100,Flat,tuned
3,31,25.458,100,Flat,tuned
3,20,18.542,100,Flat,tuned
3,8,17.833,100,Flat,tuned
3,2,17.916,100,Flat,tuned
3,32,17.25,100,Flat,tuned
3,25,17.625,100,Flat,tuned
3,13,18.0,100,Flat,tuned
3,21,17.542,100,Flat,tuned
3,30,17.584,100,Flat,tuned
3,15,17.333,100,Flat,tuned
3,33,17.584,100,Flat,tuned
3,28,17.875,100,Flat,tuned
3,3,18.042,100,Flat,tuned
3,5,17.875,100,Flat,tuned
3,16,18.041,100,Flat,tuned
3,9,17.834,100,Flat,tuned
3,17,18.208,100,Flat,tuned
3,1,17.458,100,Flat,tuned
3,27,17.833,100,Flat,tuned
3,22,17.542,100,Flat,tuned
3,7,18.0,100,Flat,tuned
3,29,18.0,100,Flat,tuned
3,24,17.375,100,Flat,tuned
3,12,17.583,100,Flat,tuned
3,23,17.458,100,Flat,tuned
3,14,17.875,100,Flat,tuned
3,18,17.791,100,Flat,tuned
3,10,17.833,100,Flat,tuned
3,19,17.583,100,Flat,tuned
3,26,17.667,100,Flat,tuned
4,31,18.125,100,Flat,tuned
4,6,18.5,100,Flat,tuned
4,7,17.666,100,Flat,tuned
4,13,19.166,100,Flat,tuned
4,28,17.916,100,Flat,tuned
4,25,17.792,100,Flat,tuned
4,5,26.042,100,Flat,tuned
4,23,17.834,100,Flat,tuned
4,8,18.042,100,Flat,tuned
4,15,17.458,100,Flat,tuned
4,29,17.792,100,Flat,tuned
4,3,18.0,100,Flat,tuned
4,1,17.458,100,Flat,tuned
4,32,17.042,100,Flat,tuned
4,30,17.584,100,Flat,tuned
4,0,17.959,100,Flat,tuned
4,4,17.5,100,Flat,tuned
4,19,17.542,100,Flat,tuned
4,16,17.709,100,Flat,tuned
4,18,17.417,100,Flat,tuned
4,9,17.25,100,Flat,tuned
4,2,17.709,100,Flat,tuned
4,20,17.875,100,Flat,tuned
4,27,17.708,100,Flat,tuned
4,22,17.5,100,Flat,tuned
4,11,18.208,100,Flat,tuned
4,17,18.5,100,Flat,tuned
4,10,17.667,100,Flat,tuned
4,33,17.5,100,Flat,tuned
4,24,17.25,100,Flat,tuned
4,12,17.417,100,Flat,tuned
4,14,17.834,100,Flat,tuned
4,21,17.875,100,Flat,tuned
4,26,17.375,100,Flat,tuned
5,6,18.333,100,Flat,tuned
5,33,17.292,100,Flat,tuned
5,7,18.083,100,Flat,tuned
5,32,17.125,100,Flat,tuned
5,26,17.417,100,Flat,tuned
5,22,17.541,100,Flat,tuned
5,24,17.375,100,Flat,tuned
5,15,37.167,100,Flat,tuned
5,30,18.292,100,Flat,tuned
5,31,18.042,100,Flat,tuned
5,23,17.458,100,Flat,tuned
5,20,17.75,100,Flat,tuned
5,14,17.834,100,Flat,tuned
5,18,17.542,100,Flat,tuned
5,11,18.083,100,Flat,tuned
5,12,17.417,100,Flat,tuned
5,2,17.583,100,Flat,tuned
5,25,17.583,100,Flat,tuned
5,10,17.667,100,Flat,tuned
5,9,17.083,100,Flat,tuned
5,21,17.75,100,Flat,tuned
5,17,18.375,100,Flat,tuned
5,4,17.292,100,Flat,tuned
5,16,17.666,100,Flat,tuned
5,1,17.5,100,Flat,tuned
5,29,18.041,100,Flat,tuned
5,3,18.166,100,Flat,tuned
5,0,18.0,100,Flat,tuned
5,19,17.458,100,Flat,tuned
5,28,17.875,100,Flat,tuned
5,8,17.666,100,Flat,tuned
5,27,17.625,100,Flat,tuned
5,5,17.875,100,Flat,tuned
5,13,17.875,100,Flat,tuned
6,33,17.708,100,Flat,tuned
6,21,17.75,100,Flat,tuned
6,6,18.292,100,Flat,tuned
6,3,18.041,100,Flat,tuned
6,25,17.542,100,Flat,tuned
6,19,17.459,100,Flat,tuned
6,29,18.083,100,Flat,tuned
6,23,17.5,100,Flat,tuned
6,9,25.208,100,Flat,tuned
6,11,18.291,100,Flat,tuned
6,8,17.625,100,Flat,tuned
6,27,17.459,100,Flat,tuned
6,28,17.792,100,Flat,tuned
6,10,17.583,100,Flat,tuned
6,4,17.583,100,Flat,tuned
6,18,17.583,100,Flat,tuned
6,7,17.833,100,Flat,tuned
6,1,17.25,100,Flat,tuned
6,0,17.875,100,Flat,tuned
6,15,21.375,100,Flat,tuned
6,20,18.041,100,Flat,tuned
6,32,17.125,100,Flat,tuned
6,16,17.75,100,Flat,tuned
6,12,17.417,100,Flat,tuned
6,26,17.25,100,Flat,tuned
6,24,17.5,100,Flat,tuned
6,17,18.333,100,Flat,tuned
6,22,17.458,100,Flat,tuned
6,5,18.042,100,Flat,tuned
6,30,17.542,100,Flat,tuned
6,2,17.583,100,Flat,tuned
6,31,18.167,100,Flat,tuned
6,14,17.792,100,Flat,tuned
6,13,17.792,100,Flat,tuned
7,20,18.25,100,Flat,tuned
7,16,17.625,100,Flat,tuned
7,2,17.542,100,Flat,tuned
7,12,17.416,100,Flat,tuned
7,29,18.042,100,Flat,tuned
7,10,17.584,100,Flat,tuned
7,22,17.416,100,Flat,tuned
7,4,17.417,100,Flat,tuned
7,0,17.958,100,Flat,tuned
7,23,17.292,100,Flat,tuned
7,19,24.917,100,Flat,tuned
7,33,17.542,100,Flat,tuned
7,15,17.292,100,Flat,tuned
7,26,17.292,100,Flat,tuned
7,28,17.792,100,Flat,tuned
7,18,17.542,100,Flat,tuned
7,24,17.333,100,Flat,tuned
7,3,18.083,100,Flat,tuned
7,8,17.708,100,Flat,tuned
7,11,18.125,100,Flat,tuned
7,7,17.916,100,Flat,tuned
7,5,17.875,100,Flat,tuned
7,1,17.417,100,Flat,tuned
7,32,17.125,100,Flat,tuned
7,27,17.584,100,Flat,tuned
7,17,18.375,100,Flat,tuned
7,9,17.125,100,Flat,tuned
7,25,17.625,100,Flat,tuned
7,13,17.917,100,Flat,tuned
7,21,17.75,100,Flat,tuned
7,30,17.417,100,Flat,tuned
7,31,18.125,100,Flat,tuned
7,6,18.292,100,Flat,tuned
7,14,17.708,100,Flat,tuned
8,16,17.917,100,Flat,tuned
8,8,17.625,100,Flat,tuned
8,33,17.458,100,Flat,tuned
8,25,17.5,100,Flat,tuned
8,18,17.541,100,Flat,tuned
8,26,17.209,100,Flat,tuned
8,32,16.958,100,Flat,tuned
8,11,18.167,100,Flat,tuned
8,27,17.459,100,Flat,tuned
8,7,17.875,100,Flat,tuned
8,15,17.542,100,Flat,tuned
8,1,17.375,100,Flat,tuned
8,22,25.084,100,Flat,tuned
8,28,18.125,100,Flat,tuned
8,19,17.375,100,Flat,tuned
8,23,17.208,100,Flat,tuned
8,0,17.917,100,Flat,tuned
8,24,17.375,100,Flat,tuned
8,29,18.042,100,Flat,tuned
8,2,17.542,100,Flat,tuned
8,31,18.083,100,Flat,tuned
8,5,18.0,100,Flat,tuned
8,4,17.334,100,Flat,tuned
8,10,17.667,100,Flat,tuned
8,6,18.166,100,Flat,tuned
8,17,18.333,100,Flat,tuned
8,30,17.542,100,Flat,tuned
8,13,17.834,100,Flat,tuned
8,3,18.042,100,Flat,tuned
8,14,17.75,100,Flat,tuned
8,12,17.417,100,Flat,tuned
8,20,17.916,100,Flat,tuned
8,21,17.709,100,Flat,tuned
8,9,17.125,100,Flat,tuned
9,30,17.75,100,Flat,tuned
9,6,18.042,100,Flat,tuned
9,28,17.625,100,Flat,tuned
9,7,18.0,100,Flat,tuned
9,10,17.417,100,Flat,tuned
9,24,17.334,100,Flat,tuned
9,13,17.75,100,Flat,tuned
9,14,17.666,100,Flat,tuned
9,33,17.333,100,Flat,tuned
9,25,17.625,100,Flat,tuned
9,0,17.833,100,Flat,tuned
9,19,17.5,100,Flat,tuned
9,4,17.542,100,Flat,tuned
9,12,17.625,100,Flat,tuned
9,5,28.0,100,Flat,tuned
9,9,17.292,100,Flat,tuned
9,11,18.25,100,Flat,tuned
9,3,18.125,100,Flat,tuned
9,16,17.792,100,Flat,tuned
9,26,17.375,100,Flat,tuned
9,20,18.0,100,Flat,tuned
9,29,18.0,100,Flat,tuned
9,2,17.542,100,Flat,tuned
9,22,17.625,100,Flat,tuned
9,27,17.666,100,Flat,tuned
9,23,17.458,100,Flat,tuned
9,1,17.209,100,Flat,tuned
9,15,17.25,100,Flat,tuned
9,8,17.667,100,Flat,tuned
9,17,18.209,100,Flat,tuned
9,31,18.167,100,Flat,tuned
9,32,17.0,100,Flat,tuned
9,18,17.625,100,Flat,tuned
9,21,17.542,100,Flat,tuned
10,13,17.833,100,Flat,tuned
10,20,18.0,100,Flat,tuned
10,28,17.667,100,Flat,tuned
10,0,17.833,100,Flat,tuned
10,30,17.5,100,Flat,tuned
10,16,17.541,100,Flat,tuned
10,27,17.542,100,Flat,tuned
10,32,17.0,100,Flat,tuned
10,12,17.458,100,Flat,tuned
10,1,17.416,100,Flat,tuned
10,2,17.5,100,Flat,tuned
10,19,17.209,100,Flat,tuned
10,6,18.0,100,Flat,tuned
10,33,17.25,100,Flat,tuned
10,15,17.416,100,Flat,tuned
10,7,17.875,100,Flat,tuned
10,8,26.417,100,Flat,tuned
10,23,17.542,100,Flat,tuned
10,5,17.834,100,Flat,tuned
10,25,17.834,100,Flat,tuned
10,21,17.625,100,Flat,tuned
10,18,17.5,100,Flat,tuned
10,10,17.458,100,Flat,tuned
10,9,16.958,100,Flat,tuned
10,29,18.125,100,Flat,tuned
10,22,17.458,100,Flat,tuned
10,17,18.084,100,Flat,tuned
10,24,17.333,100,Flat,tuned
10,31,17.958,100,Flat,tuned
10,3,18.042,100,Flat,tuned
10,4,17.167,100,Flat,tuned
10,26,17.292,100,Flat,tuned
10,11,18.083,100,Flat,tuned
10,14,17.792,100,Flat,tuned
0,10,14.166,100,HNSW,tuned
0,33,12.375,100,HNSW,tuned
0,24,11.833,100,HNSW,tuned
0,5,12.792,100,HNSW,tuned
0,29,10.625,100,HNSW,tuned
0,19,12.0,100,HNSW,tuned
0,7,12.208,100,HNSW,tuned
0,20,12.0,100,HNSW,tuned
0,28,12.667,100,HNSW,tuned
0,18,13.833,100,HNSW,tuned
0,23,12.5,100,HNSW,tuned
0,30,11.333,100,HNSW,tuned
0,22,12.0,100,HNSW,tuned
0,6,12.291,100,HNSW,tuned
0,25,13.875,100,HNSW,tuned
0,16,12.625,100,HNSW,tuned
0,9,13.166,100,HNSW,tuned
0,26,13.042,100,HNSW,tuned
0,3,12.709,100,HNSW,tuned
0,0,13.417,100,HNSW,tuned
0,15,12.958,100,HNSW,tuned
0,17,12.709,100,HNSW,tuned
0,27,12.875,100,HNSW,tuned
0,12,13.0,100,HNSW,tuned
0,21,12.458,100,HNSW,tuned
0,11,13.0,100,HNSW,tuned
0,14,12.583,100,HNSW,tuned
0,32,12.375,100,HNSW,tuned
0,2,12.25,100,HNSW,tuned
0,4,12.25,100,HNSW,tuned
0,31,13.292,100,HNSW,tuned
0,1,11.5,100,HNSW,tuned
0,13,14.291,100,HNSW,tuned
0,8,12.917,100,HNSW,tuned
1,33,12.458,100,HNSW,tuned
1,10,12.75,100,HNSW,tuned
1,18,13.291,100,HNSW,tuned
1,26,12.542,100,HNSW,tuned
1,7,11.916,100,HNSW,tuned
1,17,12.167,100,HNSW,tuned
1,25,13.25,100,HNSW,tuned
1,12,12.5,100,HNSW,tuned
1,8,12.166,100,HNSW,tuned
1,6,12.042,100,HNSW,tuned
1,22,12.083,100,HNSW,tuned
1,5,12.417,100,HNSW,tuned
1,1,11.209,100,HNSW,tuned
1,27,12.5,100,HNSW,tuned
1,32,12.333,100,HNSW,tuned
1,21,12.417,100,HNSW,tuned
1,3,12.416,100,HNSW,tuned
1,20,11.833,100,HNSW,tuned
1,14,12.375,100,HNSW,tuned
1,19,11.875,100,HNSW,tuned
1,11,12.542,100,HNSW,tuned
1,2,11.75,100,HNSW,tuned
1,0,13.167,100,HNSW,tuned
1,24,11.458,100,HNSW,tuned
1,29,10.5,100,HNSW,tuned
1,4,11.708,100,HNSW,tuned
1,30,11.542,100,HNSW,tuned
1,15,12.666,100,HNSW,tuned
1,16,12.333,100,HNSW,tuned
1,23,12.5,100,HNSW,tuned
1,28,12.792,100,HNSW,tuned
1,13,13.5,100,HNSW,tuned
1,9,13.375,100,HNSW,tuned
1,31,13.292,100,HNSW,tuned
2,15,12.667,100,HNSW,tuned
2,16,12.042,100,HNSW,tuned
2,2,11.584,100,HNSW,tuned
2,25,13.25,100,HNSW,tuned
2,8,12.25,100,HNSW,tuned
2,23,12.334,100,HNSW,tuned
2,6,11.584,100,HNSW,tuned
2,26,12.417,100,HNSW,tuned
2,4,11.625,100,HNSW,tuned
2,9,12.833,100,HNSW,tuned
2,12,12.625,100,HNSW,tuned
2,19,11.666,100,HNSW,tuned
2,14,11.917,100,HNSW,tuned
2,18,13.292,100,HNSW,tuned
2,13,13.5,100,HNSW,tuned
2,11,12.292,100,HNSW,tuned
2,33,12.333,100,HNSW,tuned
2,3,12.291,100,HNSW,tuned
2,7,11.875,100,HNSW,tuned
2,5,12.291,100,HNSW,tuned
2,24,19.25,100,HNSW,tuned
2,17,12.708,100,HNSW,tuned
2,0,12.833,100,HNSW,tuned
2,22,12.083,100,HNSW,tuned
2,30,11.25,100,HNSW,tuned
2,27,12.834,100,HNSW,tuned
2,28,13.125,100,HNSW,tuned
2,10,12.541,100,HNSW,tuned
2,20,11.708,100,HNSW,tuned
2,21,12.334,100,HNSW,tuned
2,29,10.542,100,HNSW,tuned
2,32,12.167,100,HNSW,tuned
2,31,12.833,100,HNSW,tuned
2,1,10.875,100,HNSW,tuned
3,4,11.958,100,HNSW,tuned
3,0,12.542,100,HNSW,tuned
3,11,12.25,100,HNSW,tuned
3,6,11.417,100,HNSW,tuned
3,31,12.042,100,HNSW,tuned
3,20,11.5,100,HNSW,tuned
3,8,11.875,100,HNSW,tuned
3,2,11.167,100,HNSW,tuned
3,32,11.666,100,HNSW,tuned
3,25,12.875,100,HNSW,tuned
3,13,12.833,100,HNSW,tuned
3,21,11.875,100,HNSW,tuned
3,30,11.25,100,HNSW,tuned
3,15,12.25,100,HNSW,tuned
3,33,11.916,100,HNSW,tuned
3,28,12.708,100,HNSW,tuned
3,3,12.0,100,HNSW,tuned
3,5,11.875,100,HNSW,tuned
3,16,11.709,100,HNSW,tuned
3,9,12.917,100,HNSW,tuned
3,17,11.833,100,HNSW,tuned
3,1,10.666,100,HNSW,tuned
3,27,12.25,100,HNSW,tuned
3,22,11.583,100,HNSW,tuned
3,7,11.458,100,HNSW,tuned
3,29,10.25,100,HNSW,tuned
3,24,11.25,100,HNSW,tuned
3,12,12.416,100,HNSW,tuned
3,23,11.833,100,HNSW,tuned
3,14,11.917,100,HNSW,tuned
3,18,13.25,100,HNSW,tuned
3,10,12.5,100,HNSW,tuned
3,19,11.5,100,HNSW,tuned
3,26,12.209,100,HNSW,tuned
4,31,12.792,100,HNSW,tuned
4,6,11.5,100,HNSW,tuned
4,7,11.333,100,HNSW,tuned
4,13,12.667,100,HNSW,tuned
4,28,12.291,100,HNSW,tuned
4,25,12.917,100,HNSW,tuned
4,5,11.917,100,HNSW,tuned
4,23,11.75,100,HNSW,tuned
4,8,11.75,100,HNSW,tuned
4,15,12.083,100,HNSW,tuned
4,29,10.375,100,HNSW,tuned
4,3,11.667,100,HNSW,tuned
4,1,10.5,100,HNSW,tuned
4,32,11.916,100,HNSW,tuned
4,30,11.083,100,HNSW,tuned
4,0,12.625,100,HNSW,tuned
4,4,11.291,100,HNSW,tuned
4,19,11.25,100,HNSW,tuned
4,16,11.625,100,HNSW,tuned
4,18,13.084,100,HNSW,tuned
4,9,12.75,100,HNSW,tuned
4,2,11.0,100,HNSW,tuned
4,20,11.583,100,HNSW,tuned
4,27,12.375,100,HNSW,tuned
4,22,11.583,100,HNSW,tuned
4,11,11.916,100,HNSW,tuned
4,17,11.791,100,HNSW,tuned
4,10,12.125,100,HNSW,tuned
4,33,11.959,100,HNSW,tuned
4,24,11.041,100,HNSW,tuned
4,12,12.042,100,HNSW,tuned
4,14,11.708,100,HNSW,tuned
4,21,11.833,100,HNSW,tuned
4,26,12.208,100,HNSW,tuned
5,6,11.916,100,HNSW,tuned
5,33,11.875,100,HNSW,tuned
5,7,11.167,100,HNSW,tuned
5,32,11.708,100,HNSW,tuned
5,26,12.083,100,HNSW,tuned
5,22,11.583,100,HNSW,tuned
5,24,11.042,100,HNSW,tuned
5,15,11.958,100,HNSW,tuned
5,30,11.083,100,HNSW,tuned
5,31,12.25,100,HNSW,tuned
5,23,11.625,100,HNSW,tuned
5,20,11.583,100,HNSW,tuned
5,14,11.708,100,HNSW,tuned
5,18,13.0,100,HNSW,tuned
5,11,12.209,100,HNSW,tuned
5,12,20.167,100,HNSW,tuned
5,2,11.458,100,HNSW,tuned
5,25,13.125,100,HNSW,tuned
5,10,12.042,100,HNSW,tuned
5,9,12.542,100,HNSW,tuned
5,21,11.625,100,HNSW,tuned
5,17,11.875,100,HNSW,tuned
5,4,11.333,100,HNSW,tuned
5,16,11.625,100,HNSW,tuned
5,1,10.542,100,HNSW,tuned
5,29,21.791,100,HNSW,tuned
5,3,11.875,100,HNSW,tuned
5,0,12.5,100,HNSW,tuned
5,19,11.458,100,HNSW,tuned
5,28,12.375,100,HNSW,tuned
5,8,11.708,100,HNSW,tuned
5,27,12.292,100,HNSW,tuned
5,5,11.958,100,HNSW,tuned
5,13,12.75,100,HNSW,tuned
6,33,12.291,100,HNSW,tuned
6,21,11.708,100,HNSW,tuned
6,6,11.375,100,HNSW,tuned
6,3,11.625,100,HNSW,tuned
6,25,12.875,100,HNSW,tuned
6,19,11.208,100,HNSW,tuned
6,29,10.458,100,HNSW,tuned
6,23,11.458,100,HNSW,tuned
6,9,12.333,100,HNSW,tuned
6,11,12.166,100,HNSW,tuned
6,8,11.875,100,HNSW,tuned
6,27,12.125,100,HNSW,tuned
6,28,12.458,100,HNSW,tuned
6,10,12.25,100,HNSW,tuned
6,4,11.417,100,HNSW,tuned
6,18,12.917,100,HNSW,tuned
6,7,11.208,100,HNSW,tuned
6,1,10.5,100,HNSW,tuned
6,0,12.416,100,HNSW,tuned
6,15,12.083,100,HNSW,tuned
6,20,11.25,100,HNSW,tuned
6,32,11.709,100,HNSW,tuned
6,16,11.625,100,HNSW,tuned
6,12,12.041,100,HNSW,tuned
6,26,11.958,100,HNSW,tuned
6,24,11.083,100,HNSW,tuned
6,17,11.667,100,HNSW,tuned
6,22,11.417,100,HNSW,tuned
6,5,11.917,100,HNSW,tuned
6,30,11.042,100,HNSW,tuned
6,2,10.833,100,HNSW,tuned
6,31,12.333,100,HNSW,tuned
6,14,11.75,100,HNSW,tuned
6,13,12.667,100,HNSW,tuned
7,20,11.917,100,HNSW,tuned
7,16,11.625,100,HNSW,tuned
7,2,10.875,100,HNSW,tuned
7,12,12.042,100,HNSW,tuned
7,29,10.292,100,HNSW,tuned
7,10,12.208,100,HNSW,tuned
7,22,11.541,100,HNSW,tuned
7,4,11.375,100,HNSW,tuned
7,0,12.5,100,HNSW,tuned
7,23,11.625,100,HNSW,tuned
7,19,11.208,100,HNSW,tuned
7,33,11.917,100,HNSW,tuned
7,15,12.0,100,HNSW,tuned
7,26,12.167,100,HNSW,tuned
7,28,12.375,100,HNSW,tuned
7,18,12.917,100,HNSW,tuned
7,24,11.167,100,HNSW,tuned
7,3,11.541,100,HNSW,tuned
7,8,11.5,100,HNSW,tuned
7,11,11.916,100,HNSW,tuned
7,7,11.292,100,HNSW,tuned
7,5,11.709,100,HNSW,tuned
7,1,10.5,100,HNSW,tuned
7,32,11.542,100,HNSW,tuned
7,27,12.125,100,HNSW,tuned
7,17,11.542,100,HNSW,tuned
7,9,12.5,100,HNSW,tuned
7,25,13.083,100,HNSW,tuned
7,13,13.042,100,HNSW,tuned
7,21,11.584,100,HNSW,tuned
7,30,11.084,100,HNSW,tuned
7,31,12.375,100,HNSW,tuned
7,6,11.292,100,HNSW,tuned
7,14,11.75,100,HNSW,tuned
8,16,11.958,100,HNSW,tuned
8,8,11.667,100,HNSW,tuned
8,33,11.833,100,HNSW,tuned
8,25,12.916,100,HNSW,tuned
8,18,12.958,100,HNSW,tuned
8,26,12.125,100,HNSW,tuned
8,32,11.666,100,HNSW,tuned
8,11,12.0,100,HNSW,tuned
8,27,12.125,100,HNSW,tuned
8,7,11.208,100,HNSW,tuned
8,15,11.875,100,HNSW,tuned
8,1,10.625,100,HNSW,tuned
8,22,11.292,100,HNSW,tuned
8,28,19.917,100,HNSW,tuned
8,19,11.625,100,HNSW,tuned
8,23,11.75,100,HNSW,tuned
8,0,12.417,100,HNSW,tuned
8,24,11.083,100,HNSW,tuned
8,29,10.208,100,HNSW,tuned
8,2,10.708,100,HNSW,tuned
8,31,12.375,100,HNSW,tuned
8,5,11.916,100,HNSW,tuned
8,4,11.375,100,HNSW,tuned
8,10,12.041,100,HNSW,tuned
8,6,11.292,100,HNSW,tuned
8,17,11.584,100,HNSW,tuned
8,30,11.125,100,HNSW,tuned
8,13,12.792,100,HNSW,tuned
8,3,11.625,100,HNSW,tuned
8,14,11.791,100,HNSW,tuned
8,12,12.334,100,HNSW,tuned
8,20,11.417,100,HNSW,tuned
8,21,11.75,100,HNSW,tuned
8,9,12.583,100,HNSW,tuned
9,30,11.5,100,HNSW,tuned
9,6,11.417,100,HNSW,tuned
9,28,12.291,100,HNSW,tuned
9,7,11.375,100,HNSW,tuned
9,10,12.291,100,HNSW,tuned
9,24,11.083,100,HNSW,tuned
9,13,12.5,100,HNSW,tuned
9,14,11.708,100,HNSW,tuned
9,33,11.833,100,HNSW,tuned
9,25,13.042,100,HNSW,tuned
9,0,12.459,100,HNSW,tuned
9,19,11.125,100,HNSW,tuned
9,4,11.334,100,HNSW,tuned
9,12,11.958,100,HNSW,tuned
9,5,11.541,100,HNSW,tuned
9,9,12.333,100,HNSW,tuned
9,11,12.083,100,HNSW,tuned
9,3,11.625,100,HNSW,tuned
9,16,11.834,100,HNSW,tuned
9,26,12.375,100,HNSW,tuned
9,20,11.458,100,HNSW,tuned
9,29,10.375,100,HNSW,tuned
9,2,10.833,100,HNSW,tuned
9,22,11.459,100,HNSW,tuned
9,27,12.292,100,HNSW,tuned
9,23,11.666,100,HNSW,tuned
9,1,10.625,100,HNSW,tuned
9,15,11.917,100,HNSW,tuned
9,8,11.583,100,HNSW,tuned
9,17,11.75,100,HNSW,tuned
9,31,12.208,100,HNSW,tuned
9,32,11.5,100,HNSW,tuned
9,18,12.916,100,HNSW,tuned
9,21,11.792,100,HNSW,tuned
10,13,13.292,100,HNSW,tuned
10,20,11.5,100,HNSW,tuned
10,28,12.25,100,HNSW,tuned
10,0,12.541,100,HNSW,tuned
10,30,11.125,100,HNSW,tuned
10,16,11.5,100,HNSW,tuned
10,27,12.125,100,HNSW,tuned
10,32,11.542,100,HNSW,tuned
10,12,12.0,100,HNSW,tuned
10,1,10.708,100,HNSW,tuned
10,2,10.708,100,HNSW,tuned
10,19,11.25,100,HNSW,tuned
10,6,11.25,100,HNSW,tuned
10,33,12.584,100,HNSW,tuned
10,15,11.75,100,HNSW,tuned
10,7,11.0,100,HNSW,tuned
10,8,11.708,100,HNSW,tuned
10,23,11.708,100,HNSW,tuned
10,5,11.75,100,HNSW,tuned
10,25,13.042,100,HNSW,tuned
10,21,11.666,100,HNSW,tuned
10,18,12.875,100,HNSW,tuned
10,10,12.292,100,HNSW,tuned
10,9,12.459,100,HNSW,tuned
10,29,10.209,100,HNSW,tuned
10,22,11.584,100,HNSW,tuned
10,17,11.958,100,HNSW,tuned
10,24,11.125,100,HNSW,tuned
10,31,12.375,100,HNSW,tuned
10,3,11.459,100,HNSW,tuned
10,4,11.334,100,HNSW,tuned
10,26,12.166,100,HNSW,tuned
10,11,12.75,100,HNSW,tuned
10,14,11.541,100,HNSW,tuned
0,10,13.917,100,HNSW,fixed
0,33,11.959,100,HNSW,fixed
0,24,11.5,100,HNSW,fixed
0,5,12.917,100,HNSW,fixed
0,29,10.292,100,HNSW,fixed
0,19,11.833,100,HNSW,fixed
0,7,12.167,100,HNSW,fixed
0,20,11.708,100,HNSW,fixed
0,28,12.709,100,HNSW,fixed
0,18,13.5,100,HNSW,fixed
0,23,12.0,100,HNSW,fixed
0,30,11.417,100,HNSW,fixed
0,22,12.083,100,HNSW,fixed
0,6,12.333,100,HNSW,fixed
0,25,13.292,100,HNSW,fixed
0,16,12.5,100,HNSW,fixed
0,9,13.459,100,HNSW,fixed
0,26,12.792,100,HNSW,fixed
0,3,12.875,100,HNSW,fixed
0,0,13.25,100,HNSW,fixed
0,15,13.0,100,HNSW,fixed
0,17,12.417,100,HNSW,fixed
0,27,13.084,100,HNSW,fixed
0,12,13.041,100,HNSW,fixed
0,21,12.541,100,HNSW,fixed
0,11,12.625,100,HNSW,fixed
0,14,12.25,100,HNSW,fixed
0,32,12.25,100,HNSW,fixed
0,2,12.5,100,HNSW,fixed
0,4,12.042,100,HNSW,fixed
0,31,13.125,100,HNSW,fixed
0,1,11.042,100,HNSW,fixed
0,13,13.958,100,HNSW,fixed
0,8,12.833,100,HNSW,fixed
1,33,12.167,100,HNSW,fixed
1,10,12.75,100,HNSW,fixed
1,18,13.25,100,HNSW,fixed
1,26,12.291,100,HNSW,fixed
1,7,11.875,100,HNSW,fixed
1,17,12.042,100,HNSW,fixed
1,25,13.125,100,HNSW,fixed
1,12,12.375,100,HNSW,fixed
1,8,11.791,100,HNSW,fixed
1,6,11.791,100,HNSW,fixed
1,22,11.875,100,HNSW,fixed
1,5,12.5,100,HNSW,fixed
1,1,10.958,100,HNSW,fixed
1,27,12.042,100,HNSW,fixed
1,32,11.791,100,HNSW,fixed
1,21,12.083,100,HNSW,fixed
1,3,12.083,100,HNSW,fixed
1,20,11.625,100,HNSW,fixed
1,14,12.125,100,HNSW,fixed
1,19,11.708,100,HNSW,fixed
1,11,12.292,100,HNSW,fixed
1,2,11.5,100,HNSW,fixed
1,0,12.5,100,HNSW,fixed
1,24,11.208,100,HNSW,fixed
1,29,10.375,100,HNSW,fixed
1,4,11.833,100,HNSW,fixed
1,30,11.541,100,HNSW,fixed
1,15,12.333,100,HNSW,fixed
1,16,12.416,100,HNSW,fixed
1,23,11.792,100,HNSW,fixed
1,28,12.541,100,HNSW,fixed
1,13,13.25,100,HNSW,fixed
1,9,13.083,100,HNSW,fixed
1,31,12.625,100,HNSW,fixed
2,15,12.542,100,HNSW,fixed
2,16,11.792,100,HNSW,fixed
2,2,11.417,100,HNSW,fixed
2,25,13.208,100,HNSW,fixed
2,8,11.958,100,HNSW,fixed
2,23,11.75,100,HNSW,fixed
2,6,11.75,100,HNSW,fixed
2,26,12.125,100,HNSW,fixed
2,4,11.625,100,HNSW,fixed
2,9,12.583,100,HNSW,fixed
2,12,12.5,100,HNSW,fixed
2,19,11.583,100,HNSW,fixed
2,14,12.042,100,HNSW,fixed
2,18,13.292,100,HNSW,fixed
2,13,21.125,100,HNSW,fixed
2,11,12.667,100,HNSW,fixed
2,33,12.292,100,HNSW,fixed
2,3,12.0,100,HNSW,fixed
2,7,11.958,100,HNSW,fixed
2,5,12.333,100,HNSW,fixed
2,24,11.042,100,HNSW,fixed
2,17,12.042,100,HNSW,fixed
2,0,12.625,100,HNSW,fixed
2,22,11.833,100,HNSW,fixed
2,30,11.583,100,HNSW,fixed
2,27,12.292,100,HNSW,fixed
2,28,12.542,100,HNSW,fixed
2,10,12.875,100,HNSW,fixed
2,20,11.666,100,HNSW,fixed
2,21,11.833,100,HNSW,fixed
2,29,10.417,100,HNSW,fixed
2,32,11.708,100,HNSW,fixed
2,31,12.417,100,HNSW,fixed
2,1,11.0,100,HNSW,fixed
3,4,11.792,100,HNSW,fixed
3,0,12.375,100,HNSW,fixed
3,11,12.166,100,HNSW,fixed
3,6,11.625,100,HNSW,fixed
3,31,12.25,100,HNSW,fixed
3,20,11.583,100,HNSW,fixed
3,8,11.958,100,HNSW,fixed
3,2,11.5,100,HNSW,fixed
3,32,11.625,100,HNSW,fixed
3,25,13.042,100,HNSW,fixed
3,13,12.917,100,HNSW,fixed
3,21,11.708,100,HNSW,fixed
3,30,11.375,100,HNSW,fixed
3,15,12.375,100,HNSW,fixed
3,33,11.875,100,HNSW,fixed
3,28,12.083,100,HNSW,fixed
3,3,11.792,100,HNSW,fixed
3,5,12.25,100,HNSW,fixed
3,16,11.833,100,HNSW,fixed
3,9,12.5,100,HNSW,fixed
3,17,12.0,100,HNSW,fixed
3,1,10.792,100,HNSW,fixed
3,27,12.166,100,HNSW,fixed
3,22,11.458,100,HNSW,fixed
3,7,11.75,100,HNSW,fixed
3,29,10.417,100,HNSW,fixed
3,24,11.042,100,HNSW,fixed
3,12,12.375,100,HNSW,fixed
3,23,11.584,100,HNSW,fixed
3,14,11.917,100,HNSW,fixed
3,18,13.125,100,HNSW,fixed
3,10,12.584,100,HNSW,fixed
3,19,11.708,100,HNSW,fixed
3,26,12.166,100,HNSW,fixed
4,31,12.416,100,HNSW,fixed
4,6,11.666,100,HNSW,fixed
4,7,11.417,100,HNSW,fixed
4,13,12.709,100,HNSW,fixed
4,28,12.0,100,HNSW,fixed
4,25,13.041,100,HNSW,fixed
4,5,12.375,100,HNSW,fixed
4,23,11.375,100,HNSW,fixed
4,8,11.959,100,HNSW,fixed
4,15,12.084,100,HNSW,fixed
4,29,10.459,100,HNSW,fixed
4,3,11.334,100,HNSW,fixed
4,1,10.625,100,HNSW,fixed
4,32,11.5,100,HNSW,fixed
4,30,11.25,100,HNSW,fixed
4,0,12.25,100,HNSW,fixed
4,4,11.583,100,HNSW,fixed
4,19,11.541,100,HNSW,fixed
4,16,11.792,100,HNSW,fixed
4,18,13.083,100,HNSW,fixed
4,9,12.583,100,HNSW,fixed
4,2,11.375,100,HNSW,fixed
4,20,11.334,100,HNSW,fixed
4,27,12.0,100,HNSW,fixed
4,22,11.375,100,HNSW,fixed
4,11,12.167,100,HNSW,fixed
4,17,11.708,100,HNSW,fixed
4,10,12.291,100,HNSW,fixed
4,33,11.917,100,HNSW,fixed
4,24,11.0,100,HNSW,fixed
4,12,11.958,100,HNSW,fixed
4,14,11.833,100,HNSW,fixed
4,21,11.542,100,HNSW,fixed
4,26,12.209,100,HNSW,fixed
5,6,11.875,100,HNSW,fixed
5,33,11.792,100,HNSW,fixed
5,7,11.417,100,HNSW,fixed
5,32,11.541,100,HNSW,fixed
5,26,12.125,100,HNSW,fixed
5,22,11.5,100,HNSW,fixed
5,24,11.083,100,HNSW,fixed
5,15,11.875,100,HNSW,fixed
5,30,11.417,100,HNSW,fixed
5,31,12.167,100,HNSW,fixed
5,23,11.5,100,HNSW,fixed
5,20,19.042,100,HNSW,fixed
5,14,12.292,100,HNSW,fixed
5,18,13.0,100,HNSW,fixed
5,11,12.125,100,HNSW,fixed
5,12,11.792,100,HNSW,fixed
5,2,11.25,100,HNSW,fixed
5,25,13.125,100,HNSW,fixed
5,10,12.292,100,HNSW,fixed
5,9,12.458,100,HNSW,fixed
5,21,11.542,100,HNSW,fixed
5,17,11.834,100,HNSW,fixed
5,4,11.333,100,HNSW,fixed
5,16,11.583,100,HNSW,fixed
5,1,10.625,100,HNSW,fixed
5,29,10.416,100,HNSW,fixed
5,3,11.417,100,HNSW,fixed
5,0,12.291,100,HNSW,fixed
5,19,11.625,100,HNSW,fixed
5,28,12.25,100,HNSW,fixed
5,8,12.0,100,HNSW,fixed
5,27,12.083,100,HNSW,fixed
5,5,12.25,100,HNSW,fixed
5,13,12.625,100,HNSW,fixed
6,33,12.084,100,HNSW,fixed
6,21,11.5,100,HNSW,fixed
6,6,11.458,100,HNSW,fixed
6,3,11.5,100,HNSW,fixed
6,25,12.875,100,HNSW,fixed
6,19,11.416,100,HNSW,fixed
6,29,10.5,100,HNSW,fixed
6,23,11.375,100,HNSW,fixed
6,9,12.667,100,HNSW,fixed
6,11,12.167,100,HNSW,fixed
6,8,11.917,100,HNSW,fixed
6,27,11.917,100,HNSW,fixed
6,28,12.083,100,HNSW,fixed
6,10,12.417,100,HNSW,fixed
6,4,11.458,100,HNSW,fixed
6,18,12.916,100,HNSW,fixed
6,7,11.417,100,HNSW,fixed
6,1,10.5,100,HNSW,fixed
6,0,12.166,100,HNSW,fixed
6,15,12.167,100,HNSW,fixed
6,20,11.333,100,HNSW,fixed
6,32,11.625,100,HNSW,fixed
6,16,11.458,100,HNSW,fixed
6,12,11.875,100,HNSW,fixed
6,26,11.875,100,HNSW,fixed
6,24,10.958,100,HNSW,fixed
6,17,11.708,100,HNSW,fixed
6,22,11.583,100,HNSW,fixed
6,5,12.125,100,HNSW,fixed
6,30,11.334,100,HNSW,fixed
6,2,11.042,100,HNSW,fixed
6,31,12.166,100,HNSW,fixed
6,14,11.916,100,HNSW,fixed
6,13,12.833,100,HNSW,fixed
7,20,11.875,100,HNSW,fixed
7,16,11.625,100,HNSW,fixed
7,2,11.166,100,HNSW,fixed
7,12,11.666,100,HNSW,fixed
7,29,10.417,100,HNSW,fixed
7,10,12.125,100,HNSW,fixed
7,22,11.583,100,HNSW,fixed
7,4,11.375,100,HNSW,fixed
7,0,12.291,100,HNSW,fixed
7,23,11.292,100,HNSW,fixed
7,19,11.417,100,HNSW,fixed
7,33,11.875,100,HNSW,fixed
7,15,11.833,100,HNSW,fixed
7,26,12.041,100,HNSW,fixed
7,28,12.167,100,HNSW,fixed
7,18,12.959,100,HNSW,fixed
7,24,10.959,100,HNSW,fixed
7,3,11.334,100,HNSW,fixed
7,8,11.75,100,HNSW,fixed
7,11,12.042,100,HNSW,fixed
7,7,11.5,100,HNSW,fixed
7,5,11.959,100,HNSW,fixed
7,1,10.5,100,HNSW,fixed
7,32,11.5,100,HNSW,fixed
7,27,12.125,100,HNSW,fixed
7,17,11.791,100,HNSW,fixed
7,9,12.542,100,HNSW,fixed
7,25,13.125,100,HNSW,fixed
7,13,12.75,100,HNSW,fixed
7,21,11.458,100,HNSW,fixed
7,30,11.291,100,HNSW,fixed
7,31,12.083,100,HNSW,fixed
7,6,11.292,100,HNSW,fixed
7,14,11.709,100,HNSW,fixed
8,16,11.75,100,HNSW,fixed
8,8,11.75,100,HNSW,fixed
8,33,11.792,100,HNSW,fixed
8,25,12.959,100,HNSW,fixed
8,18,12.875,100,HNSW,fixed
8,26,11.917,100,HNSW,fixed
8,32,11.375,100,HNSW,fixed
8,11,12.167,100,HNSW,fixed
8,27,11.959,100,HNSW,fixed
8,7,11.458,100,HNSW,fixed
8,15,25.917,100,HNSW,fixed
8,1,11.583,100,HNSW,fixed
8,22,11.333,100,HNSW,fixed
8,28,12.166,100,HNSW,fixed
8,19,11.292,100,HNSW,fixed
8,23,11.334,100,HNSW,fixed
8,0,12.417,100,HNSW,fixed
8,24,11.083,100,HNSW,fixed
8,29,10.375,100,HNSW,fixed
8,2,10.917,100,HNSW,fixed
8,31,12.042,100,HNSW,fixed
8,5,12.208,100,HNSW,fixed
8,4,11.25,100,HNSW,fixed
8,10,12.125,100,HNSW,fixed
8,6,11.125,100,HNSW,fixed
8,17,11.75,100,HNSW,fixed
8,30,11.292,100,HNSW,fixed
8,13,12.791,100,HNSW,fixed
8,3,11.458,100,HNSW,fixed
8,14,11.792,100,HNSW,fixed
8,12,11.875,100,HNSW,fixed
8,20,11.209,100,HNSW,fixed
8,21,11.417,100,HNSW,fixed
8,9,12.542,100,HNSW,fixed
9,30,11.834,100,HNSW,fixed
9,6,11.333,100,HNSW,fixed
9,28,12.125,100,HNSW,fixed
9,7,11.292,100,HNSW,fixed
9,10,12.291,100,HNSW,fixed
9,24,11.0,100,HNSW,fixed
9,13,12.791,100,HNSW,fixed
9,14,11.708,100,HNSW,fixed
9,33,11.917,100,HNSW,fixed
9,25,12.917,100,HNSW,fixed
9,0,12.25,100,HNSW,fixed
9,19,11.375,100,HNSW,fixed
9,4,11.459,100,HNSW,fixed
9,12,11.708,100,HNSW,fixed
9,5,12.042,100,HNSW,fixed
9,9,12.334,100,HNSW,fixed
9,11,12.083,100,HNSW,fixed
9,3,11.375,100,HNSW,fixed
9,16,11.5,100,HNSW,fixed
9,26,12.0,100,HNSW,fixed
9,20,11.416,100,HNSW,fixed
9,29,10.542,100,HNSW,fixed
9,2,11.083,100,HNSW,fixed
9,22,11.375,100,HNSW,fixed
9,27,12.167,100,HNSW,fixed
9,23,11.334,100,HNSW,fixed
9,1,10.625,100,HNSW,fixed
9,15,11.708,100,HNSW,fixed
9,8,11.875,100,HNSW,fixed
9,17,11.917,100,HNSW,fixed
9,31,12.292,100,HNSW,fixed
9,32,11.625,100,HNSW,fixed
9,18,12.959,100,HNSW,fixed
9,21,11.917,100,HNSW,fixed
10,13,13.292,100,HNSW,fixed
10,20,11.5,100,HNSW,fixed
10,28,12.25,100,HNSW,fixed
10,0,12.333,100,HNSW,fixed
10,30,11.416,100,HNSW,fixed
10,16,11.542,100,HNSW,fixed
10,27,11.875,100,HNSW,fixed
10,32,11.416,100,HNSW,fixed
10,12,11.625,100,HNSW,fixed
10,1,10.458,100,HNSW,fixed
10,2,11.042,100,HNSW,fixed
10,19,11.25,100,HNSW,fixed
10,6,11.292,100,HNSW,fixed
10,33,11.708,100,HNSW,fixed
10,15,11.833,100,HNSW,fixed
10,7,11.417,100,HNSW,fixed
10,8,11.834,100,HNSW,fixed
10,23,11.375,100,HNSW,fixed
10,5,12.0,100,HNSW,fixed
10,25,12.875,100,HNSW,fixed
10,21,11.416,100,HNSW,fixed
10,18,13.083,100,HNSW,fixed
10,10,12.542,100,HNSW,fixed
10,9,12.625,100,HNSW,fixed
10,29,10.292,100,HNSW,fixed
10,22,11.375,100,HNSW,fixed
10,17,11.875,100,HNSW,fixed
10,24,10.875,100,HNSW,fixed
10,31,12.041,100,HNSW,fixed
10,3,11.458,100,HNSW,fixed
10,4,11.375,100,HNSW,fixed
10,26,12.0,100,HNSW,fixed
10,11,12.042,100,HNSW,fixed
10,14,11.833,100,HNSW,fixed
0,10,21.0,100,IVF,tuned
0,33,20.292,100,IVF,tuned
0,24,19.667,100,IVF,tuned
0,5,20.709,100,IVF,tuned
0,29,19.916,100,IVF,tuned
0,19,20.542,100,IVF,tuned
0,7,20.208,100,IVF,tuned
0,20,20.291,100,IVF,tuned
0,28,20.584,100,IVF,tuned
0,18,21.666,100,IVF,tuned
0,23,19.5,100,IVF,tuned
0,30,20.041,100,IVF,tuned
0,22,20.0,100,IVF,tuned
0,6,22.458,100,IVF,tuned
0,25,20.208,100,IVF,tuned
0,16,20.958,100,IVF,tuned
0,9,20.458,100,IVF,tuned
0,26,20.125,100,IVF,tuned
0,3,20.0,100,IVF,tuned
0,0,29.833,100,IVF,tuned
0,15,20.5,100,IVF,tuned
0,17,20.583,100,IVF,tuned
0,27,20.958,100,IVF,tuned
0,12,20.625,100,IVF,tuned
0,21,20.167,100,IVF,tuned
0,11,21.417,100,IVF,tuned
0,14,20.75,100,IVF,tuned
0,32,21.25,100,IVF,tuned
0,2,20.625,100,IVF,tuned
0,4,20.417,100,IVF,tuned
0,31,20.875,100,IVF,tuned
0,1,19.791,100,IVF,tuned
0,13,20.458,100,IVF,tuned
0,8,21.0,100,IVF,tuned
1,33,19.958,100,IVF,tuned
1,10,20.375,100,IVF,tuned
1,18,20.916,100,IVF,tuned
1,26,19.708,100,IVF,tuned
1,7,19.917,100,IVF,tuned
1,17,20.75,100,IVF,tuned
1,25,20.0,100,IVF,tuned
1,12,20.833,100,IVF,tuned
1,8,20.542,100,IVF,tuned
1,6,29.667,100,IVF,tuned
1,22,20.333,100,IVF,tuned
1,5,20.417,100,IVF,tuned
1,1,19.583,100,IVF,tuned
1,27,20.167,100,IVF,tuned
1,32,20.792,100,IVF,tuned
1,21,19.75,100,IVF,tuned
1,3,19.458,100,IVF,tuned
1,20,20.166,100,IVF,tuned
1,14,20.541,100,IVF,tuned
1,19,20.459,100,IVF,tuned
1,11,20.792,100,IVF,tuned
1,2,20.292,100,IVF,tuned
1,0,20.708,100,IVF,tuned
1,24,19.625,100,IVF,tuned
1,29,20.042,100,IVF,tuned
1,4,20.125,100,IVF,tuned
1,30,19.833,100,IVF,tuned
1,15,19.584,100,IVF,tuned
1,16,20.667,100,IVF,tuned
1,23,19.792,100,IVF,tuned
1,28,20.125,100,IVF,tuned
1,13,20.375,100,IVF,tuned
1,9,19.875,100,IVF,tuned
1,31,20.416,100,IVF,tuned
2,15,28.0,100,IVF,tuned
2,16,21.125,100,IVF,tuned
2,2,19.916,100,IVF,tuned
2,25,19.666,100,IVF,tuned
2,8,20.333,100,IVF,tuned
2,23,19.958,100,IVF,tuned
2,6,20.916,100,IVF,tuned
2,26,19.875,100,IVF,tuned
2,4,19.959,100,IVF,tuned
2,9,19.5,100,IVF,tuned
2,12,20.584,100,IVF,tuned
2,19,20.292,100,IVF,tuned
2,14,20.5,100,IVF,tuned
2,18,20.958,100,IVF,tuned
2,13,20.375,100,IVF,tuned
2,11,20.917,100,IVF,tuned
2,33,19.875,100,IVF,tuned
2,3,19.458,100,IVF,tuned
2,7,19.792,100,IVF,tuned
2,5,20.5,100,IVF,tuned
2,24,19.416,100,IVF,tuned
2,17,20.458,100,IVF,tuned
2,0,21.0,100,IVF,tuned
2,22,19.834,100,IVF,tuned
2,30,19.791,100,IVF,tuned
2,27,20.084,100,IVF,tuned
2,28,20.417,100,IVF,tuned
2,10,20.375,100,IVF,tuned
2,20,20.375,100,IVF,tuned
2,21,19.833,100,IVF,tuned
2,29,19.875,100,IVF,tuned
2,32,25.75,100,IVF,tuned
2,31,20.708,100,IVF,tuned
2,1,20.167,100,IVF,tuned
3,4,20.792,100,IVF,tuned
3,0,20.875,100,IVF,tuned
3,11,20.792,100,IVF,tuned
3,6,21.209,100,IVF,tuned
3,31,20.333,100,IVF,tuned
3,20,20.333,100,IVF,tuned
3,8,20.375,100,IVF,tuned
3,2,19.792,100,IVF,tuned
3,32,20.791,100,IVF,tuned
3,25,19.666,100,IVF,tuned
3,13,20.25,100,IVF,tuned
3,21,19.542,100,IVF,tuned
3,30,19.916,100,IVF,tuned
3,15,19.666,100,IVF,tuned
3,33,19.625,100,IVF,tuned
3,28,20.042,100,IVF,tuned
3,3,19.292,100,IVF,tuned
3,5,20.459,100,IVF,tuned
3,16,20.459,100,IVF,tuned
3,9,19.625,100,IVF,tuned
3,17,20.333,100,IVF,tuned
3,1,19.875,100,IVF,tuned
3,27,20.0,100,IVF,tuned
3,22,19.791,100,IVF,tuned
3,7,19.833,100,IVF,tuned
3,29,19.916,100,IVF,tuned
3,24,19.625,100,IVF,tuned
3,12,20.5,100,IVF,tuned
3,23,19.667,100,IVF,tuned
3,14,20.709,100,IVF,tuned
3,18,20.917,100,IVF,tuned
3,10,20.209,100,IVF,tuned
3,19,20.5,100,IVF,tuned
3,26,19.916,100,IVF,tuned
4,31,20.834,100,IVF,tuned
4,6,20.916,100,IVF,tuned
4,7,19.708,100,IVF,tuned
4,13,20.541,100,IVF,tuned
4,28,20.083,100,IVF,tuned
4,25,19.834,100,IVF,tuned
4,5,20.375,100,IVF,tuned
4,23,19.708,100,IVF,tuned
4,8,20.416,100,IVF,tuned
4,15,19.625,100,IVF,tuned
4,29,19.875,100,IVF,tuned
4,3,19.292,100,IVF,tuned
4,1,19.75,100,IVF,tuned
4,32,20.958,100,IVF,tuned
4,30,19.834,100,IVF,tuned
4,0,20.75,100,IVF,tuned
4,4,20.083,100,IVF,tuned
4,19,20.542,100,IVF,tuned
4,16,20.542,100,IVF,tuned
4,18,20.709,100,IVF,tuned
4,9,19.833,100,IVF,tuned
4,2,20.041,100,IVF,tuned
4,20,20.291,100,IVF,tuned
4,27,20.125,100,IVF,tuned
4,22,19.833,100,IVF,tuned
4,11,20.916,100,IVF,tuned
4,17,20.083,100,IVF,tuned
4,10,20.166,100,IVF,tuned
4,33,19.75,100,IVF,tuned
4,24,33.792,100,IVF,tuned
4,12,21.125,100,IVF,tuned
4,14,20.542,100,IVF,tuned
4,21,19.625,100,IVF,tuned
4,26,19.917,100,IVF,tuned
5,6,21.125,100,IVF,tuned
5,33,19.583,100,IVF,tuned
5,7,19.75,100,IVF,tuned
5,32,20.416,100,IVF,tuned
5,26,19.791,100,IVF,tuned
5,22,20.042,100,IVF,tuned
5,24,19.583,100,IVF,tuned
5,15,19.333,100,IVF,tuned
5,30,19.833,100,IVF,tuned
5,31,19.959,100,IVF,tuned
5,23,19.625,100,IVF,tuned
5,20,20.084,100,IVF,tuned
5,14,20.5,100,IVF,tuned
5,18,20.833,100,IVF,tuned
5,11,21.0,100,IVF,tuned
5,12,20.5,100,IVF,tuned
5,2,19.958,100,IVF,tuned
5,25,19.583,100,IVF,tuned
5,10,20.208,100,IVF,tuned
5,9,32.125,100,IVF,tuned
5,21,20.416,100,IVF,tuned
5,17,20.125,100,IVF,tuned
5,4,19.958,100,IVF,tuned
5,16,20.5,100,IVF,tuned
5,1,19.667,100,IVF,tuned
5,29,19.875,100,IVF,tuned
5,3,19.333,100,IVF,tuned
5,0,20.583,100,IVF,tuned
5,19,20.417,100,IVF,tuned
5,28,20.083,100,IVF,tuned
5,8,20.125,100,IVF,tuned
5,27,20.167,100,IVF,tuned
5,5,20.417,100,IVF,tuned
5,13,20.375,100,IVF,tuned
6,33,19.916,100,IVF,tuned
6,21,19.458,100,IVF,tuned
6,6,20.708,100,IVF,tuned
6,3,19.25,100,IVF,tuned
6,25,19.5,100,IVF,tuned
6,19,20.334,100,IVF,tuned
6,29,19.792,100,IVF,tuned
6,23,19.584,100,IVF,tuned
6,9,19.875,100,IVF,tuned
6,11,20.666,100,IVF,tuned
6,8,28.208,100,IVF,tuned
6,27,20.333,100,IVF,tuned
6,28,19.958,100,IVF,tuned
6,10,20.208,100,IVF,tuned
6,4,19.916,100,IVF,tuned
6,18,20.625,100,IVF,tuned
6,7,19.667,100,IVF,tuned
6,1,19.875,100,IVF,tuned
6,0,20.75,100,IVF,tuned
6,15,19.833,100,IVF,tuned
6,20,20.333,100,IVF,tuned
6,32,20.625,100,IVF,tuned
6,16,20.666,100,IVF,tuned
6,12,20.417,100,IVF,tuned
6,26,19.834,100,IVF,tuned
6,24,19.584,100,IVF,tuned
6,17,20.167,100,IVF,tuned
6,22,19.833,100,IVF,tuned
6,5,20.583,100,IVF,tuned
6,30,19.75,100,IVF,tuned
6,2,20.042,100,IVF,tuned
6,31,20.167,100,IVF,tuned
6,14,20.209,100,IVF,tuned
6,13,20.542,100,IVF,tuned
7,20,20.667,100,IVF,tuned
7,16,29.209,100,IVF,tuned
7,2,20.125,100,IVF,tuned
7,12,20.458,100,IVF,tuned
7,29,19.583,100,IVF,tuned
7,10,20.125,100,IVF,tuned
7,22,32.625,100,IVF,tuned
7,4,20.375,100,IVF,tuned
7,0,20.5,100,IVF,tuned
7,23,19.584,100,IVF,tuned
7,19,20.125,100,IVF,tuned
7,33,19.5,100,IVF,tuned
7,15,19.666,100,IVF,tuned
7,26,19.75,100,IVF,tuned
7,28,20.083,100,IVF,tuned
7,18,31.916,100,IVF,tuned
7,24,19.709,100,IVF,tuned
7,3,19.292,100,IVF,tuned
7,8,20.667,100,IVF,tuned
7,11,20.75,100,IVF,tuned
7,7,19.875,100,IVF,tuned
7,5,35.208,100,IVF,tuned
7,1,20.0,100,IVF,tuned
7,32,20.75,100,IVF,tuned
7,27,20.125,100,IVF,tuned
7,17,20.208,100,IVF,tuned
7,9,19.833,100,IVF,tuned
7,25,19.833,100,IVF,tuned
7,13,20.291,100,IVF,tuned
7,21,19.666,100,IVF,tuned
7,30,19.708,100,IVF,tuned
7,31,20.416,100,IVF,tuned
7,6,20.5,100,IVF,tuned
7,14,20.166,100,IVF,tuned
8,16,21.292,100,IVF,tuned
8,8,20.625,100,IVF,tuned
8,33,19.875,100,IVF,tuned
8,25,19.625,100,IVF,tuned
8,18,20.625,100,IVF,tuned
8,26,19.792,100,IVF,tuned
8,32,20.541,100,IVF,tuned
8,11,20.667,100,IVF,tuned
8,27,20.041,100,IVF,tuned
8,7,19.75,100,IVF,tuned
8,15,19.708,100,IVF,tuned
8,1,19.583,100,IVF,tuned
8,22,19.792,100,IVF,tuned
8,28,20.084,100,IVF,tuned
8,19,20.125,100,IVF,tuned
8,23,19.834,100,IVF,tuned
8,0,20.583,100,IVF,tuned
8,24,19.708,100,IVF,tuned
8,29,19.875,100,IVF,tuned
8,2,20.125,100,IVF,tuned
8,31,19.959,100,IVF,tuned
8,5,20.292,100,IVF,tuned
8,4,20.25,100,IVF,tuned
8,10,20.166,100,IVF,tuned
8,6,20.875,100,IVF,tuned
8,17,20.042,100,IVF,tuned
8,30,19.75,100,IVF,tuned
8,13,20.25,100,IVF,tuned
8,3,19.166,100,IVF,tuned
8,14,20.333,100,IVF,tuned
8,12,20.292,100,IVF,tuned
8,20,20.208,100,IVF,tuned
8,21,19.709,100,IVF,tuned
8,9,19.875,100,IVF,tuned
9,30,20.791,100,IVF,tuned
9,6,20.75,100,IVF,tuned
9,28,32.333,100,IVF,tuned
9,7,19.75,100,IVF,tuned
9,10,20.333,100,IVF,tuned
9,24,26.5,100,IVF,tuned
9,13,29.833,100,IVF,tuned
9,14,30.75,100,IVF,tuned
9,33,19.542,100,IVF,tuned
9,25,19.667,100,IVF,tuned
9,0,20.542,100,IVF,tuned
9,19,20.083,100,IVF,tuned
9,4,20.083,100,IVF,tuned
9,12,20.209,100,IVF,tuned
9,5,20.25,100,IVF,tuned
9,9,19.666,100,IVF,tuned
9,11,20.417,100,IVF,tuned
9,3,19.25,100,IVF,tuned
9,16,20.541,100,IVF,tuned
9,26,19.875,100,IVF,tuned
9,20,20.209,100,IVF,tuned
9,29,19.833,100,IVF,tuned
9,2,20.0,100,IVF,tuned
9,22,19.834,100,IVF,tuned
9,27,20.167,100,IVF,tuned
9,23,19.625,100,IVF,tuned
9,1,27.459,100,IVF,tuned
9,15,19.833,100,IVF,tuned
9,8,20.208,100,IVF,tuned
9,17,20.125,100,IVF,tuned
9,31,20.042,100,IVF,tuned
9,32,20.583,100,IVF,tuned
9,18,20.584,100,IVF,tuned
9,21,19.75,100,IVF,tuned
10,13,20.708,100,IVF,tuned
10,20,20.083,100,IVF,tuned
10,28,20.0,100,IVF,tuned
10,0,20.75,100,IVF,tuned
10,30,24.042,100,IVF,tuned
10,16,20.708,100,IVF,tuned
10,27,20.25,100,IVF,tuned
10,32,20.875,100,IVF,tuned
10,12,20.5,100,IVF,tuned
10,1,19.75,100,IVF,tuned
10,2,19.791,100,IVF,tuned
10,19,20.208,100,IVF,tuned
10,6,27.875,100,IVF,tuned
10,33,20.041,100,IVF,tuned
10,15,19.625,100,IVF,tuned
10,7,27.375,100,IVF,tuned
10,8,28.0,100,IVF,tuned
10,23,19.583,100,IVF,tuned
10,5,20.583,100,IVF,tuned
10,25,19.542,100,IVF,tuned
10,21,19.709,100,IVF,tuned
10,18,20.625,100,IVF,tuned
10,10,20.208,100,IVF,tuned
10,9,19.791,100,IVF,tuned
10,29,20.167,100,IVF,tuned
10,22,20.5,100,IVF,tuned
10,17,20.125,100,IVF,tuned
10,24,19.583,100,IVF,tuned
10,31,20.041,100,IVF,tuned
10,3,19.208,100,IVF,tuned
10,4,19.959,100,IVF,tuned
10,26,19.792,100,IVF,tuned
10,11,20.625,100,IVF,tuned
10,14,20.292,100,IVF,tuned
0,10,37.625,250,Flat,tuned
0,33,35.292,250,Flat,tuned
0,24,34.916,250,Flat,tuned
0,5,36.416,250,Flat,tuned
0,29,35.208,250,Flat,tuned
0,19,35.334,250,Flat,tuned
0,7,35.375,250,Flat,tuned
0,20,36.292,250,Flat,tuned
0,28,35.375,250,Flat,tuned
0,18,35.333,250,Flat,tuned
0,23,36.042,250,Flat,tuned
0,30,35.166,250,Flat,tuned
0,22,36.333,250,Flat,tuned
0,6,36.292,250,Flat,tuned
0,25,36.083,250,Flat,tuned
0,16,35.5,250,Flat,tuned
0,9,36.291,250,Flat,tuned
0,26,35.375,250,Flat,tuned
0,3,36.916,250,Flat,tuned
0,0,35.75,250,Flat,tuned
0,15,34.417,250,Flat,tuned
0,17,36.208,250,Flat,tuned
0,27,36.208,250,Flat,tuned
0,12,35.5,250,Flat,tuned
0,21,44.416,250,Flat,tuned
0,11,36.458,250,Flat,tuned
0,14,35.875,250,Flat,tuned
0,32,35.375,250,Flat,tuned
0,2,35.708,250,Flat,tuned
0,4,35.5,250,Flat,tuned
0,31,37.125,250,Flat,tuned
0,1,35.125,250,Flat,tuned
0,13,37.042,250,Flat,tuned
0,8,36.208,250,Flat,tuned
1,33,36.792,250,Flat,tuned
1,10,36.5,250,Flat,tuned
1,18,35.459,250,Flat,tuned
1,26,34.834,250,Flat,tuned
1,7,35.334,250,Flat,tuned
1,17,36.042,250,Flat,tuned
1,25,35.75,250,Flat,tuned
1,12,35.667,250,Flat,tuned
1,8,35.667,250,Flat,tuned
1,6,36.084,250,Flat,tuned
1,22,36.125,250,Flat,tuned
1,5,36.125,250,Flat,tuned
1,1,34.958,250,Flat,tuned
1,27,36.292,250,Flat,tuned
1,32,35.334,250,Flat,tuned
1,21,36.5,250,Flat,tuned
1,3,36.542,250,Flat,tuned
1,20,36.708,250,Flat,tuned
1,14,36.084,250,Flat,tuned
1,19,35.458,250,Flat,tuned
1,11,36.334,250,Flat,tuned
1,2,35.292,250,Flat,tuned
1,0,43.042,250,Flat,tuned
1,24,36.083,250,Flat,tuned
1,29,35.708,250,Flat,tuned
1,4,35.416,250,Flat,tuned
1,30,34.958,250,Flat,tuned
1,15,34.625,250,Flat,tuned
1,16,35.458,250,Flat,tuned
1,23,35.625,250,Flat,tuned
1,28,35.625,250,Flat,tuned
1,13,36.459,250,Flat,tuned
1,9,35.833,250,Flat,tuned
1,31,37.25,250,Flat,tuned
2,15,35.292,250,Flat,tuned
2,16,35.292,250,Flat,tuned
2,2,34.875,250,Flat,tuned
2,25,35.792,250,Flat,tuned
2,8,35.792,250,Flat,tuned
2,23,35.584,250,Flat,tuned
2,6,47.958,250,Flat,tuned
2,26,35.041,250,Flat,tuned
2,4,35.458,250,Flat,tuned
2,9,49.833,250,Flat,tuned
2,12,39.125,250,Flat,tuned
2,19,35.292,250,Flat,tuned
2,14,35.833,250,Flat,tuned
2,18,35.125,250,Flat,tuned
2,13,36.333,250,Flat,tuned
2,11,36.125,250,Flat,tuned
2,33,35.75,250,Flat,tuned
2,3,36.834,250,Flat,tuned
2,7,35.625,250,Flat,tuned
2,5,44.541,250,Flat,tuned
2,24,44.833,250,Flat,tuned
2,17,35.916,250,Flat,tuned
2,0,35.208,250,Flat,tuned
2,22,36.0,250,Flat,tuned
2,30,35.333,250,Flat,tuned
2,27,35.792,250,Flat,tuned
2,28,35.334,250,Flat,tuned
2,10,36.5,250,Flat,tuned
2,20,36.25,250,Flat,tuned
2,21,35.542,250,Flat,tuned
2,29,35.875,250,Flat,tuned
2,32,35.041,250,Flat,tuned
2,31,36.875,250,Flat,tuned
2,1,35.0,250,Flat,tuned
3,4,36.125,250,Flat,tuned
3,0,35.292,250,Flat,tuned
3,11,35.75,250,Flat,tuned
3,6,35.625,250,Flat,tuned
3,31,36.333,250,Flat,tuned
3,20,35.583,250,Flat,tuned
3,8,35.792,250,Flat,tuned
3,2,34.875,250,Flat,tuned
3,32,35.167,250,Flat,tuned
3,25,35.75,250,Flat,tuned
3,13,36.083,250,Flat,tuned
3,21,35.375,250,Flat,tuned
3,30,35.083,250,Flat,tuned
3,15,34.25,250,Flat,tuned
3,33,35.375,250,Flat,tuned
3,28,35.375,250,Flat,tuned
3,3,36.208,250,Flat,tuned
3,5,43.541,250,Flat,tuned
3,16,35.583,250,Flat,tuned
3,9,35.583,250,Flat,tuned
3,17,35.708,250,Flat,tuned
3,1,34.666,250,Flat,tuned
3,27,35.875,250,Flat,tuned
3,22,36.0,250,Flat,tuned
3,7,35.125,250,Flat,tuned
3,29,35.708,250,Flat,tuned
3,24,35.041,250,Flat,tuned
3,12,35.417,250,Flat,tuned
3,23,35.5,250,Flat,tuned
3,14,35.791,250,Flat,tuned
3,18,35.125,250,Flat,tuned
3,10,36.416,250,Flat,tuned
3,19,35.25,250,Flat,tuned
3,26,34.792,250,Flat,tuned
4,31,37.459,250,Flat,tuned
4,6,35.541,250,Flat,tuned
4,7,35.125,250,Flat,tuned
4,13,36.042,250,Flat,tuned
4,28,35.292,250,Flat,tuned
4,25,35.541,250,Flat,tuned
4,5,35.916,250,Flat,tuned
4,23,35.458,250,Flat,tuned
4,8,35.875,250,Flat,tuned
4,15,34.25,250,Flat,tuned
4,29,34.917,250,Flat,tuned
4,3,36.041,250,Flat,tuned
4,1,34.792,250,Flat,tuned
4,32,34.917,250,Flat,tuned
4,30,47.708,250,Flat,tuned
4,0,35.459,250,Flat,tuned
4,4,35.292,250,Flat,tuned
4,19,35.167,250,Flat,tuned
4,16,35.208,250,Flat,tuned
4,18,35.125,250,Flat,tuned
4,9,35.75,250,Flat,tuned
4,2,34.917,250,Flat,tuned
4,20,36.209,250,Flat,tuned
4,27,35.75,250,Flat,tuned
4,22,35.917,250,Flat,tuned
4,11,35.584,250,Flat,tuned
4,17,35.708,250,Flat,tuned
4,10,36.333,250,Flat,tuned
4,33,35.833,250,Flat,tuned
4,24,35.25,250,Flat,tuned
4,12,35.375,250,Flat,tuned
4,14,35.791,250,Flat,tuned
4,21,35.583,250,Flat,tuned
4,26,34.625,250,Flat,tuned
5,6,36.125,250,Flat,tuned
5,33,35.5,250,Flat,tuned
5,7,35.125,250,Flat,tuned
5,32,34.916,250,Flat,tuned
5,26,34.542,250,Flat,tuned
5,22,35.958,250,Flat,tuned
5,24,35.083,250,Flat,tuned
5,15,34.416,250,Flat,tuned
5,30,34.875,250,Flat,tuned
5,31,36.875,250,Flat,tuned
5,23,35.292,250,Flat,tuned
5,20,36.0,250,Flat,tuned
5,14,35.667,250,Flat,tuned
5,18,42.542,250,Flat,tuned
5,11,35.917,250,Flat,tuned
5,12,35.333,250,Flat,tuned
5,2,34.584,250,Flat,tuned
5,25,35.75,250,Flat,tuned
5,10,36.291,250,Flat,tuned
5,9,35.833,250,Flat,tuned
5,21,35.417,250,Flat,tuned
5,17,35.709,250,Flat,tuned
5,4,35.292,250,Flat,tuned
5,16,35.25,250,Flat,tuned
5,1,34.542,250,Flat,tuned
5,29,35.25,250,Flat,tuned
5,3,36.542,250,Flat,tuned
5,0,35.084,250,Flat,tuned
5,19,35.042,250,Flat,tuned
5,28,35.333,250,Flat,tuned
5,8,35.583,250,Flat,tuned
5,27,35.75,250,Flat,tuned
5,5,35.833,250,Flat,tuned
5,13,36.583,250,Flat,tuned
6,33,36.083,250,Flat,tuned
6,21,35.5,250,Flat,tuned
6,6,35.708,250,Flat,tuned
6,3,35.875,250,Flat,tuned
6,25,35.709,250,Flat,tuned
6,19,35.0,250,Flat,tuned
6,29,34.792,250,Flat,tuned
6,23,35.625,250,Flat,tuned
6,9,35.625,250,Flat,tuned
6,11,35.625,250,Flat,tuned
6,8,42.875,250,Flat,tuned
6,27,35.917,250,Flat,tuned
6,28,35.0,250,Flat,tuned
6,10,36.167,250,Flat,tuned
6,4,35.5,250,Flat,tuned
6,18,34.834,250,Flat,tuned
6,7,35.083,250,Flat,tuned
6,1,34.5,250,Flat,tuned
6,0,35.084,250,Flat,tuned
6,15,34.334,250,Flat,tuned
6,20,36.0,250,Flat,tuned
6,32,34.917,250,Flat,tuned
6,16,35.0,250,Flat,tuned
6,12,35.375,250,Flat,tuned
6,26,34.542,250,Flat,tuned
6,24,35.167,250,Flat,tuned
6,17,35.709,250,Flat,tuned
6,22,35.584,250,Flat,tuned
6,5,35.792,250,Flat,tuned
6,30,35.25,250,Flat,tuned
6,2,35.0,250,Flat,tuned
6,31,36.792,250,Flat,tuned
6,14,35.667,250,Flat,tuned
6,13,36.25,250,Flat,tuned
7,20,36.875,250,Flat,tuned
7,16,34.875,250,Flat,tuned
7,2,34.75,250,Flat,tuned
7,12,35.417,250,Flat,tuned
7,29,35.083,250,Flat,tuned
7,10,36.0,250,Flat,tuned
7,22,35.625,250,Flat,tuned
7,4,35.334,250,Flat,tuned
7,0,42.75,250,Flat,tuned
7,23,46.834,250,Flat,tuned
7,19,35.125,250,Flat,tuned
7,33,35.375,250,Flat,tuned
7,15,34.292,250,Flat,tuned
7,26,34.542,250,Flat,tuned
7,28,35.125,250,Flat,tuned
7,18,34.959,250,Flat,tuned
7,24,35.125,250,Flat,tuned
7,3,35.834,250,Flat,tuned
7,8,35.584,250,Flat,tuned
7,11,35.459,250,Flat,tuned
7,7,35.042,250,Flat,tuned
7,5,35.833,250,Flat,tuned
7,1,34.5,250,Flat,tuned
7,32,34.833,250,Flat,tuned
7,27,35.584,250,Flat,tuned
7,17,35.75,250,Flat,tuned
7,9,35.583,250,Flat,tuned
7,25,35.75,250,Flat,tuned
7,13,36.125,250,Flat,tuned
7,21,35.5,250,Flat,tuned
7,30,35.25,250,Flat,tuned
7,31,36.958,250,Flat,tuned
7,6,35.75,250,Flat,tuned
7,14,35.667,250,Flat,tuned
8,16,35.416,250,Flat,tuned
8,8,35.709,250,Flat,tuned
8,33,35.542,250,Flat,tuned
8,25,35.625,250,Flat,tuned
8,18,34.917,250,Flat,tuned
8,26,34.625,250,Flat,tuned
8,32,35.084,250,Flat,tuned
8,11,43.167,250,Flat,tuned
8,27,35.75,250,Flat,tuned
8,7,35.125,250,Flat,tuned
8,15,34.583,250,Flat,tuned
8,1,34.625,250,Flat,tuned
8,22,35.75,250,Flat,tuned
8,28,35.125,250,Flat,tuned
8,19,34.875,250,Flat,tuned
8,23,35.625,250,Flat,tuned
8,0,35.167,250,Flat,tuned
8,24,35.125,250,Flat,tuned
8,29,34.833,250,Flat,tuned
8,2,34.709,250,Flat,tuned
8,31,36.583,250,Flat,tuned
8,5,35.875,250,Flat,tuned
8,4,35.417,250,Flat,tuned
8,10,36.416,250,Flat,tuned
8,6,35.75,250,Flat,tuned
8,17,35.75,250,Flat,tuned
8,30,34.959,250,Flat,tuned
8,13,36.209,250,Flat,tuned
8,3,36.084,250,Flat,tuned
8,14,35.625,250,Flat,tuned
8,12,35.417,250,Flat,tuned
8,20,36.125,250,Flat,tuned
8,21,35.458,250,Flat,tuned
8,9,35.625,250,Flat,tuned
9,30,35.75,250,Flat,tuned
9,6,35.625,250,Flat,tuned
9,28,35.0,250,Flat,tuned
9,7,35.167,250,Flat,tuned
9,10,35.833,250,Flat,tuned
9,24,42.5,250,Flat,tuned
9,13,36.75,250,Flat,tuned
9,14,35.625,250,Flat,tuned
9,33,35.5,250,Flat,tuned
9,25,35.584,250,Flat,tuned
9,0,35.042,250,Flat,tuned
9,19,35.0,250,Flat,tuned
9,4,35.375,250,Flat,tuned
9,12,35.291,250,Flat,tuned
9,5,35.75,250,Flat,tuned
9,9,35.542,250,Flat,tuned
9,11,35.583,250,Flat,tuned
9,3,35.958,250,Flat,tuned
9,16,35.25,250,Flat,tuned
9,26,34.542,250,Flat,tuned
9,20,36.0,250,Flat,tuned
9,29,35.125,250,Flat,tuned
9,2,34.875,250,Flat,tuned
9,22,35.583,250,Flat,tuned
9,27,35.584,250,Flat,tuned
9,23,35.25,250,Flat,tuned
9,1,34.458,250,Flat,tuned
9,15,34.416,250,Flat,tuned
9,8,35.625,250,Flat,tuned
9,17,35.833,250,Flat,tuned
9,31,36.833,250,Flat,tuned
9,32,34.834,250,Flat,tuned
9,18,35.209,250,Flat,tuned
9,21,42.584,250,Flat,tuned
10,13,36.25,250,Flat,tuned
10,20,36.041,250,Flat,tuned
10,28,35.208,250,Flat,tuned
10,0,35.125,250,Flat,tuned
10,30,42.708,250,Flat,tuned
10,16,34.916,250,Flat,tuned
10,27,35.541,250,Flat,tuned
10,32,34.667,250,Flat,tuned
10,12,35.292,250,Flat,tuned
10,1,34.833,250,Flat,tuned
10,2,34.625,250,Flat,tuned
10,19,46.542,250,Flat,tuned
10,6,35.958,250,Flat,tuned
10,33,50.25,250,Flat,tuned
10,15,34.5,250,Flat,tuned
10,7,35.208,250,Flat,tuned
10,8,35.416,250,Flat,tuned
10,23,35.375,250,Flat,tuned
10,5,35.709,250,Flat,tuned
10,25,35.542,250,Flat,tuned
10,21,35.416,250,Flat,tuned
10,18,35.042,250,Flat,tuned
10,10,36.125,250,Flat,tuned
10,9,35.584,250,Flat,tuned
10,29,35.459,250,Flat,tuned
10,22,50.208,250,Flat,tuned
10,17,35.833,250,Flat,tuned
10,24,35.042,250,Flat,tuned
10,31,36.709,250,Flat,tuned
10,3,36.334,250,Flat,tuned
10,4,35.25,250,Flat,tuned
10,26,41.875,250,Flat,tuned
10,11,35.958,250,Flat,tuned
10,14,35.625,250,Flat,tuned
0,10,16.708,250,HNSW,tuned
0,33,16.25,250,HNSW,tuned
0,24,14.666,250,HNSW,tuned
0,5,14.458,250,HNSW,tuned
0,29,13.083,250,HNSW,tuned
0,19,13.334,250,HNSW,tuned
0,7,13.292,250,HNSW,tuned
0,20,13.291,250,HNSW,tuned
0,28,15.75,250,HNSW,tuned
0,18,14.083,250,HNSW,tuned
0,23,14.0,250,HNSW,tuned
0,30,12.542,250,HNSW,tuned
0,22,15.417,250,HNSW,tuned
0,6,14.042,250,HNSW,tuned
0,25,14.333,250,HNSW,tuned
0,16,14.25,250,HNSW,tuned
0,9,15.583,250,HNSW,tuned
0,26,14.708,250,HNSW,tuned
0,3,14.125,250,HNSW,tuned
0,0,16.833,250,HNSW,tuned
0,15,14.833,250,HNSW,tuned
0,17,13.166,250,HNSW,tuned
0,27,14.75,250,HNSW,tuned
0,12,13.417,250,HNSW,tuned
0,21,15.25,250,HNSW,tuned
0,11,15.25,250,HNSW,tuned
0,14,16.167,250,HNSW,tuned
0,32,13.5,250,HNSW,tuned
0,2,14.209,250,HNSW,tuned
0,4,13.334,250,HNSW,tuned
0,31,14.667,250,HNSW,tuned
0,1,13.834,250,HNSW,tuned
0,13,15.625,250,HNSW,tuned
0,8,14.334,250,HNSW,tuned
1,33,15.709,250,HNSW,tuned
1,10,15.459,250,HNSW,tuned
1,18,13.541,250,HNSW,tuned
1,26,14.334,250,HNSW,tuned
1,7,13.042,250,HNSW,tuned
1,17,12.75,250,HNSW,tuned
1,25,14.0,250,HNSW,tuned
1,12,13.208,250,HNSW,tuned
1,8,13.875,250,HNSW,tuned
1,6,13.833,250,HNSW,tuned
1,22,14.959,250,HNSW,tuned
1,5,14.625,250,HNSW,tuned
1,1,13.0,250,HNSW,tuned
1,27,14.542,250,HNSW,tuned
1,32,13.458,250,HNSW,tuned
1,21,14.666,250,HNSW,tuned
1,3,13.708,250,HNSW,tuned
1,20,13.0,250,HNSW,tuned
1,14,15.791,250,HNSW,tuned
1,19,13.292,250,HNSW,tuned
1,11,15.125,250,HNSW,tuned
1,2,13.125,250,HNSW,tuned
1,0,15.625,250,HNSW,tuned
1,24,14.708,250,HNSW,tuned
1,29,13.5,250,HNSW,tuned
1,4,13.084,250,HNSW,tuned
1,30,12.375,250,HNSW,tuned
1,15,14.458,250,HNSW,tuned
1,16,14.0,250,HNSW,tuned
1,23,14.041,250,HNSW,tuned
1,28,16.042,250,HNSW,tuned
1,13,15.042,250,HNSW,tuned
1,9,15.417,250,HNSW,tuned
1,31,14.125,250,HNSW,tuned
2,15,14.5,250,HNSW,tuned
2,16,13.667,250,HNSW,tuned
2,2,12.667,250,HNSW,tuned
2,25,13.791,250,HNSW,tuned
2,8,13.458,250,HNSW,tuned
2,23,13.375,250,HNSW,tuned
2,6,13.5,250,HNSW,tuned
2,26,14.292,250,HNSW,tuned
2,4,12.833,250,HNSW,tuned
2,9,14.541,250,HNSW,tuned
2,12,13.0,250,HNSW,tuned
2,19,13.125,250,HNSW,tuned
2,14,15.166,250,HNSW,tuned
2,18,13.917,250,HNSW,tuned
2,13,14.334,250,HNSW,tuned
2,11,14.417,250,HNSW,tuned
2,33,15.833,250,HNSW,tuned
2,3,13.542,250,HNSW,tuned
2,7,12.625,250,HNSW,tuned
2,5,13.875,250,HNSW,tuned
2,24,14.041,250,HNSW,tuned
2,17,12.792,250,HNSW,tuned
2,0,15.167,250,HNSW,tuned
2,22,14.958,250,HNSW,tuned
2,30,12.5,250,HNSW,tuned
2,27,14.209,250,HNSW,tuned
2,28,15.583,250,HNSW,tuned
2,10,15.125,250,HNSW,tuned
2,20,12.833,250,HNSW,tuned
2,21,14.5,250,HNSW,tuned
2,29,13.416,250,HNSW,tuned
2,32,13.417,250,HNSW,tuned
2,31,13.833,250,HNSW,tuned
2,1,12.916,250,HNSW,tuned
3,4,12.875,250,HNSW,tuned
3,0,14.75,250,HNSW,tuned
3,11,14.167,250,HNSW,tuned
3,6,13.208,250,HNSW,tuned
3,31,14.167,250,HNSW,tuned
3,20,12.75,250,HNSW,tuned
3,8,13.375,250,HNSW,tuned
3,2,12.75,250,HNSW,tuned
3,32,13.375,250,HNSW,tuned
3,25,13.666,250,HNSW,tuned
3,13,14.375,250,HNSW,tuned
3,21,14.292,250,HNSW,tuned
3,30,12.167,250,HNSW,tuned
3,15,13.667,250,HNSW,tuned
3,33,15.167,250,HNSW,tuned
3,28,15.458,250,HNSW,tuned
3,3,13.167,250,HNSW,tuned
3,5,13.791,250,HNSW,tuned
3,16,13.584,250,HNSW,tuned
3,9,14.334,250,HNSW,tuned
3,17,12.458,250,HNSW,tuned
3,1,12.667,250,HNSW,tuned
3,27,14.084,250,HNSW,tuned
3,22,14.75,250,HNSW,tuned
3,7,12.625,250,HNSW,tuned
3,29,13.0,250,HNSW,tuned
3,24,14.083,250,HNSW,tuned
3,12,12.875,250,HNSW,tuned
3,23,13.417,250,HNSW,tuned
3,14,15.084,250,HNSW,tuned
3,18,13.375,250,HNSW,tuned
3,10,14.708,250,HNSW,tuned
3,19,12.833,250,HNSW,tuned
3,26,14.042,250,HNSW,tuned
4,31,13.584,250,HNSW,tuned
4,6,13.083,250,HNSW,tuned
4,7,12.375,250,HNSW,tuned
4,13,14.25,250,HNSW,tuned
4,28,15.208,250,HNSW,tuned
4,25,13.583,250,HNSW,tuned
4,5,13.542,250,HNSW,tuned
4,23,13.292,250,HNSW,tuned
4,8,13.208,250,HNSW,tuned
4,15,13.541,250,HNSW,tuned
4,29,13.083,250,HNSW,tuned
4,3,13.042,250,HNSW,tuned
4,1,12.667,250,HNSW,tuned
4,32,13.958,250,HNSW,tuned
4,30,12.167,250,HNSW,tuned
4,0,14.792,250,HNSW,tuned
4,4,21.708,250,HNSW,tuned
4,19,12.917,250,HNSW,tuned
4,16,13.625,250,HNSW,tuned
4,18,13.25,250,HNSW,tuned
4,9,14.166,250,HNSW,tuned
4,2,12.667,250,HNSW,tuned
4,20,12.625,250,HNSW,tuned
4,27,13.917,250,HNSW,tuned
4,22,14.708,250,HNSW,tuned
4,11,14.166,250,HNSW,tuned
4,17,12.458,250,HNSW,tuned
4,10,14.667,250,HNSW,tuned
4,33,15.375,250,HNSW,tuned
4,24,13.959,250,HNSW,tuned
4,12,12.75,250,HNSW,tuned
4,14,15.083,250,HNSW,tuned
4,21,14.375,250,HNSW,tuned
4,26,13.958,250,HNSW,tuned
5,6,13.459,250,HNSW,tuned
5,33,15.083,250,HNSW,tuned
5,7,12.375,250,HNSW,tuned
5,32,13.292,250,HNSW,tuned
5,26,13.792,250,HNSW,tuned
5,22,14.708,250,HNSW,tuned
5,24,13.709,250,HNSW,tuned
5,15,13.75,250,HNSW,tuned
5,30,11.959,250,HNSW,tuned
5,31,13.458,250,HNSW,tuned
5,23,13.416,250,HNSW,tuned
5,20,12.5,250,HNSW,tuned
5,14,15.041,250,HNSW,tuned
5,18,13.125,250,HNSW,tuned
5,11,14.0,250,HNSW,tuned
5,12,12.583,250,HNSW,tuned
5,2,12.583,250,HNSW,tuned
5,25,13.583,250,HNSW,tuned
5,10,14.459,250,HNSW,tuned
5,9,14.292,250,HNSW,tuned
5,21,14.167,250,HNSW,tuned
5,17,12.5,250,HNSW,tuned
5,4,12.709,250,HNSW,tuned
5,16,13.625,250,HNSW,tuned
5,1,12.667,250,HNSW,tuned
5,29,13.125,250,HNSW,tuned
5,3,12.917,250,HNSW,tuned
5,0,14.792,250,HNSW,tuned
5,19,12.833,250,HNSW,tuned
5,28,22.708,250,HNSW,tuned
5,8,13.875,250,HNSW,tuned
5,27,14.0,250,HNSW,tuned
5,5,13.583,250,HNSW,tuned
5,13,14.25,250,HNSW,tuned
6,33,15.416,250,HNSW,tuned
6,21,14.458,250,HNSW,tuned
6,6,12.958,250,HNSW,tuned
6,3,13.0,250,HNSW,tuned
6,25,13.542,250,HNSW,tuned
6,19,12.75,250,HNSW,tuned
6,29,12.792,250,HNSW,tuned
6,23,13.209,250,HNSW,tuned
6,9,14.25,250,HNSW,tuned
6,11,14.209,250,HNSW,tuned
6,8,13.292,250,HNSW,tuned
6,27,13.916,250,HNSW,tuned
6,28,15.125,250,HNSW,tuned
6,10,14.459,250,HNSW,tuned
6,4,12.709,250,HNSW,tuned
6,18,13.209,250,HNSW,tuned
6,7,12.417,250,HNSW,tuned
6,1,12.791,250,HNSW,tuned
6,0,14.708,250,HNSW,tuned
6,15,13.667,250,HNSW,tuned
6,20,12.5,250,HNSW,tuned
6,32,13.25,250,HNSW,tuned
6,16,13.417,250,HNSW,tuned
6,12,12.667,250,HNSW,tuned
6,26,14.083,250,HNSW,tuned
6,24,13.875,250,HNSW,tuned
6,17,12.459,250,HNSW,tuned
6,22,14.5,250,HNSW,tuned
6,5,13.459,250,HNSW,tuned
6,30,12.167,250,HNSW,tuned
6,2,12.584,250,HNSW,tuned
6,31,13.417,250,HNSW,tuned
6,14,15.083,250,HNSW,tuned
6,13,14.375,250,HNSW,tuned
7,20,13.083,250,HNSW,tuned
7,16,13.333,250,HNSW,tuned
7,2,12.333,250,HNSW,tuned
7,12,12.584,250,HNSW,tuned
7,29,13.084,250,HNSW,tuned
7,10,14.417,250,HNSW,tuned
7,22,15.0,250,HNSW,tuned
7,4,12.625,250,HNSW,tuned
7,0,14.875,250,HNSW,tuned
7,23,13.25,250,HNSW,tuned
7,19,12.791,250,HNSW,tuned
7,33,15.208,250,HNSW,tuned
7,15,25.625,250,HNSW,tuned
7,26,14.083,250,HNSW,tuned
7,28,15.25,250,HNSW,tuned
7,18,13.25,250,HNSW,tuned
7,24,13.875,250,HNSW,tuned
7,3,12.917,250,HNSW,tuned
7,8,13.291,250,HNSW,tuned
7,11,14.084,250,HNSW,tuned
7,7,12.375,250,HNSW,tuned
7,5,13.416,250,HNSW,tuned
7,1,12.708,250,HNSW,tuned
7,32,13.167,250,HNSW,tuned
7,27,13.792,250,HNSW,tuned
7,17,12.417,250,HNSW,tuned
7,9,14.208,250,HNSW,tuned
7,25,13.625,250,HNSW,tuned
7,13,14.125,250,HNSW,tuned
7,21,14.333,250,HNSW,tuned
7,30,12.292,250,HNSW,tuned
7,31,13.708,250,HNSW,tuned
7,6,13.208,250,HNSW,tuned
7,14,15.167,250,HNSW,tuned
8,16,21.583,250,HNSW,tuned
8,8,13.667,250,HNSW,tuned
8,33,15.333,250,HNSW,tuned
8,25,13.542,250,HNSW,tuned
8,18,13.125,250,HNSW,tuned
8,26,13.958,250,HNSW,tuned
8,32,13.083,250,HNSW,tuned
8,11,13.916,250,HNSW,tuned
8,27,13.833,250,HNSW,tuned
8,7,12.375,250,HNSW,tuned
8,15,13.625,250,HNSW,tuned
8,1,12.584,250,HNSW,tuned
8,22,14.167,250,HNSW,tuned
8,28,15.042,250,HNSW,tuned
8,19,12.666,250,HNSW,tuned
8,23,13.041,250,HNSW,tuned
8,0,14.708,250,HNSW,tuned
8,24,13.791,250,HNSW,tuned
8,29,12.917,250,HNSW,tuned
8,2,12.417,250,HNSW,tuned
8,31,13.333,250,HNSW,tuned
8,5,13.666,250,HNSW,tuned
8,4,12.584,250,HNSW,tuned
8,10,14.459,250,HNSW,tuned
8,6,12.875,250,HNSW,tuned
8,17,12.5,250,HNSW,tuned
8,30,12.084,250,HNSW,tuned
8,13,14.042,250,HNSW,tuned
8,3,12.834,250,HNSW,tuned
8,14,14.917,250,HNSW,tuned
8,12,12.459,250,HNSW,tuned
8,20,12.5,250,HNSW,tuned
8,21,14.291,250,HNSW,tuned
8,9,14.083,250,HNSW,tuned
9,30,12.209,250,HNSW,tuned
9,6,13.0,250,HNSW,tuned
9,28,15.084,250,HNSW,tuned
9,7,12.458,250,HNSW,tuned
9,10,14.375,250,HNSW,tuned
9,24,13.833,250,HNSW,tuned
9,13,14.166,250,HNSW,tuned
9,14,14.916,250,HNSW,tuned
9,33,15.292,250,HNSW,tuned
9,25,13.375,250,HNSW,tuned
9,0,14.917,250,HNSW,tuned
9,19,12.667,250,HNSW,tuned
9,4,12.791,250,HNSW,tuned
9,12,12.584,250,HNSW,tuned
9,5,13.542,250,HNSW,tuned
9,9,21.75,250,HNSW,tuned
9,11,14.25,250,HNSW,tuned
9,3,13.041,250,HNSW,tuned
9,16,13.417,250,HNSW,tuned
9,26,13.875,250,HNSW,tuned
9,20,12.792,250,HNSW,tuned
9,29,12.916,250,HNSW,tuned
9,2,12.583,250,HNSW,tuned
9,22,14.416,250,HNSW,tuned
9,27,13.708,250,HNSW,tuned
9,23,13.208,250,HNSW,tuned
9,1,12.792,250,HNSW,tuned
9,15,13.75,250,HNSW,tuned
9,8,13.25,250,HNSW,tuned
9,17,12.334,250,HNSW,tuned
9,31,13.417,250,HNSW,tuned
9,32,13.166,250,HNSW,tuned
9,18,13.417,250,HNSW,tuned
9,21,14.334,250,HNSW,tuned
10,13,14.417,250,HNSW,tuned
10,20,12.583,250,HNSW,tuned
10,28,14.875,250,HNSW,tuned
10,0,14.75,250,HNSW,tuned
10,30,11.958,250,HNSW,tuned
10,16,13.416,250,HNSW,tuned
10,27,13.583,250,HNSW,tuned
10,32,13.166,250,HNSW,tuned
10,12,12.583,250,HNSW,tuned
10,1,12.584,250,HNSW,tuned
10,2,12.625,250,HNSW,tuned
10,19,12.583,250,HNSW,tuned
10,6,13.166,250,HNSW,tuned
10,33,15.167,250,HNSW,tuned
10,15,13.75,250,HNSW,tuned
10,7,12.459,250,HNSW,tuned
10,8,13.334,250,HNSW,tuned
10,23,13.167,250,HNSW,tuned
10,5,13.5,250,HNSW,tuned
10,25,13.5,250,HNSW,tuned
10,21,14.208,250,HNSW,tuned
10,18,13.167,250,HNSW,tuned
10,10,14.542,250,HNSW,tuned
10,9,14.084,250,HNSW,tuned
10,29,13.0,250,HNSW,tuned
10,22,14.333,250,HNSW,tuned
10,17,12.542,250,HNSW,tuned
10,24,13.833,250,HNSW,tuned
10,31,13.5,250,HNSW,tuned
10,3,13.0,250,HNSW,tuned
10,4,12.583,250,HNSW,tuned
10,26,21.666,250,HNSW,tuned
10,11,14.25,250,HNSW,tuned
10,14,15.042,250,HNSW,tuned
0,10,18.292,250,HNSW,fixed
0,33,16.208,250,HNSW,fixed
0,24,16.208,250,HNSW,fixed
0,5,16.291,250,HNSW,fixed
0,29,14.167,250,HNSW,fixed
0,19,15.208,250,HNSW,fixed
0,7,14.792,250,HNSW,fixed
0,20,15.125,250,HNSW,fixed
0,28,16.208,250,HNSW,fixed
0,18,16.375,250,HNSW,fixed
0,23,15.834,250,HNSW,fixed
0,30,14.458,250,HNSW,fixed
0,22,17.375,250,HNSW,fixed
0,6,15.25,250,HNSW,fixed
0,25,15.458,250,HNSW,fixed
0,16,17.166,250,HNSW,fixed
0,9,17.584,250,HNSW,fixed
0,26,16.791,250,HNSW,fixed
0,3,16.042,250,HNSW,fixed
0,0,18.958,250,HNSW,fixed
0,15,15.916,250,HNSW,fixed
0,17,15.75,250,HNSW,fixed
0,27,16.625,250,HNSW,fixed
0,12,16.791,250,HNSW,fixed
0,21,17.625,250,HNSW,fixed
0,11,16.5,250,HNSW,fixed
0,14,17.917,250,HNSW,fixed
0,32,17.0,250,HNSW,fixed
0,2,15.208,250,HNSW,fixed
0,4,15.792,250,HNSW,fixed
0,31,16.458,250,HNSW,fixed
0,1,15.708,250,HNSW,fixed
0,13,18.75,250,HNSW,fixed
0,8,16.167,250,HNSW,fixed
1,33,16.667,250,HNSW,fixed
1,10,17.292,250,HNSW,fixed
1,18,15.959,250,HNSW,fixed
1,26,16.209,250,HNSW,fixed
1,7,14.458,250,HNSW,fixed
1,17,15.167,250,HNSW,fixed
1,25,15.084,250,HNSW,fixed
1,12,15.875,250,HNSW,fixed
1,8,15.209,250,HNSW,fixed
1,6,15.125,250,HNSW,fixed
1,22,17.041,250,HNSW,fixed
1,5,15.958,250,HNSW,fixed
1,1,14.875,250,HNSW,fixed
1,27,15.958,250,HNSW,fixed
1,32,16.667,250,HNSW,fixed
1,21,16.917,250,HNSW,fixed
1,3,15.375,250,HNSW,fixed
1,20,14.792,250,HNSW,fixed
1,14,17.209,250,HNSW,fixed
1,19,15.166,250,HNSW,fixed
1,11,16.25,250,HNSW,fixed
1,2,14.625,250,HNSW,fixed
1,0,18.084,250,HNSW,fixed
1,24,16.084,250,HNSW,fixed
1,29,14.583,250,HNSW,fixed
1,4,15.292,250,HNSW,fixed
1,30,14.5,250,HNSW,fixed
1,15,15.75,250,HNSW,fixed
1,16,16.625,250,HNSW,fixed
1,23,15.5,250,HNSW,fixed
1,28,16.333,250,HNSW,fixed
1,13,17.875,250,HNSW,fixed
1,9,16.667,250,HNSW,fixed
1,31,15.791,250,HNSW,fixed
2,15,15.75,250,HNSW,fixed
2,16,16.333,250,HNSW,fixed
2,2,14.459,250,HNSW,fixed
2,25,15.042,250,HNSW,fixed
2,8,15.209,250,HNSW,fixed
2,23,15.125,250,HNSW,fixed
2,6,14.709,250,HNSW,fixed
2,26,16.125,250,HNSW,fixed
2,4,14.958,250,HNSW,fixed
2,9,16.167,250,HNSW,fixed
2,12,15.75,250,HNSW,fixed
2,19,15.0,250,HNSW,fixed
2,14,17.25,250,HNSW,fixed
2,18,15.834,250,HNSW,fixed
2,13,17.584,250,HNSW,fixed
2,11,16.25,250,HNSW,fixed
2,33,16.708,250,HNSW,fixed
2,3,15.25,250,HNSW,fixed
2,7,14.417,250,HNSW,fixed
2,5,15.583,250,HNSW,fixed
2,24,16.041,250,HNSW,fixed
2,17,15.042,250,HNSW,fixed
2,0,17.542,250,HNSW,fixed
2,22,17.292,250,HNSW,fixed
2,30,14.334,250,HNSW,fixed
2,27,16.042,250,HNSW,fixed
2,28,16.166,250,HNSW,fixed
2,10,17.041,250,HNSW,fixed
2,20,14.875,250,HNSW,fixed
2,21,17.125,250,HNSW,fixed
2,29,14.25,250,HNSW,fixed
2,32,16.459,250,HNSW,fixed
2,31,15.75,250,HNSW,fixed
2,1,14.708,250,HNSW,fixed
3,4,15.458,250,HNSW,fixed
3,0,17.708,250,HNSW,fixed
3,11,16.042,250,HNSW,fixed
3,6,14.667,250,HNSW,fixed
3,31,15.334,250,HNSW,fixed
3,20,14.5,250,HNSW,fixed
3,8,15.25,250,HNSW,fixed
3,2,14.333,250,HNSW,fixed
3,32,16.333,250,HNSW,fixed
3,25,15.125,250,HNSW,fixed
3,13,17.167,250,HNSW,fixed
3,21,16.709,250,HNSW,fixed
3,30,14.208,250,HNSW,fixed
3,15,15.542,250,HNSW,fixed
3,33,16.833,250,HNSW,fixed
3,28,15.916,250,HNSW,fixed
3,3,15.208,250,HNSW,fixed
3,5,15.541,250,HNSW,fixed
3,16,16.542,250,HNSW,fixed
3,9,16.417,250,HNSW,fixed
3,17,15.167,250,HNSW,fixed
3,1,14.75,250,HNSW,fixed
3,27,16.208,250,HNSW,fixed
3,22,16.917,250,HNSW,fixed
3,7,14.333,250,HNSW,fixed
3,29,14.208,250,HNSW,fixed
3,24,16.041,250,HNSW,fixed
3,12,15.958,250,HNSW,fixed
3,23,15.333,250,HNSW,fixed
3,14,17.542,250,HNSW,fixed
3,18,15.834,250,HNSW,fixed
3,10,17.042,250,HNSW,fixed
3,19,15.042,250,HNSW,fixed
3,26,22.75,250,HNSW,fixed
4,31,15.458,250,HNSW,fixed
4,6,14.792,250,HNSW,fixed
4,7,14.375,250,HNSW,fixed
4,13,17.25,250,HNSW,fixed
4,28,15.625,250,HNSW,fixed
4,25,15.0,250,HNSW,fixed
4,5,15.5,250,HNSW,fixed
4,23,15.25,250,HNSW,fixed
4,8,15.25,250,HNSW,fixed
4,15,15.541,250,HNSW,fixed
4,29,14.083,250,HNSW,fixed
4,3,14.958,250,HNSW,fixed
4,1,14.666,250,HNSW,fixed
4,32,16.375,250,HNSW,fixed
4,30,14.167,250,HNSW,fixed
4,0,17.584,250,HNSW,fixed
4,4,15.042,250,HNSW,fixed
4,19,15.041,250,HNSW,fixed
4,16,16.417,250,HNSW,fixed
4,18,15.834,250,HNSW,fixed
4,9,16.459,250,HNSW,fixed
4,2,14.459,250,HNSW,fixed
4,20,14.584,250,HNSW,fixed
4,27,16.0,250,HNSW,fixed
4,22,16.875,250,HNSW,fixed
4,11,15.916,250,HNSW,fixed
4,17,14.708,250,HNSW,fixed
4,10,16.709,250,HNSW,fixed
4,33,16.625,250,HNSW,fixed
4,24,15.791,250,HNSW,fixed
4,12,15.708,250,HNSW,fixed
4,14,17.25,250,HNSW,fixed
4,21,16.791,250,HNSW,fixed
4,26,16.333,250,HNSW,fixed
5,6,15.042,250,HNSW,fixed
5,33,16.458,250,HNSW,fixed
5,7,14.333,250,HNSW,fixed
5,32,16.417,250,HNSW,fixed
5,26,16.166,250,HNSW,fixed
5,22,16.792,250,HNSW,fixed
5,24,15.75,250,HNSW,fixed
5,15,15.375,250,HNSW,fixed
5,30,13.917,250,HNSW,fixed
5,31,15.25,250,HNSW,fixed
5,23,15.167,250,HNSW,fixed
5,20,14.541,250,HNSW,fixed
5,14,17.291,250,HNSW,fixed
5,18,15.667,250,HNSW,fixed
5,11,15.75,250,HNSW,fixed
5,12,15.625,250,HNSW,fixed
5,2,14.375,250,HNSW,fixed
5,25,15.167,250,HNSW,fixed
5,10,16.834,250,HNSW,fixed
5,9,16.25,250,HNSW,fixed
5,21,16.875,250,HNSW,fixed
5,17,14.916,250,HNSW,fixed
5,4,15.083,250,HNSW,fixed
5,16,16.375,250,HNSW,fixed
5,1,14.75,250,HNSW,fixed
5,29,14.209,250,HNSW,fixed
5,3,15.209,250,HNSW,fixed
5,0,17.834,250,HNSW,fixed
5,19,14.875,250,HNSW,fixed
5,28,15.75,250,HNSW,fixed
5,8,15.333,250,HNSW,fixed
5,27,16.25,250,HNSW,fixed
5,5,15.542,250,HNSW,fixed
5,13,17.417,250,HNSW,fixed
6,33,16.584,250,HNSW,fixed
6,21,16.708,250,HNSW,fixed
6,6,14.584,250,HNSW,fixed
6,3,15.167,250,HNSW,fixed
6,25,15.208,250,HNSW,fixed
6,19,14.792,250,HNSW,fixed
6,29,13.917,250,HNSW,fixed
6,23,15.167,250,HNSW,fixed
6,9,16.166,250,HNSW,fixed
6,11,16.0,250,HNSW,fixed
6,8,15.083,250,HNSW,fixed
6,27,15.666,250,HNSW,fixed
6,28,15.459,250,HNSW,fixed
6,10,16.584,250,HNSW,fixed
6,4,15.042,250,HNSW,fixed
6,18,15.667,250,HNSW,fixed
6,7,14.292,250,HNSW,fixed
6,1,14.833,250,HNSW,fixed
6,0,17.625,250,HNSW,fixed
6,15,15.375,250,HNSW,fixed
6,20,14.791,250,HNSW,fixed
6,32,16.375,250,HNSW,fixed
6,16,16.542,250,HNSW,fixed
6,12,15.75,250,HNSW,fixed
6,26,16.208,250,HNSW,fixed
6,24,15.917,250,HNSW,fixed
6,17,14.708,250,HNSW,fixed
6,22,16.708,250,HNSW,fixed
6,5,15.459,250,HNSW,fixed
6,30,14.125,250,HNSW,fixed
6,2,14.583,250,HNSW,fixed
6,31,15.209,250,HNSW,fixed
6,14,17.375,250,HNSW,fixed
6,13,17.333,250,HNSW,fixed
7,20,14.625,250,HNSW,fixed
7,16,24.292,250,HNSW,fixed
7,2,25.5,250,HNSW,fixed
7,12,15.834,250,HNSW,fixed
7,29,14.125,250,HNSW,fixed
7,10,16.459,250,HNSW,fixed
7,22,16.458,250,HNSW,fixed
7,4,14.791,250,HNSW,fixed
7,0,17.5,250,HNSW,fixed
7,23,15.334,250,HNSW,fixed
7,19,14.583,250,HNSW,fixed
7,33,16.5,250,HNSW,fixed
7,15,15.375,250,HNSW,fixed
7,26,16.042,250,HNSW,fixed
7,28,15.792,250,HNSW,fixed
7,18,15.667,250,HNSW,fixed
7,24,15.709,250,HNSW,fixed
7,3,15.0,250,HNSW,fixed
7,8,15.042,250,HNSW,fixed
7,11,15.916,250,HNSW,fixed
7,7,14.292,250,HNSW,fixed
7,5,15.459,250,HNSW,fixed
7,1,14.791,250,HNSW,fixed
7,32,16.25,250,HNSW,fixed
7,27,16.0,250,HNSW,fixed
7,17,14.833,250,HNSW,fixed
7,9,16.25,250,HNSW,fixed
7,25,15.167,250,HNSW,fixed
7,13,17.166,250,HNSW,fixed
7,21,16.75,250,HNSW,fixed
7,30,14.125,250,HNSW,fixed
7,31,15.334,250,HNSW,fixed
7,6,14.625,250,HNSW,fixed
7,14,17.25,250,HNSW,fixed
8,16,16.583,250,HNSW,fixed
8,8,15.041,250,HNSW,fixed
8,33,16.667,250,HNSW,fixed
8,25,15.125,250,HNSW,fixed
8,18,23.75,250,HNSW,fixed
8,26,16.334,250,HNSW,fixed
8,32,16.167,250,HNSW,fixed
8,11,16.042,250,HNSW,fixed
8,27,15.875,250,HNSW,fixed
8,7,14.333,250,HNSW,fixed
8,15,15.333,250,HNSW,fixed
8,1,14.75,250,HNSW,fixed
8,22,16.917,250,HNSW,fixed
8,28,15.625,250,HNSW,fixed
8,19,14.917,250,HNSW,fixed
8,23,15.167,250,HNSW,fixed
8,0,17.542,250,HNSW,fixed
8,24,15.75,250,HNSW,fixed
8,29,14.25,250,HNSW,fixed
8,2,14.375,250,HNSW,fixed
8,31,15.209,250,HNSW,fixed
8,5,15.375,250,HNSW,fixed
8,4,14.959,250,HNSW,fixed
8,10,16.625,250,HNSW,fixed
8,6,14.542,250,HNSW,fixed
8,17,14.75,250,HNSW,fixed
8,30,13.917,250,HNSW,fixed
8,13,17.125,250,HNSW,fixed
8,3,14.875,250,HNSW,fixed
8,14,17.125,250,HNSW,fixed
8,12,15.667,250,HNSW,fixed
8,20,14.75,250,HNSW,fixed
8,21,16.791,250,HNSW,fixed
8,9,16.292,250,HNSW,fixed
9,30,14.167,250,HNSW,fixed
9,6,14.5,250,HNSW,fixed
9,28,15.333,250,HNSW,fixed
9,7,14.209,250,HNSW,fixed
9,10,16.917,250,HNSW,fixed
9,24,15.458,250,HNSW,fixed
9,13,17.083,250,HNSW,fixed
9,14,17.083,250,HNSW,fixed
9,33,16.708,250,HNSW,fixed
9,25,22.791,250,HNSW,fixed
9,0,17.666,250,HNSW,fixed
9,19,14.625,250,HNSW,fixed
9,4,14.666,250,HNSW,fixed
9,12,15.625,250,HNSW,fixed
9,5,15.333,250,HNSW,fixed
9,9,16.25,250,HNSW,fixed
9,11,16.041,250,HNSW,fixed
9,3,15.042,250,HNSW,fixed
9,16,16.292,250,HNSW,fixed
9,26,16.0,250,HNSW,fixed
9,20,14.625,250,HNSW,fixed
9,29,14.042,250,HNSW,fixed
9,2,14.459,250,HNSW,fixed
9,22,16.625,250,HNSW,fixed
9,27,15.875,250,HNSW,fixed
9,23,15.458,250,HNSW,fixed
9,1,14.667,250,HNSW,fixed
9,15,15.375,250,HNSW,fixed
9,8,15.083,250,HNSW,fixed
9,17,15.0,250,HNSW,fixed
9,31,15.25,250,HNSW,fixed
9,32,16.292,250,HNSW,fixed
9,18,15.708,250,HNSW,fixed
9,21,16.875,250,HNSW,fixed
10,13,17.0,250,HNSW,fixed
10,20,14.584,250,HNSW,fixed
10,28,15.583,250,HNSW,fixed
10,0,17.291,250,HNSW,fixed
10,30,13.75,250,HNSW,fixed
10,16,16.166,250,HNSW,fixed
10,27,15.833,250,HNSW,fixed
10,32,16.25,250,HNSW,fixed
10,12,15.542,250,HNSW,fixed
10,1,14.583,250,HNSW,fixed
10,2,14.5,250,HNSW,fixed
10,19,14.667,250,HNSW,fixed
10,6,14.416,250,HNSW,fixed
10,33,16.541,250,HNSW,fixed
10,15,23.292,250,HNSW,fixed
10,7,14.459,250,HNSW,fixed
10,8,15.042,250,HNSW,fixed
10,23,15.25,250,HNSW,fixed
10,5,15.084,250,HNSW,fixed
10,25,15.166,250,HNSW,fixed
10,21,16.708,250,HNSW,fixed
10,18,15.542,250,HNSW,fixed
10,10,16.792,250,HNSW,fixed
10,9,16.25,250,HNSW,fixed
10,29,14.167,250,HNSW,fixed
10,22,16.625,250,HNSW,fixed
10,17,14.708,250,HNSW,fixed
10,24,15.75,250,HNSW,fixed
10,31,15.375,250,HNSW,fixed
10,3,15.167,250,HNSW,fixed
10,4,14.791,250,HNSW,fixed
10,26,16.5,250,HNSW,fixed
10,11,15.917,250,HNSW,fixed
10,14,17.417,250,HNSW,fixed
0,10,30.459,250,IVF,tuned
0,33,23.125,250,IVF,tuned
0,24,28.542,250,IVF,tuned
0,5,18.125,250,IVF,tuned
0,29,17.958,250,IVF,tuned
0,19,21.792,250,IVF,tuned
0,7,28.75,250,IVF,tuned
0,20,19.459,250,IVF,tuned
0,28,29.625,250,IVF,tuned
0,18,22.125,250,IVF,tuned
0,23,29.125,250,IVF,tuned
0,30,24.958,250,IVF,tuned
0,22,29.25,250,IVF,tuned
0,6,23.0,250,IVF,tuned
0,25,28.333,250,IVF,tuned
0,16,21.666,250,IVF,tuned
0,9,24.708,250,IVF,tuned
0,26,28.792,250,IVF,tuned
0,3,25.375,250,IVF,tuned
0,0,26.083,250,IVF,tuned
0,15,21.833,250,IVF,tuned
0,17,20.792,250,IVF,tuned
0,27,28.458,250,IVF,tuned
0,12,22.333,250,IVF,tuned
0,21,26.208,250,IVF,tuned
0,11,21.292,250,IVF,tuned
0,14,18.208,250,IVF,tuned
0,32,29.166,250,IVF,tuned
0,2,21.625,250,IVF,tuned
0,4,18.458,250,IVF,tuned
0,31,22.708,250,IVF,tuned
0,1,18.5,250,IVF,tuned
0,13,29.375,250,IVF,tuned
0,8,22.958,250,IVF,tuned
1,33,23.167,250,IVF,tuned
1,10,22.209,250,IVF,tuned
1,18,21.875,250,IVF,tuned
1,26,28.417,250,IVF,tuned
1,7,28.625,250,IVF,tuned
1,17,20.792,250,IVF,tuned
1,25,28.167,250,IVF,tuned
1,12,22.25,250,IVF,tuned
1,8,22.958,250,IVF,tuned
1,6,22.875,250,IVF,tuned
1,22,28.625,250,IVF,tuned
1,5,17.875,250,IVF,tuned
1,1,18.5,250,IVF,tuned
1,27,28.334,250,IVF,tuned
1,32,28.833,250,IVF,tuned
1,21,25.542,250,IVF,tuned
1,3,25.5,250,IVF,tuned
1,20,19.208,250,IVF,tuned
1,14,18.125,250,IVF,tuned
1,19,21.875,250,IVF,tuned
1,11,21.208,250,IVF,tuned
1,2,21.375,250,IVF,tuned
1,0,26.167,250,IVF,tuned
1,24,36.416,250,IVF,tuned
1,29,18.583,250,IVF,tuned
1,4,18.167,250,IVF,tuned
1,30,25.292,250,IVF,tuned
1,15,21.542,250,IVF,tuned
1,16,21.417,250,IVF,tuned
1,23,29.125,250,IVF,tuned
1,28,29.541,250,IVF,tuned
1,13,29.542,250,IVF,tuned
1,9,24.541,250,IVF,tuned
1,31,22.875,250,IVF,tuned
2,15,21.875,250,IVF,tuned
2,16,21.25,250,IVF,tuned
2,2,21.542,250,IVF,tuned
2,25,28.084,250,IVF,tuned
2,8,22.917,250,IVF,tuned
2,23,36.584,250,IVF,tuned
2,6,22.916,250,IVF,tuned
2,26,28.292,250,IVF,tuned
2,4,18.375,250,IVF,tuned
2,9,24.541,250,IVF,tuned
2,12,22.291,250,IVF,tuned
2,19,21.708,250,IVF,tuned
2,14,18.25,250,IVF,tuned
2,18,21.958,250,IVF,tuned
2,13,29.208,250,IVF,tuned
2,11,21.166,250,IVF,tuned
2,33,22.834,250,IVF,tuned
2,3,25.584,250,IVF,tuned
2,7,28.667,250,IVF,tuned
2,5,17.875,250,IVF,tuned
2,24,28.25,250,IVF,tuned
2,17,21.083,250,IVF,tuned
2,0,25.958,250,IVF,tuned
2,22,28.375,250,IVF,tuned
2,30,24.917,250,IVF,tuned
2,27,28.166,250,IVF,tuned
2,28,29.458,250,IVF,tuned
2,10,22.125,250,IVF,tuned
2,20,19.084,250,IVF,tuned
2,21,25.875,250,IVF,tuned
2,29,18.0,250,IVF,tuned
2,32,28.958,250,IVF,tuned
2,31,22.5,250,IVF,tuned
2,1,18.209,250,IVF,tuned
3,4,18.833,250,IVF,tuned
3,0,26.084,250,IVF,tuned
3,11,21.083,250,IVF,tuned
3,6,22.75,250,IVF,tuned
3,31,22.334,250,IVF,tuned
3,20,18.958,250,IVF,tuned
3,8,22.917,250,IVF,tuned
3,2,21.458,250,IVF,tuned
3,32,28.791,250,IVF,tuned
3,25,28.25,250,IVF,tuned
3,13,28.708,250,IVF,tuned
3,21,25.5,250,IVF,tuned
3,30,24.833,250,IVF,tuned
3,15,21.291,250,IVF,tuned
3,33,22.75,250,IVF,tuned
3,28,29.541,250,IVF,tuned
3,3,25.542,250,IVF,tuned
3,5,17.833,250,IVF,tuned
3,16,21.0,250,IVF,tuned
3,9,24.583,250,IVF,tuned
3,17,24.083,250,IVF,tuned
3,1,18.583,250,IVF,tuned
3,27,46.75,250,IVF,tuned
3,22,28.542,250,IVF,tuned
3,7,28.666,250,IVF,tuned
3,29,39.958,250,IVF,tuned
3,24,36.291,250,IVF,tuned
3,12,22.75,250,IVF,tuned
3,23,29.125,250,IVF,tuned
3,14,18.083,250,IVF,tuned
3,18,21.917,250,IVF,tuned
3,10,22.125,250,IVF,tuned
3,19,21.667,250,IVF,tuned
3,26,28.666,250,IVF,tuned
4,31,23.0,250,IVF,tuned
4,6,22.625,250,IVF,tuned
4,7,28.584,250,IVF,tuned
4,13,28.875,250,IVF,tuned
4,28,29.541,250,IVF,tuned
4,25,28.208,250,IVF,tuned
4,5,17.708,250,IVF,tuned
4,23,36.542,250,IVF,tuned
4,8,23.292,250,IVF,tuned
4,15,21.75,250,IVF,tuned
4,29,17.875,250,IVF,tuned
4,3,25.458,250,IVF,tuned
4,1,18.375,250,IVF,tuned
4,32,28.708,250,IVF,tuned
4,30,24.625,250,IVF,tuned
4,0,25.875,250,IVF,tuned
4,4,18.083,250,IVF,tuned
4,19,21.666,250,IVF,tuned
4,16,21.333,250,IVF,tuned
4,18,21.958,250,IVF,tuned
4,9,24.584,250,IVF,tuned
4,2,21.292,250,IVF,tuned
4,20,18.791,250,IVF,tuned
4,27,28.541,250,IVF,tuned
4,22,28.5,250,IVF,tuned
4,11,21.167,250,IVF,tuned
4,17,20.916,250,IVF,tuned
4,10,22.041,250,IVF,tuned
4,33,22.875,250,IVF,tuned
4,24,28.458,250,IVF,tuned
4,12,22.584,250,IVF,tuned
4,14,18.083,250,IVF,tuned
4,21,25.958,250,IVF,tuned
4,26,28.542,250,IVF,tuned
5,6,23.333,250,IVF,tuned
5,33,22.625,250,IVF,tuned
5,7,28.584,250,IVF,tuned
5,32,28.375,250,IVF,tuned
5,26,28.291,250,IVF,tuned
5,22,28.333,250,IVF,tuned
5,24,28.25,250,IVF,tuned
5,15,21.333,250,IVF,tuned
5,30,24.625,250,IVF,tuned
5,31,22.375,250,IVF,tuned
5,23,28.959,250,IVF,tuned
5,20,18.709,250,IVF,tuned
5,14,18.166,250,IVF,tuned
5,18,22.291,250,IVF,tuned
5,11,21.208,250,IVF,tuned
5,12,22.25,250,IVF,tuned
5,2,21.375,250,IVF,tuned
5,25,28.208,250,IVF,tuned
5,10,21.875,250,IVF,tuned
5,9,24.625,250,IVF,tuned
5,21,25.75,250,IVF,tuned
5,17,20.834,250,IVF,tuned
5,4,18.375,250,IVF,tuned
5,16,21.208,250,IVF,tuned
5,1,18.291,250,IVF,tuned
5,29,17.875,250,IVF,tuned
5,3,25.167,250,IVF,tuned
5,0,25.916,250,IVF,tuned
5,19,21.791,250,IVF,tuned
5,28,29.458,250,IVF,tuned
5,8,22.708,250,IVF,tuned
5,27,38.75,250,IVF,tuned
5,5,18.125,250,IVF,tuned
5,13,29.208,250,IVF,tuned
6,33,22.875,250,IVF,tuned
6,21,25.917,250,IVF,tuned
6,6,22.5,250,IVF,tuned
6,3,25.166,250,IVF,tuned
6,25,28.208,250,IVF,tuned
6,19,21.875,250,IVF,tuned
6,29,17.917,250,IVF,tuned
6,23,28.834,250,IVF,tuned
6,9,24.458,250,IVF,tuned
6,11,20.958,250,IVF,tuned
6,8,22.667,250,IVF,tuned
6,27,28.167,250,IVF,tuned
6,28,37.375,250,IVF,tuned
6,10,21.958,250,IVF,tuned
6,4,18.167,250,IVF,tuned
6,18,21.875,250,IVF,tuned
6,7,28.458,250,IVF,tuned
6,1,18.125,250,IVF,tuned
6,0,25.958,250,IVF,tuned
6,15,29.291,250,IVF,tuned
6,20,18.959,250,IVF,tuned
6,32,28.875,250,IVF,tuned
6,16,21.167,250,IVF,tuned
6,12,22.167,250,IVF,tuned
6,26,28.167,250,IVF,tuned
6,24,28.125,250,IVF,tuned
6,17,28.375,250,IVF,tuned
6,22,28.208,250,IVF,tuned
6,5,17.667,250,IVF,tuned
6,30,24.834,250,IVF,tuned
6,2,21.458,250,IVF,tuned
6,31,22.458,250,IVF,tuned
6,14,18.208,250,IVF,tuned
6,13,29.209,250,IVF,tuned
7,20,19.583,250,IVF,tuned
7,16,21.333,250,IVF,tuned
7,2,21.375,250,IVF,tuned
7,12,21.917,250,IVF,tuned
7,29,24.833,250,IVF,tuned
7,10,21.542,250,IVF,tuned
7,22,28.333,250,IVF,tuned
7,4,18.375,250,IVF,tuned
7,0,25.834,250,IVF,tuned
7,23,28.75,250,IVF,tuned
7,19,28.875,250,IVF,tuned
7,33,22.709,250,IVF,tuned
7,15,21.333,250,IVF,tuned
7,26,28.041,250,IVF,tuned
7,28,29.625,250,IVF,tuned
7,18,21.792,250,IVF,tuned
7,24,28.0,250,IVF,tuned
7,3,25.917,250,IVF,tuned
7,8,22.417,250,IVF,tuned
7,11,28.167,250,IVF,tuned
7,7,28.375,250,IVF,tuned
7,5,17.708,250,IVF,tuned
7,1,18.125,250,IVF,tuned
7,32,28.583,250,IVF,tuned
7,27,27.958,250,IVF,tuned
7,17,20.667,250,IVF,tuned
7,9,24.416,250,IVF,tuned
7,25,28.292,250,IVF,tuned
7,13,29.209,250,IVF,tuned
7,21,25.917,250,IVF,tuned
7,30,24.625,250,IVF,tuned
7,31,23.125,250,IVF,tuned
7,6,29.916,250,IVF,tuned
7,14,18.792,250,IVF,tuned
8,16,21.417,250,IVF,tuned
8,8,22.416,250,IVF,tuned
8,33,22.417,250,IVF,tuned
8,25,28.25,250,IVF,tuned
8,18,21.833,250,IVF,tuned
8,26,28.0,250,IVF,tuned
8,32,28.416,250,IVF,tuned
8,11,20.958,250,IVF,tuned
8,27,27.875,250,IVF,tuned
8,7,28.167,250,IVF,tuned
8,15,21.708,250,IVF,tuned
8,1,18.292,250,IVF,tuned
8,22,28.5,250,IVF,tuned
8,28,29.625,250,IVF,tuned
8,19,29.5,250,IVF,tuned
8,23,37.875,250,IVF,tuned
8,0,26.0,250,IVF,tuned
8,24,32.834,250,IVF,tuned
8,29,17.958,250,IVF,tuned
8,2,21.458,250,IVF,tuned
8,31,22.333,250,IVF,tuned
8,5,17.75,250,IVF,tuned
8,4,18.083,250,IVF,tuned
8,10,21.708,250,IVF,tuned
8,6,23.167,250,IVF,tuned
8,17,20.834,250,IVF,tuned
8,30,24.667,250,IVF,tuned
8,13,29.125,250,IVF,tuned
8,3,25.458,250,IVF,tuned
8,14,22.583,250,IVF,tuned
8,12,22.333,250,IVF,tuned
8,20,19.167,250,IVF,tuned
8,21,25.791,250,IVF,tuned
8,9,24.25,250,IVF,tuned
9,30,32.334,250,IVF,tuned
9,6,22.5,250,IVF,tuned
9,28,42.958,250,IVF,tuned
9,7,28.291,250,IVF,tuned
9,10,22.25,250,IVF,tuned
9,24,27.959,250,IVF,tuned
9,13,28.834,250,IVF,tuned
9,14,17.958,250,IVF,tuned
9,33,22.666,250,IVF,tuned
9,25,35.834,250,IVF,tuned
9,0,32.791,250,IVF,tuned
9,19,21.458,250,IVF,tuned
9,4,18.208,250,IVF,tuned
9,12,22.291,250,IVF,tuned
9,5,17.666,250,IVF,tuned
9,9,24.417,250,IVF,tuned
9,11,21.125,250,IVF,tuned
9,3,25.458,250,IVF,tuned
9,16,21.167,250,IVF,tuned
9,26,28.166,250,IVF,tuned
9,20,18.792,250,IVF,tuned
9,29,17.875,250,IVF,tuned
9,2,21.333,250,IVF,tuned
9,22,28.208,250,IVF,tuned
9,27,28.041,250,IVF,tuned
9,23,28.916,250,IVF,tuned
9,1,18.041,250,IVF,tuned
9,15,21.333,250,IVF,tuned
9,8,22.458,250,IVF,tuned
9,17,21.666,250,IVF,tuned
9,31,22.541,250,IVF,tuned
9,32,28.833,250,IVF,tuned
9,18,21.875,250,IVF,tuned
9,21,25.75,250,IVF,tuned
10,13,29.709,250,IVF,tuned
10,20,18.75,250,IVF,tuned
10,28,29.417,250,IVF,tuned
10,0,25.959,250,IVF,tuned
10,30,24.542,250,IVF,tuned
10,16,33.834,250,IVF,tuned
10,27,28.042,250,IVF,tuned
10,32,28.708,250,IVF,tuned
10,12,25.417,250,IVF,tuned
10,1,18.25,250,IVF,tuned
10,2,21.541,250,IVF,tuned
10,19,21.458,250,IVF,tuned
10,6,22.583,250,IVF,tuned
10,33,22.625,250,IVF,tuned
10,15,21.25,250,IVF,tuned
10,7,29.041,250,IVF,tuned
10,8,22.5,250,IVF,tuned
10,23,52.167,250,IVF,tuned
10,5,17.875,250,IVF,tuned
10,25,28.125,250,IVF,tuned
10,21,25.709,250,IVF,tuned
10,18,21.875,250,IVF,tuned
10,10,21.958,250,IVF,tuned
10,9,24.417,250,IVF,tuned
10,29,17.958,250,IVF,tuned
10,22,28.291,250,IVF,tuned
10,17,20.958,250,IVF,tuned
10,24,27.916,250,IVF,tuned
10,31,22.292,250,IVF,tuned
10,3,25.709,250,IVF,tuned
10,4,18.292,250,IVF,tuned
10,26,28.25,250,IVF,tuned
10,11,20.833,250,IVF,tuned
10,14,18.125,250,IVF,tuned
0,10,56.083,430,Flat,tuned
0,33,55.125,430,Flat,tuned
0,24,58.708,430,Flat,tuned
0,5,54.125,430,Flat,tuned
0,29,58.291,430,Flat,tuned
0,19,56.875,430,Flat,tuned
0,7,64.167,430,Flat,tuned
0,20,55.5,430,Flat,tuned
0,28,56.25,430,Flat,tuned
0,18,58.125,430,Flat,tuned
0,23,59.083,430,Flat,tuned
0,30,57.875,430,Flat,tuned
0,22,58.5,430,Flat,tuned
0,6,55.5,430,Flat,tuned
0,25,58.584,430,Flat,tuned
0,16,56.167,430,Flat,tuned
0,9,55.75,430,Flat,tuned
0,26,58.916,430,Flat,tuned
0,3,59.208,430,Flat,tuned
0,0,58.0,430,Flat,tuned
0,15,56.084,430,Flat,tuned
0,17,57.5,430,Flat,tuned
0,27,55.25,430,Flat,tuned
0,12,64.0,430,Flat,tuned
0,21,61.0,430,Flat,tuned
0,11,57.125,430,Flat,tuned
0,14,56.958,430,Flat,tuned
0,32,58.292,430,Flat,tuned
0,2,56.042,430,Flat,tuned
0,4,57.291,430,Flat,tuned
0,31,57.917,430,Flat,tuned
0,1,59.375,430,Flat,tuned
0,13,56.834,430,Flat,tuned
0,8,57.459,430,Flat,tuned
1,33,55.75,430,Flat,tuned
1,10,56.083,430,Flat,tuned
1,18,58.084,430,Flat,tuned
1,26,65.041,430,Flat,tuned
1,7,55.917,430,Flat,tuned
1,17,56.959,430,Flat,tuned
1,25,57.75,430,Flat,tuned
1,12,56.792,430,Flat,tuned
1,8,56.375,430,Flat,tuned
1,6,55.291,430,Flat,tuned
1,22,58.541,430,Flat,tuned
1,5,60.916,430,Flat,tuned
1,1,57.541,430,Flat,tuned
1,27,55.541,430,Flat,tuned
1,32,58.0,430,Flat,tuned
1,21,66.25,430,Flat,tuned
1,3,66.458,430,Flat,tuned
1,20,55.833,430,Flat,tuned
1,14,56.917,430,Flat,tuned
1,19,62.25,430,Flat,tuned
1,11,57.291,430,Flat,tuned
1,2,55.416,430,Flat,tuned
1,0,58.166,430,Flat,tuned
1,24,59.292,430,Flat,tuned
1,29,59.416,430,Flat,tuned
1,4,57.208,430,Flat,tuned
1,30,66.084,430,Flat,tuned
1,15,55.791,430,Flat,tuned
1,16,55.708,430,Flat,tuned
1,23,59.417,430,Flat,tuned
1,28,62.834,430,Flat,tuned
1,13,56.792,430,Flat,tuned
1,9,79.583,430,Flat,tuned
1,31,59.209,430,Flat,tuned
2,15,56.25,430,Flat,tuned
2,16,55.417,430,Flat,tuned
2,2,55.166,430,Flat,tuned
2,25,72.083,430,Flat,tuned
2,8,56.625,430,Flat,tuned
2,23,58.458,430,Flat,tuned
2,6,54.833,430,Flat,tuned
2,26,58.25,430,Flat,tuned
2,4,63.542,430,Flat,tuned
2,9,55.25,430,Flat,tuned
2,12,56.791,430,Flat,tuned
2,19,56.541,430,Flat,tuned
2,14,56.875,430,Flat,tuned
2,18,58.291,430,Flat,tuned
2,13,56.625,430,Flat,tuned
2,11,56.458,430,Flat,tuned
2,33,55.25,430,Flat,tuned
2,3,58.875,430,Flat,tuned
2,7,56.042,430,Flat,tuned
2,5,53.792,430,Flat,tuned
2,24,59.041,430,Flat,tuned
2,17,57.042,430,Flat,tuned
2,0,58.209,430,Flat,tuned
2,22,58.083,430,Flat,tuned
2,30,57.75,430,Flat,tuned
2,27,62.958,430,Flat,tuned
2,28,56.291,430,Flat,tuned
2,10,54.875,430,Flat,tuned
2,20,55.334,430,Flat,tuned
2,21,60.667,430,Flat,tuned
2,29,58.667,430,Flat,tuned
2,32,57.625,430,Flat,tuned
2,31,57.583,430,Flat,tuned
2,1,57.75,430,Flat,tuned
3,4,56.375,430,Flat,tuned
3,0,65.083,430,Flat,tuned
3,11,56.708,430,Flat,tuned
3,6,54.416,430,Flat,tuned
3,31,56.25,430,Flat,tuned
3,20,54.875,430,Flat,tuned
3,8,56.375,430,Flat,tuned
3,2,55.083,430,Flat,tuned
3,32,57.166,430,Flat,tuned
3,25,57.208,430,Flat,tuned
3,13,55.791,430,Flat,tuned
3,21,59.583,430,Flat,tuned
3,30,57.417,430,Flat,tuned
3,15,55.625,430,Flat,tuned
3,33,54.791,430,Flat,tuned
3,28,55.75,430,Flat,tuned
3,3,59.084,430,Flat,tuned
3,5,53.708,430,Flat,tuned
3,16,55.167,430,Flat,tuned
3,9,62.042,430,Flat,tuned
3,17,57.291,430,Flat,tuned
3,1,57.458,430,Flat,tuned
3,27,55.334,430,Flat,tuned
3,22,58.0,430,Flat,tuned
3,7,55.875,430,Flat,tuned
3,29,58.084,430,Flat,tuned
3,24,58.875,430,Flat,tuned
3,12,57.0,430,Flat,tuned
3,23,59.125,430,Flat,tuned
3,14,56.958,430,Flat,tuned
3,18,58.333,430,Flat,tuned
3,10,54.833,430,Flat,tuned
3,19,56.458,430,Flat,tuned
3,26,58.667,430,Flat,tuned
4,31,57.459,430,Flat,tuned
4,6,54.291,430,Flat,tuned
4,7,70.0,430,Flat,tuned
4,13,55.875,430,Flat,tuned
4,28,55.583,430,Flat,tuned
4,25,56.958,430,Flat,tuned
4,5,53.542,430,Flat,tuned
4,23,58.25,430,Flat,tuned
4,8,56.542,430,Flat,tuned
4,15,66.916,430,Flat,tuned
4,29,58.333,430,Flat,tuned
4,3,58.333,430,Flat,tuned
4,1,65.209,430,Flat,tuned
4,32,57.459,430,Flat,tuned
4,30,57.334,430,Flat,tuned
4,0,57.667,430,Flat,tuned
4,4,56.0,430,Flat,tuned
4,19,56.167,430,Flat,tuned
4,16,55.333,430,Flat,tuned
4,18,57.834,430,Flat,tuned
4,9,54.834,430,Flat,tuned
4,2,54.708,430,Flat,tuned
4,20,55.125,430,Flat,tuned
4,27,55.459,430,Flat,tuned
4,22,57.875,430,Flat,tuned
4,11,56.584,430,Flat,tuned
4,17,56.375,430,Flat,tuned
4,10,54.416,430,Flat,tuned
4,33,54.625,430,Flat,tuned
4,24,58.75,430,Flat,tuned
4,12,64.167,430,Flat,tuned
4,14,57.0,430,Flat,tuned
4,21,60.833,430,Flat,tuned
4,26,58.542,430,Flat,tuned
5,6,54.916,430,Flat,tuned
5,33,54.667,430,Flat,tuned
5,7,55.25,430,Flat,tuned
5,32,57.583,430,Flat,tuned
5,26,57.375,430,Flat,tuned
5,22,57.75,430,Flat,tuned
5,24,66.791,430,Flat,tuned
5,15,55.75,430,Flat,tuned
5,30,57.541,430,Flat,tuned
5,31,56.542,430,Flat,tuned
5,23,58.833,430,Flat,tuned
5,20,54.917,430,Flat,tuned
5,14,56.584,430,Flat,tuned
5,18,57.75,430,Flat,tuned
5,11,56.375,430,Flat,tuned
5,12,56.583,430,Flat,tuned
5,2,55.208,430,Flat,tuned
5,25,57.083,430,Flat,tuned
5,10,54.75,430,Flat,tuned
5,9,54.833,430,Flat,tuned
5,21,59.75,430,Flat,tuned
5,17,57.0,430,Flat,tuned
5,4,56.083,430,Flat,tuned
5,16,62.75,430,Flat,tuned
5,1,58.084,430,Flat,tuned
5,29,58.625,430,Flat,tuned
5,3,58.75,430,Flat,tuned
5,0,57.75,430,Flat,tuned
5,19,56.292,430,Flat,tuned
5,28,55.5,430,Flat,tuned
5,8,55.958,430,Flat,tuned
5,27,55.667,430,Flat,tuned
5,5,53.917,430,Flat,tuned
5,13,56.375,430,Flat,tuned
6,33,55.75,430,Flat,tuned
6,21,59.542,430,Flat,tuned
6,6,54.292,430,Flat,tuned
6,3,58.792,430,Flat,tuned
6,25,57.333,430,Flat,tuned
6,19,56.416,430,Flat,tuned
6,29,58.292,430,Flat,tuned
6,23,58.5,430,Flat,tuned
6,9,54.708,430,Flat,tuned
6,11,56.292,430,Flat,tuned
6,8,56.416,430,Flat,tuned
6,27,55.583,430,Flat,tuned
6,28,55.541,430,Flat,tuned
6,10,54.5,430,Flat,tuned
6,4,56.125,430,Flat,tuned
6,18,57.75,430,Flat,tuned
6,7,55.583,430,Flat,tuned
6,1,64.708,430,Flat,tuned
6,0,57.959,430,Flat,tuned
6,15,55.333,430,Flat,tuned
6,20,54.958,430,Flat,tuned
6,32,57.166,430,Flat,tuned
6,16,55.167,430,Flat,tuned
6,12,56.708,430,Flat,tuned
6,26,57.583,430,Flat,tuned
6,24,58.542,430,Flat,tuned
6,17,56.416,430,Flat,tuned
6,22,58.417,430,Flat,tuned
6,5,53.834,430,Flat,tuned
6,30,57.458,430,Flat,tuned
6,2,55.125,430,Flat,tuned
6,31,56.708,430,Flat,tuned
6,14,56.417,430,Flat,tuned
6,13,56.334,430,Flat,tuned
7,20,55.125,430,Flat,tuned
7,16,55.25,430,Flat,tuned
7,2,54.791,430,Flat,tuned
7,12,56.708,430,Flat,tuned
7,29,57.833,430,Flat,tuned
7,10,54.291,430,Flat,tuned
7,22,57.75,430,Flat,tuned
7,4,55.917,430,Flat,tuned
7,0,57.625,430,Flat,tuned
7,23,58.75,430,Flat,tuned
7,19,55.959,430,Flat,tuned
7,33,62.458,430,Flat,tuned
7,15,55.875,430,Flat,tuned
7,26,57.542,430,Flat,tuned
7,28,55.542,430,Flat,tuned
7,18,57.5,430,Flat,tuned
7,24,58.875,430,Flat,tuned
7,3,58.792,430,Flat,tuned
7,8,56.25,430,Flat,tuned
7,11,56.583,430,Flat,tuned
7,7,55.208,430,Flat,tuned
7,5,53.625,430,Flat,tuned
7,1,57.875,430,Flat,tuned
7,32,56.875,430,Flat,tuned
7,27,55.666,430,Flat,tuned
7,17,56.583,430,Flat,tuned
7,9,54.708,430,Flat,tuned
7,25,57.334,430,Flat,tuned
7,13,63.292,430,Flat,tuned
7,21,60.834,430,Flat,tuned
7,30,57.417,430,Flat,tuned
7,31,57.0,430,Flat,tuned
7,6,54.291,430,Flat,tuned
7,14,56.625,430,Flat,tuned
8,16,55.833,430,Flat,tuned
8,8,56.541,430,Flat,tuned
8,33,55.25,430,Flat,tuned
8,25,56.959,430,Flat,tuned
8,18,57.875,430,Flat,tuned
8,26,65.5,430,Flat,tuned
8,32,57.667,430,Flat,tuned
8,11,55.916,430,Flat,tuned
8,27,55.375,430,Flat,tuned
8,7,55.375,430,Flat,tuned
8,15,55.416,430,Flat,tuned
8,1,57.125,430,Flat,tuned
8,22,57.917,430,Flat,tuned
8,28,55.541,430,Flat,tuned
8,19,56.333,430,Flat,tuned
8,23,58.334,430,Flat,tuned
8,0,57.292,430,Flat,tuned
8,24,58.542,430,Flat,tuned
8,29,57.959,430,Flat,tuned
8,2,55.0,430,Flat,tuned
8,31,56.375,430,Flat,tuned
8,5,53.959,430,Flat,tuned
8,4,63.334,430,Flat,tuned
8,10,54.791,430,Flat,tuned
8,6,54.334,430,Flat,tuned
8,17,56.583,430,Flat,tuned
8,30,57.333,430,Flat,tuned
8,13,55.875,430,Flat,tuned
8,3,58.667,430,Flat,tuned
8,14,56.75,430,Flat,tuned
8,12,56.875,430,Flat,tuned
8,20,54.917,430,Flat,tuned
8,21,59.959,430,Flat,tuned
8,9,54.875,430,Flat,tuned
9,30,57.542,430,Flat,tuned
9,6,54.25,430,Flat,tuned
9,28,55.541,430,Flat,tuned
9,7,55.625,430,Flat,tuned
9,10,54.25,430,Flat,tuned
9,24,58.834,430,Flat,tuned
9,13,55.417,430,Flat,tuned
9,14,56.417,430,Flat,tuned
9,33,54.875,430,Flat,tuned
9,25,56.959,430,Flat,tuned
9,0,57.542,430,Flat,tuned
9,19,56.417,430,Flat,tuned
9,4,56.875,430,Flat,tuned
9,12,57.458,430,Flat,tuned
9,5,54.0,430,Flat,tuned
9,9,54.625,430,Flat,tuned
9,11,65.167,430,Flat,tuned
9,3,58.75,430,Flat,tuned
9,16,56.625,430,Flat,tuned
9,26,58.0,430,Flat,tuned
9,20,55.584,430,Flat,tuned
9,29,59.209,430,Flat,tuned
9,2,54.625,430,Flat,tuned
9,22,57.833,430,Flat,tuned
9,27,55.75,430,Flat,tuned
9,23,58.917,430,Flat,tuned
9,1,58.0,430,Flat,tuned
9,15,55.542,430,Flat,tuned
9,8,56.333,430,Flat,tuned
9,17,56.583,430,Flat,tuned
9,31,56.917,430,Flat,tuned
9,32,57.084,430,Flat,tuned
9,18,57.75,430,Flat,tuned
9,21,60.459,430,Flat,tuned
10,13,58.334,430,Flat,tuned
10,20,55.333,430,Flat,tuned
10,28,55.75,430,Flat,tuned
10,0,57.709,430,Flat,tuned
10,30,57.542,430,Flat,tuned
10,16,55.834,430,Flat,tuned
10,27,55.292,430,Flat,tuned
10,32,57.291,430,Flat,tuned
10,12,56.666,430,Flat,tuned
10,1,57.875,430,Flat,tuned
10,2,66.417,430,Flat,tuned
10,19,57.292,430,Flat,tuned
10,6,54.291,430,Flat,tuned
10,33,55.5,430,Flat,tuned
10,15,55.667,430,Flat,tuned
10,7,55.709,430,Flat,tuned
10,8,56.375,430,Flat,tuned
10,23,58.375,430,Flat,tuned
10,5,54.041,430,Flat,tuned
10,25,57.583,430,Flat,tuned
10,21,60.333,430,Flat,tuned
10,18,57.833,430,Flat,tuned
10,10,55.292,430,Flat,tuned
10,9,54.959,430,Flat,tuned
10,29,58.917,430,Flat,tuned
10,22,58.041,430,Flat,tuned
10,17,57.083,430,Flat,tuned
10,24,66.542,430,Flat,tuned
10,31,57.083,430,Flat,tuned
10,3,59.125,430,Flat,tuned
10,4,56.542,430,Flat,tuned
10,26,57.958,430,Flat,tuned
10,11,56.791,430,Flat,tuned
10,14,58.0,430,Flat,tuned
0,10,16.708,430,HNSW,tuned
0,33,16.416,430,HNSW,tuned
0,24,14.584,430,HNSW,tuned
0,5,16.625,430,HNSW,tuned
0,29,14.75,430,HNSW,tuned
0,19,17.083,430,HNSW,tuned
0,7,16.125,430,HNSW,tuned
0,20,18.292,430,HNSW,tuned
0,28,26.833,430,HNSW,tuned
0,18,17.459,430,HNSW,tuned
0,23,15.458,430,HNSW,tuned
0,30,12.875,430,HNSW,tuned
0,22,17.375,430,HNSW,tuned
0,6,16.625,430,HNSW,tuned
0,25,15.5,430,HNSW,tuned
0,16,20.125,430,HNSW,tuned
0,9,16.0,430,HNSW,tuned
0,26,18.125,430,HNSW,tuned
0,3,16.208,430,HNSW,tuned
0,0,21.167,430,HNSW,tuned
0,15,17.625,430,HNSW,tuned
0,17,19.583,430,HNSW,tuned
0,27,17.833,430,HNSW,tuned
0,12,17.75,430,HNSW,tuned
0,21,19.542,430,HNSW,tuned
0,11,19.292,430,HNSW,tuned
0,14,17.625,430,HNSW,tuned
0,32,17.916,430,HNSW,tuned
0,2,17.625,430,HNSW,tuned
0,4,16.708,430,HNSW,tuned
0,31,20.833,430,HNSW,tuned
0,1,14.916,430,HNSW,tuned
0,13,20.5,430,HNSW,tuned
0,8,19.833,430,HNSW,tuned
1,33,16.25,430,HNSW,tuned
1,10,15.916,430,HNSW,tuned
1,18,16.958,430,HNSW,tuned
1,26,17.625,430,HNSW,tuned
1,7,15.583,430,HNSW,tuned
1,17,26.583,430,HNSW,tuned
1,25,15.959,430,HNSW,tuned
1,12,17.167,430,HNSW,tuned
1,8,18.958,430,HNSW,tuned
1,6,15.666,430,HNSW,tuned
1,22,16.959,430,HNSW,tuned
1,5,16.458,430,HNSW,tuned
1,1,14.292,430,HNSW,tuned
1,27,17.542,430,HNSW,tuned
1,32,17.125,430,HNSW,tuned
1,21,18.708,430,HNSW,tuned
1,3,15.958,430,HNSW,tuned
1,20,18.292,430,HNSW,tuned
1,14,16.666,430,HNSW,tuned
1,19,17.208,430,HNSW,tuned
1,11,18.542,430,HNSW,tuned
1,2,16.334,430,HNSW,tuned
1,0,20.458,430,HNSW,tuned
1,24,14.542,430,HNSW,tuned
1,29,14.791,430,HNSW,tuned
1,4,15.917,430,HNSW,tuned
1,30,13.125,430,HNSW,tuned
1,15,16.958,430,HNSW,tuned
1,16,20.0,430,HNSW,tuned
1,23,15.666,430,HNSW,tuned
1,28,18.291,430,HNSW,tuned
1,13,19.5,430,HNSW,tuned
1,9,15.375,430,HNSW,tuned
1,31,20.625,430,HNSW,tuned
2,15,17.25,430,HNSW,tuned
2,16,19.125,430,HNSW,tuned
2,2,16.625,430,HNSW,tuned
2,25,16.083,430,HNSW,tuned
2,8,18.875,430,HNSW,tuned
2,23,15.458,430,HNSW,tuned
2,6,16.0,430,HNSW,tuned
2,26,17.917,430,HNSW,tuned
2,4,16.042,430,HNSW,tuned
2,9,15.291,430,HNSW,tuned
2,12,17.084,430,HNSW,tuned
2,19,16.792,430,HNSW,tuned
2,14,16.708,430,HNSW,tuned
2,18,16.708,430,HNSW,tuned
2,13,19.375,430,HNSW,tuned
2,11,18.209,430,HNSW,tuned
2,33,16.708,430,HNSW,tuned
2,3,15.834,430,HNSW,tuned
2,7,15.333,430,HNSW,tuned
2,5,16.25,430,HNSW,tuned
2,24,14.458,430,HNSW,tuned
2,17,18.666,430,HNSW,tuned
2,0,20.5,430,HNSW,tuned
2,22,17.083,430,HNSW,tuned
2,30,12.917,430,HNSW,tuned
2,27,17.417,430,HNSW,tuned
2,28,18.25,430,HNSW,tuned
2,10,15.667,430,HNSW,tuned
2,20,18.083,430,HNSW,tuned
2,21,18.708,430,HNSW,tuned
2,29,14.917,430,HNSW,tuned
2,32,17.0,430,HNSW,tuned
2,31,20.542,430,HNSW,tuned
2,1,14.458,430,HNSW,tuned
3,4,16.25,430,HNSW,tuned
3,0,19.834,430,HNSW,tuned
3,11,18.042,430,HNSW,tuned
3,6,21.125,430,HNSW,tuned
3,31,19.792,430,HNSW,tuned
3,20,17.417,430,HNSW,tuned
3,8,18.5,430,HNSW,tuned
3,2,16.166,430,HNSW,tuned
3,32,16.458,430,HNSW,tuned
3,25,15.125,430,HNSW,tuned
3,13,19.042,430,HNSW,tuned
3,21,18.292,430,HNSW,tuned
3,30,12.583,430,HNSW,tuned
3,15,16.709,430,HNSW,tuned
3,33,16.25,430,HNSW,tuned
3,28,18.125,430,HNSW,tuned
3,3,15.291,430,HNSW,tuned
3,5,15.875,430,HNSW,tuned
3,16,19.042,430,HNSW,tuned
3,9,15.084,430,HNSW,tuned
3,17,18.5,430,HNSW,tuned
3,1,13.75,430,HNSW,tuned
3,27,17.208,430,HNSW,tuned
3,22,17.083,430,HNSW,tuned
3,7,15.166,430,HNSW,tuned
3,29,14.833,430,HNSW,tuned
3,24,14.417,430,HNSW,tuned
3,12,17.0,430,HNSW,tuned
3,23,15.125,430,HNSW,tuned
3,14,16.291,430,HNSW,tuned
3,18,16.625,430,HNSW,tuned
3,10,15.5,430,HNSW,tuned
3,19,16.5,430,HNSW,tuned
3,26,17.458,430,HNSW,tuned
4,31,19.5,430,HNSW,tuned
4,6,15.667,430,HNSW,tuned
4,7,15.208,430,HNSW,tuned
4,13,18.625,430,HNSW,tuned
4,28,17.75,430,HNSW,tuned
4,25,15.042,430,HNSW,tuned
4,5,15.583,430,HNSW,tuned
4,23,14.916,430,HNSW,tuned
4,8,18.292,430,HNSW,tuned
4,15,16.583,430,HNSW,tuned
4,29,14.583,430,HNSW,tuned
4,3,15.25,430,HNSW,tuned
4,1,13.667,430,HNSW,tuned
4,32,16.417,430,HNSW,tuned
4,30,12.5,430,HNSW,tuned
4,0,19.459,430,HNSW,tuned
4,4,15.708,430,HNSW,tuned
4,19,16.375,430,HNSW,tuned
4,16,18.791,430,HNSW,tuned
4,18,16.417,430,HNSW,tuned
4,9,14.875,430,HNSW,tuned
4,2,16.083,430,HNSW,tuned
4,20,17.209,430,HNSW,tuned
4,27,17.166,430,HNSW,tuned
4,22,17.0,430,HNSW,tuned
4,11,17.875,430,HNSW,tuned
4,17,18.375,430,HNSW,tuned
4,10,15.292,430,HNSW,tuned
4,33,16.208,430,HNSW,tuned
4,24,14.375,430,HNSW,tuned
4,12,16.708,430,HNSW,tuned
4,14,16.25,430,HNSW,tuned
4,21,18.208,430,HNSW,tuned
4,26,17.458,430,HNSW,tuned
5,6,15.959,430,HNSW,tuned
5,33,15.833,430,HNSW,tuned
5,7,15.209,430,HNSW,tuned
5,32,16.125,430,HNSW,tuned
5,26,17.0,430,HNSW,tuned
5,22,16.625,430,HNSW,tuned
5,24,14.041,430,HNSW,tuned
5,15,16.667,430,HNSW,tuned
5,30,12.292,430,HNSW,tuned
5,31,19.0,430,HNSW,tuned
5,23,14.791,430,HNSW,tuned
5,20,17.417,430,HNSW,tuned
5,14,16.333,430,HNSW,tuned
5,18,16.375,430,HNSW,tuned
5,11,17.875,430,HNSW,tuned
5,12,16.708,430,HNSW,tuned
5,2,15.75,430,HNSW,tuned
5,25,15.083,430,HNSW,tuned
5,10,15.5,430,HNSW,tuned
5,9,15.583,430,HNSW,tuned
5,21,18.792,430,HNSW,tuned
5,17,18.042,430,HNSW,tuned
5,4,15.625,430,HNSW,tuned
5,16,19.333,430,HNSW,tuned
5,1,19.709,430,HNSW,tuned
5,29,19.5,430,HNSW,tuned
5,3,19.916,430,HNSW,tuned
5,0,19.5,430,HNSW,tuned
5,19,21.834,430,HNSW,tuned
5,28,17.958,430,HNSW,tuned
5,8,18.375,430,HNSW,tuned
5,27,17.125,430,HNSW,tuned
5,5,15.75,430,HNSW,tuned
5,13,18.709,430,HNSW,tuned
6,33,16.416,430,HNSW,tuned
6,21,18.083,430,HNSW,tuned
6,6,15.75,430,HNSW,tuned
6,3,15.084,430,HNSW,tuned
6,25,15.042,430,HNSW,tuned
6,19,16.167,430,HNSW,tuned
6,29,14.583,430,HNSW,tuned
6,23,15.0,430,HNSW,tuned
6,9,14.875,430,HNSW,tuned
6,11,18.083,430,HNSW,tuned
6,8,18.209,430,HNSW,tuned
6,27,16.75,430,HNSW,tuned
6,28,17.958,430,HNSW,tuned
6,10,15.208,430,HNSW,tuned
6,4,15.375,430,HNSW,tuned
6,18,16.292,430,HNSW,tuned
6,7,15.166,430,HNSW,tuned
6,1,13.625,430,HNSW,tuned
6,0,19.083,430,HNSW,tuned
6,15,16.333,430,HNSW,tuned
6,20,17.375,430,HNSW,tuned
6,32,16.583,430,HNSW,tuned
6,16,19.042,430,HNSW,tuned
6,12,16.959,430,HNSW,tuned
6,26,17.417,430,HNSW,tuned
6,24,14.125,430,HNSW,tuned
6,17,18.167,430,HNSW,tuned
6,22,16.958,430,HNSW,tuned
6,5,15.458,430,HNSW,tuned
6,30,12.75,430,HNSW,tuned
6,2,15.916,430,HNSW,tuned
6,31,19.75,430,HNSW,tuned
6,14,16.417,430,HNSW,tuned
6,13,18.625,430,HNSW,tuned
7,20,17.792,430,HNSW,tuned
7,16,18.75,430,HNSW,tuned
7,2,15.583,430,HNSW,tuned
7,12,16.416,430,HNSW,tuned
7,29,14.5,430,HNSW,tuned
7,10,15.25,430,HNSW,tuned
7,22,16.667,430,HNSW,tuned
7,4,15.333,430,HNSW,tuned
7,0,19.042,430,HNSW,tuned
7,23,15.292,430,HNSW,tuned
7,19,16.458,430,HNSW,tuned
7,33,16.417,430,HNSW,tuned
7,15,16.458,430,HNSW,tuned
7,26,17.417,430,HNSW,tuned
7,28,17.959,430,HNSW,tuned
7,18,16.333,430,HNSW,tuned
7,24,14.041,430,HNSW,tuned
7,3,15.167,430,HNSW,tuned
7,8,18.208,430,HNSW,tuned
7,11,17.834,430,HNSW,tuned
7,7,15.083,430,HNSW,tuned
7,5,15.25,430,HNSW,tuned
7,1,13.625,430,HNSW,tuned
7,32,16.417,430,HNSW,tuned
7,27,17.0,430,HNSW,tuned
7,17,18.125,430,HNSW,tuned
7,9,15.0,430,HNSW,tuned
7,25,15.125,430,HNSW,tuned
7,13,19.042,430,HNSW,tuned
7,21,18.083,430,HNSW,tuned
7,30,12.875,430,HNSW,tuned
7,31,19.917,430,HNSW,tuned
7,6,15.833,430,HNSW,tuned
7,14,16.292,430,HNSW,tuned
8,16,18.959,430,HNSW,tuned
8,8,18.25,430,HNSW,tuned
8,33,15.792,430,HNSW,tuned
8,25,15.084,430,HNSW,tuned
8,18,16.333,430,HNSW,tuned
8,26,17.333,430,HNSW,tuned
8,32,16.25,430,HNSW,tuned
8,11,18.125,430,HNSW,tuned
8,27,16.916,430,HNSW,tuned
8,7,15.25,430,HNSW,tuned
8,15,16.208,430,HNSW,tuned
8,1,13.875,430,HNSW,tuned
8,22,16.625,430,HNSW,tuned
8,28,18.0,430,HNSW,tuned
8,19,16.375,430,HNSW,tuned
8,23,15.0,430,HNSW,tuned
8,0,19.459,430,HNSW,tuned
8,24,14.125,430,HNSW,tuned
8,29,14.583,430,HNSW,tuned
8,2,15.75,430,HNSW,tuned
8,31,19.542,430,HNSW,tuned
8,5,15.416,430,HNSW,tuned
8,4,15.667,430,HNSW,tuned
8,10,15.084,430,HNSW,tuned
8,6,15.083,430,HNSW,tuned
8,17,18.208,430,HNSW,tuned
8,30,12.75,430,HNSW,tuned
8,13,18.75,430,HNSW,tuned
8,3,15.5,430,HNSW,tuned
8,14,16.333,430,HNSW,tuned
8,12,16.625,430,HNSW,tuned
8,20,17.334,430,HNSW,tuned
8,21,18.0,430,HNSW,tuned
8,9,14.709,430,HNSW,tuned
9,30,12.958,430,HNSW,tuned
9,6,15.167,430,HNSW,tuned
9,28,17.541,430,HNSW,tuned
9,7,15.208,430,HNSW,tuned
9,10,15.125,430,HNSW,tuned
9,24,14.167,430,HNSW,tuned
9,13,18.75,430,HNSW,tuned
9,14,16.375,430,HNSW,tuned
9,33,16.042,430,HNSW,tuned
9,25,15.083,430,HNSW,tuned
9,0,19.333,430,HNSW,tuned
9,19,16.167,430,HNSW,tuned
9,4,15.292,430,HNSW,tuned
9,12,16.5,430,HNSW,tuned
9,5,15.458,430,HNSW,tuned
9,9,14.667,430,HNSW,tuned
9,11,17.875,430,HNSW,tuned
9,3,15.208,430,HNSW,tuned
9,16,18.625,430,HNSW,tuned
9,26,17.208,430,HNSW,tuned
9,20,17.375,430,HNSW,tuned
9,29,14.667,430,HNSW,tuned
9,2,15.833,430,HNSW,tuned
9,22,16.625,430,HNSW,tuned
9,27,16.833,430,HNSW,tuned
9,23,15.5,430,HNSW,tuned
9,1,13.959,430,HNSW,tuned
9,15,16.25,430,HNSW,tuned
9,8,18.0,430,HNSW,tuned
9,17,18.125,430,HNSW,tuned
9,31,19.459,430,HNSW,tuned
9,32,16.875,430,HNSW,tuned
9,18,16.625,430,HNSW,tuned
9,21,18.041,430,HNSW,tuned
10,13,19.25,430,HNSW,tuned
10,20,17.333,430,HNSW,tuned
10,28,18.083,430,HNSW,tuned
10,0,19.25,430,HNSW,tuned
10,30,12.416,430,HNSW,tuned
10,16,18.667,430,HNSW,tuned
10,27,16.75,430,HNSW,tuned
10,32,16.541,430,HNSW,tuned
10,12,16.833,430,HNSW,tuned
10,1,13.625,430,HNSW,tuned
10,2,15.583,430,HNSW,tuned
10,19,16.166,430,HNSW,tuned
10,6,15.125,430,HNSW,tuned
10,33,16.0,430,HNSW,tuned
10,15,16.167,430,HNSW,tuned
10,7,15.0,430,HNSW,tuned
10,8,17.708,430,HNSW,tuned
10,23,15.167,430,HNSW,tuned
10,5,15.334,430,HNSW,tuned
10,25,15.0,430,HNSW,tuned
10,21,18.042,430,HNSW,tuned
10,18,16.375,430,HNSW,tuned
10,10,15.125,430,HNSW,tuned
10,9,14.459,430,HNSW,tuned
10,29,14.5,430,HNSW,tuned
10,22,16.791,430,HNSW,tuned
10,17,18.0,430,HNSW,tuned
10,24,14.541,430,HNSW,tuned
10,31,19.25,430,HNSW,tuned
10,3,15.209,430,HNSW,tuned
10,4,15.25,430,HNSW,tuned
10,26,17.292,430,HNSW,tuned
10,11,17.458,430,HNSW,tuned
10,14,16.541,430,HNSW,tuned
0,10,16.209,430,HNSW,fixed
0,33,16.125,430,HNSW,fixed
0,24,14.375,430,HNSW,fixed
0,5,16.75,430,HNSW,fixed
0,29,14.875,430,HNSW,fixed
0,19,17.083,430,HNSW,fixed
0,7,15.958,430,HNSW,fixed
0,20,18.125,430,HNSW,fixed
0,28,18.667,430,HNSW,fixed
0,18,16.708,430,HNSW,fixed
0,23,15.417,430,HNSW,fixed
0,30,13.125,430,HNSW,fixed
0,22,16.959,430,HNSW,fixed
0,6,16.0,430,HNSW,fixed
0,25,15.417,430,HNSW,fixed
0,16,20.292,430,HNSW,fixed
0,9,16.0,430,HNSW,fixed
0,26,17.583,430,HNSW,fixed
0,3,16.292,430,HNSW,fixed
0,0,21.042,430,HNSW,fixed
0,15,17.375,430,HNSW,fixed
0,17,19.5,430,HNSW,fixed
0,27,17.708,430,HNSW,fixed
0,12,17.333,430,HNSW,fixed
0,21,18.75,430,HNSW,fixed
0,11,18.834,430,HNSW,fixed
0,14,17.5,430,HNSW,fixed
0,32,17.5,430,HNSW,fixed
0,2,17.375,430,HNSW,fixed
0,4,16.667,430,HNSW,fixed
0,31,20.5,430,HNSW,fixed
0,1,15.167,430,HNSW,fixed
0,13,20.083,430,HNSW,fixed
0,8,19.375,430,HNSW,fixed
1,33,18.333,430,HNSW,fixed
1,10,15.833,430,HNSW,fixed
1,18,16.25,430,HNSW,fixed
1,26,17.166,430,HNSW,fixed
1,7,15.333,430,HNSW,fixed
1,17,18.334,430,HNSW,fixed
1,25,15.375,430,HNSW,fixed
1,12,16.625,430,HNSW,fixed
1,8,18.166,430,HNSW,fixed
1,6,15.375,430,HNSW,fixed
1,22,16.791,430,HNSW,fixed
1,5,16.375,430,HNSW,fixed
1,1,14.167,430,HNSW,fixed
1,27,17.5,430,HNSW,fixed
1,32,16.833,430,HNSW,fixed
1,21,18.25,430,HNSW,fixed
1,3,15.959,430,HNSW,fixed
1,20,17.875,430,HNSW,fixed
1,14,16.917,430,HNSW,fixed
1,19,16.875,430,HNSW,fixed
1,11,19.083,430,HNSW,fixed
1,2,16.25,430,HNSW,fixed
1,0,20.25,430,HNSW,fixed
1,24,14.333,430,HNSW,fixed
1,29,14.667,430,HNSW,fixed
1,4,15.542,430,HNSW,fixed
1,30,12.875,430,HNSW,fixed
1,15,16.75,430,HNSW,fixed
1,16,19.292,430,HNSW,fixed
1,23,15.5,430,HNSW,fixed
1,28,18.291,430,HNSW,fixed
1,13,19.042,430,HNSW,fixed
1,9,15.125,430,HNSW,fixed
1,31,20.291,430,HNSW,fixed
2,15,18.25,430,HNSW,fixed
2,16,18.917,430,HNSW,fixed
2,2,15.916,430,HNSW,fixed
2,25,15.292,430,HNSW,fixed
2,8,18.0,430,HNSW,fixed
2,23,15.042,430,HNSW,fixed
2,6,15.333,430,HNSW,fixed
2,26,17.25,430,HNSW,fixed
2,4,15.542,430,HNSW,fixed
2,9,14.916,430,HNSW,fixed
2,12,16.667,430,HNSW,fixed
2,19,16.667,430,HNSW,fixed
2,14,16.583,430,HNSW,fixed
2,18,16.542,430,HNSW,fixed
2,13,18.667,430,HNSW,fixed
2,11,18.875,430,HNSW,fixed
2,33,16.5,430,HNSW,fixed
2,3,15.708,430,HNSW,fixed
2,7,15.25,430,HNSW,fixed
2,5,16.042,430,HNSW,fixed
2,24,14.375,430,HNSW,fixed
2,17,18.084,430,HNSW,fixed
2,0,19.792,430,HNSW,fixed
2,22,16.834,430,HNSW,fixed
2,30,12.959,430,HNSW,fixed
2,27,17.375,430,HNSW,fixed
2,28,18.0,430,HNSW,fixed
2,10,15.583,430,HNSW,fixed
2,20,17.833,430,HNSW,fixed
2,21,18.083,430,HNSW,fixed
2,29,14.75,430,HNSW,fixed
2,32,16.833,430,HNSW,fixed
2,31,20.042,430,HNSW,fixed
2,1,14.25,430,HNSW,fixed
3,4,17.334,430,HNSW,fixed
3,0,19.458,430,HNSW,fixed
3,11,17.875,430,HNSW,fixed
3,6,15.25,430,HNSW,fixed
3,31,19.458,430,HNSW,fixed
3,20,17.75,430,HNSW,fixed
3,8,17.958,430,HNSW,fixed
3,2,16.0,430,HNSW,fixed
3,32,16.708,430,HNSW,fixed
3,25,15.458,430,HNSW,fixed
3,13,18.542,430,HNSW,fixed
3,21,18.0,430,HNSW,fixed
3,30,12.666,430,HNSW,fixed
3,15,16.25,430,HNSW,fixed
3,33,16.583,430,HNSW,fixed
3,28,18.041,430,HNSW,fixed
3,3,15.625,430,HNSW,fixed
3,5,15.833,430,HNSW,fixed
3,16,18.792,430,HNSW,fixed
3,9,14.667,430,HNSW,fixed
3,17,18.834,430,HNSW,fixed
3,1,14.208,430,HNSW,fixed
3,27,17.166,430,HNSW,fixed
3,22,16.666,430,HNSW,fixed
3,7,15.25,430,HNSW,fixed
3,29,14.625,430,HNSW,fixed
3,24,14.083,430,HNSW,fixed
3,12,16.583,430,HNSW,fixed
3,23,15.334,430,HNSW,fixed
3,14,16.625,430,HNSW,fixed
3,18,16.75,430,HNSW,fixed
3,10,15.5,430,HNSW,fixed
3,19,16.791,430,HNSW,fixed
3,26,17.375,430,HNSW,fixed
4,31,20.75,430,HNSW,fixed
4,6,15.5,430,HNSW,fixed
4,7,15.209,430,HNSW,fixed
4,13,18.667,430,HNSW,fixed
4,28,17.792,430,HNSW,fixed
4,25,15.333,430,HNSW,fixed
4,5,15.542,430,HNSW,fixed
4,23,14.916,430,HNSW,fixed
4,8,18.125,430,HNSW,fixed
4,15,16.375,430,HNSW,fixed
4,29,14.5,430,HNSW,fixed
4,3,15.666,430,HNSW,fixed
4,1,14.25,430,HNSW,fixed
4,32,16.875,430,HNSW,fixed
4,30,12.834,430,HNSW,fixed
4,0,19.5,430,HNSW,fixed
4,4,15.583,430,HNSW,fixed
4,19,17.042,430,HNSW,fixed
4,16,19.0,430,HNSW,fixed
4,18,16.542,430,HNSW,fixed
4,9,14.625,430,HNSW,fixed
4,2,15.875,430,HNSW,fixed
4,20,17.875,430,HNSW,fixed
4,27,17.0,430,HNSW,fixed
4,22,16.667,430,HNSW,fixed
4,11,17.958,430,HNSW,fixed
4,17,17.833,430,HNSW,fixed
4,10,15.292,430,HNSW,fixed
4,33,16.959,430,HNSW,fixed
4,24,14.084,430,HNSW,fixed
4,12,16.584,430,HNSW,fixed
4,14,16.709,430,HNSW,fixed
4,21,18.208,430,HNSW,fixed
4,26,30.042,430,HNSW,fixed
5,6,16.25,430,HNSW,fixed
5,33,16.542,430,HNSW,fixed
5,7,15.291,430,HNSW,fixed
5,32,16.333,430,HNSW,fixed
5,26,16.875,430,HNSW,fixed
5,22,16.708,430,HNSW,fixed
5,24,13.916,430,HNSW,fixed
5,15,16.417,430,HNSW,fixed
5,30,12.459,430,HNSW,fixed
5,31,18.917,430,HNSW,fixed
5,23,15.042,430,HNSW,fixed
5,20,17.584,430,HNSW,fixed
5,14,16.625,430,HNSW,fixed
5,18,16.459,430,HNSW,fixed
5,11,18.125,430,HNSW,fixed
5,12,16.625,430,HNSW,fixed
5,2,15.916,430,HNSW,fixed
5,25,15.333,430,HNSW,fixed
5,10,15.208,430,HNSW,fixed
5,9,14.5,430,HNSW,fixed
5,21,17.917,430,HNSW,fixed
5,17,17.917,430,HNSW,fixed
5,4,15.541,430,HNSW,fixed
5,16,18.75,430,HNSW,fixed
5,1,14.208,430,HNSW,fixed
5,29,14.334,430,HNSW,fixed
5,3,15.625,430,HNSW,fixed
5,0,19.333,430,HNSW,fixed
5,19,16.541,430,HNSW,fixed
5,28,17.916,430,HNSW,fixed
5,8,18.083,430,HNSW,fixed
5,27,17.75,430,HNSW,fixed
5,5,15.709,430,HNSW,fixed
5,13,18.417,430,HNSW,fixed
6,33,17.166,430,HNSW,fixed
6,21,18.167,430,HNSW,fixed
6,6,15.167,430,HNSW,fixed
6,3,15.417,430,HNSW,fixed
6,25,15.209,430,HNSW,fixed
6,19,16.417,430,HNSW,fixed
6,29,14.5,430,HNSW,fixed
6,23,15.0,430,HNSW,fixed
6,9,14.666,430,HNSW,fixed
6,11,18.042,430,HNSW,fixed
6,8,17.75,430,HNSW,fixed
6,27,16.667,430,HNSW,fixed
6,28,17.834,430,HNSW,fixed
6,10,15.292,430,HNSW,fixed
6,4,15.334,430,HNSW,fixed
6,18,16.375,430,HNSW,fixed
6,7,15.042,430,HNSW,fixed
6,1,14.083,430,HNSW,fixed
6,0,19.25,430,HNSW,fixed
6,15,16.416,430,HNSW,fixed
6,20,17.917,430,HNSW,fixed
6,32,16.709,430,HNSW,fixed
6,16,19.084,430,HNSW,fixed
6,12,16.667,430,HNSW,fixed
6,26,17.25,430,HNSW,fixed
6,24,14.334,430,HNSW,fixed
6,17,18.0,430,HNSW,fixed
6,22,16.958,430,HNSW,fixed
6,5,15.625,430,HNSW,fixed
6,30,12.959,430,HNSW,fixed
6,2,15.792,430,HNSW,fixed
6,31,19.458,430,HNSW,fixed
6,14,16.542,430,HNSW,fixed
6,13,18.292,430,HNSW,fixed
7,20,18.833,430,HNSW,fixed
7,16,18.833,430,HNSW,fixed
7,2,16.0,430,HNSW,fixed
7,12,16.625,430,HNSW,fixed
7,29,14.208,430,HNSW,fixed
7,10,15.208,430,HNSW,fixed
7,22,16.833,430,HNSW,fixed
7,4,15.208,430,HNSW,fixed
7,0,19.625,430,HNSW,fixed
7,23,15.125,430,HNSW,fixed
7,19,16.334,430,HNSW,fixed
7,33,16.625,430,HNSW,fixed
7,15,16.333,430,HNSW,fixed
7,26,17.125,430,HNSW,fixed
7,28,17.75,430,HNSW,fixed
7,18,16.417,430,HNSW,fixed
7,24,14.292,430,HNSW,fixed
7,3,15.375,430,HNSW,fixed
7,8,17.958,430,HNSW,fixed
7,11,17.875,430,HNSW,fixed
7,7,15.291,430,HNSW,fixed
7,5,15.541,430,HNSW,fixed
7,1,14.166,430,HNSW,fixed
7,32,16.708,430,HNSW,fixed
7,27,17.0,430,HNSW,fixed
7,17,17.958,430,HNSW,fixed
7,9,14.833,430,HNSW,fixed
7,25,15.375,430,HNSW,fixed
7,13,18.583,430,HNSW,fixed
7,21,18.25,430,HNSW,fixed
7,30,12.875,430,HNSW,fixed
7,31,19.084,430,HNSW,fixed
7,6,15.542,430,HNSW,fixed
7,14,16.625,430,HNSW,fixed
8,16,19.917,430,HNSW,fixed
8,8,17.875,430,HNSW,fixed
8,33,16.333,430,HNSW,fixed
8,25,15.416,430,HNSW,fixed
8,18,16.833,430,HNSW,fixed
8,26,17.0,430,HNSW,fixed
8,32,16.333,430,HNSW,fixed
8,11,17.833,430,HNSW,fixed
8,27,16.75,430,HNSW,fixed
8,7,15.208,430,HNSW,fixed
8,15,16.417,430,HNSW,fixed
8,1,14.083,430,HNSW,fixed
8,22,16.625,430,HNSW,fixed
8,28,17.708,430,HNSW,fixed
8,19,16.291,430,HNSW,fixed
8,23,15.084,430,HNSW,fixed
8,0,19.333,430,HNSW,fixed
8,24,14.5,430,HNSW,fixed
8,29,14.5,430,HNSW,fixed
8,2,15.583,430,HNSW,fixed
8,31,19.375,430,HNSW,fixed
8,5,15.375,430,HNSW,fixed
8,4,15.333,430,HNSW,fixed
8,10,15.125,430,HNSW,fixed
8,6,14.958,430,HNSW,fixed
8,17,17.833,430,HNSW,fixed
8,30,12.708,430,HNSW,fixed
8,13,18.416,430,HNSW,fixed
8,3,15.417,430,HNSW,fixed
8,14,16.542,430,HNSW,fixed
8,12,16.458,430,HNSW,fixed
8,20,17.75,430,HNSW,fixed
8,21,18.25,430,HNSW,fixed
8,9,14.584,430,HNSW,fixed
9,30,13.208,430,HNSW,fixed
9,6,14.916,430,HNSW,fixed
9,28,17.75,430,HNSW,fixed
9,7,15.333,430,HNSW,fixed
9,10,15.042,430,HNSW,fixed
9,24,14.0,430,HNSW,fixed
9,13,18.583,430,HNSW,fixed
9,14,16.375,430,HNSW,fixed
9,33,16.583,430,HNSW,fixed
9,25,15.292,430,HNSW,fixed
9,0,19.416,430,HNSW,fixed
9,19,16.125,430,HNSW,fixed
9,4,15.208,430,HNSW,fixed
9,12,16.459,430,HNSW,fixed
9,5,15.167,430,HNSW,fixed
9,9,14.5,430,HNSW,fixed
9,11,17.583,430,HNSW,fixed
9,3,15.25,430,HNSW,fixed
9,16,19.5,430,HNSW,fixed
9,26,17.042,430,HNSW,fixed
9,20,17.583,430,HNSW,fixed
9,29,14.458,430,HNSW,fixed
9,2,15.666,430,HNSW,fixed
9,22,16.583,430,HNSW,fixed
9,27,16.959,430,HNSW,fixed
9,23,15.167,430,HNSW,fixed
9,1,13.875,430,HNSW,fixed
9,15,16.25,430,HNSW,fixed
9,8,17.75,430,HNSW,fixed
9,17,17.875,430,HNSW,fixed
9,31,19.417,430,HNSW,fixed
9,32,16.667,430,HNSW,fixed
9,18,16.292,430,HNSW,fixed
9,21,18.167,430,HNSW,fixed
10,13,19.708,430,HNSW,fixed
10,20,17.75,430,HNSW,fixed
10,28,17.708,430,HNSW,fixed
10,0,19.75,430,HNSW,fixed
10,30,12.5,430,HNSW,fixed
10,16,18.541,430,HNSW,fixed
10,27,16.708,430,HNSW,fixed
10,32,28.166,430,HNSW,fixed
10,12,16.75,430,HNSW,fixed
10,1,14.167,430,HNSW,fixed
10,2,15.916,430,HNSW,fixed
10,19,16.375,430,HNSW,fixed
10,6,15.125,430,HNSW,fixed
10,33,16.833,430,HNSW,fixed
10,15,29.583,430,HNSW,fixed
10,7,15.416,430,HNSW,fixed
10,8,17.708,430,HNSW,fixed
10,23,15.166,430,HNSW,fixed
10,5,15.791,430,HNSW,fixed
10,25,15.292,430,HNSW,fixed
10,21,18.083,430,HNSW,fixed
10,18,16.083,430,HNSW,fixed
10,10,15.041,430,HNSW,fixed
10,9,14.291,430,HNSW,fixed
10,29,14.417,430,HNSW,fixed
10,22,16.625,430,HNSW,fixed
10,17,17.917,430,HNSW,fixed
10,24,14.042,430,HNSW,fixed
10,31,19.5,430,HNSW,fixed
10,3,15.833,430,HNSW,fixed
10,4,15.958,430,HNSW,fixed
10,26,17.292,430,HNSW,fixed
10,11,18.791,430,HNSW,fixed
10,14,16.583,430,HNSW,fixed
0,10,37.208,430,IVF,tuned
0,33,36.458,430,IVF,tuned
0,24,38.042,430,IVF,tuned
0,5,35.875,430,IVF,tuned
0,29,31.583,430,IVF,tuned
0,19,34.625,430,IVF,tuned
0,7,36.625,430,IVF,tuned
0,20,31.375,430,IVF,tuned
0,28,36.458,430,IVF,tuned
0,18,33.292,430,IVF,tuned
0,23,37.0,430,IVF,tuned
0,30,32.875,430,IVF,tuned
0,22,39.167,430,IVF,tuned
0,6,32.959,430,IVF,tuned
0,25,36.709,430,IVF,tuned
0,16,38.833,430,IVF,tuned
0,9,32.083,430,IVF,tuned
0,26,36.583,430,IVF,tuned
0,3,40.333,430,IVF,tuned
0,0,33.208,430,IVF,tuned
0,15,37.5,430,IVF,tuned
0,17,44.083,430,IVF,tuned
0,27,37.125,430,IVF,tuned
0,12,39.208,430,IVF,tuned
0,21,36.208,430,IVF,tuned
0,11,36.709,430,IVF,tuned
0,14,37.125,430,IVF,tuned
0,32,40.791,430,IVF,tuned
0,2,34.958,430,IVF,tuned
0,4,36.125,430,IVF,tuned
0,31,36.25,430,IVF,tuned
0,1,32.375,430,IVF,tuned
0,13,37.208,430,IVF,tuned
0,8,37.416,430,IVF,tuned
1,33,36.875,430,IVF,tuned
1,10,36.75,430,IVF,tuned
1,18,33.375,430,IVF,tuned
1,26,36.625,430,IVF,tuned
1,7,36.75,430,IVF,tuned
1,17,36.125,430,IVF,tuned
1,25,36.75,430,IVF,tuned
1,12,38.667,430,IVF,tuned
1,8,36.833,430,IVF,tuned
1,6,32.416,430,IVF,tuned
1,22,39.25,430,IVF,tuned
1,5,35.333,430,IVF,tuned
1,1,31.666,430,IVF,tuned
1,27,44.209,430,IVF,tuned
1,32,40.833,430,IVF,tuned
1,21,35.625,430,IVF,tuned
1,3,33.375,430,IVF,tuned
1,20,31.875,430,IVF,tuned
1,14,36.542,430,IVF,tuned
1,19,34.791,430,IVF,tuned
1,11,36.625,430,IVF,tuned
1,2,34.916,430,IVF,tuned
1,0,32.542,430,IVF,tuned
1,24,50.667,430,IVF,tuned
1,29,31.791,430,IVF,tuned
1,4,35.75,430,IVF,tuned
1,30,32.541,430,IVF,tuned
1,15,36.708,430,IVF,tuned
1,16,38.583,430,IVF,tuned
1,23,37.084,430,IVF,tuned
1,28,37.0,430,IVF,tuned
1,13,36.917,430,IVF,tuned
1,9,32.083,430,IVF,tuned
1,31,36.334,430,IVF,tuned
2,15,37.0,430,IVF,tuned
2,16,38.541,430,IVF,tuned
2,2,35.0,430,IVF,tuned
2,25,36.833,430,IVF,tuned
2,8,36.833,430,IVF,tuned
2,23,36.958,430,IVF,tuned
2,6,39.791,430,IVF,tuned
2,26,37.083,430,IVF,tuned
2,4,35.25,430,IVF,tuned
2,9,31.541,430,IVF,tuned
2,12,38.666,430,IVF,tuned
2,19,34.542,430,IVF,tuned
2,14,36.375,430,IVF,tuned
2,18,33.334,430,IVF,tuned
2,13,37.0,430,IVF,tuned
2,11,36.584,430,IVF,tuned
2,33,36.708,430,IVF,tuned
2,3,33.416,430,IVF,tuned
2,7,36.667,430,IVF,tuned
2,5,35.333,430,IVF,tuned
2,24,38.708,430,IVF,tuned
2,17,35.833,430,IVF,tuned
2,0,32.625,430,IVF,tuned
2,22,39.25,430,IVF,tuned
2,30,32.667,430,IVF,tuned
2,27,36.792,430,IVF,tuned
2,28,36.708,430,IVF,tuned
2,10,36.5,430,IVF,tuned
2,20,31.584,430,IVF,tuned
2,21,36.333,430,IVF,tuned
2,29,31.583,430,IVF,tuned
2,32,40.25,430,IVF,tuned
2,31,36.333,430,IVF,tuned
2,1,32.042,430,IVF,tuned
3,4,43.417,430,IVF,tuned
3,0,33.083,430,IVF,tuned
3,11,36.208,430,IVF,tuned
3,6,32.458,430,IVF,tuned
3,31,36.0,430,IVF,tuned
3,20,31.541,430,IVF,tuned
3,8,36.666,430,IVF,tuned
3,2,34.916,430,IVF,tuned
3,32,39.917,430,IVF,tuned
3,25,37.083,430,IVF,tuned
3,13,36.541,430,IVF,tuned
3,21,35.916,430,IVF,tuned
3,30,32.583,430,IVF,tuned
3,15,36.167,430,IVF,tuned
3,33,36.75,430,IVF,tuned
3,28,36.458,430,IVF,tuned
3,3,33.333,430,IVF,tuned
3,5,35.458,430,IVF,tuned
3,16,38.458,430,IVF,tuned
3,9,31.625,430,IVF,tuned
3,17,35.833,430,IVF,tuned
3,1,31.75,430,IVF,tuned
3,27,36.625,430,IVF,tuned
3,22,38.834,430,IVF,tuned
3,7,36.833,430,IVF,tuned
3,29,31.292,430,IVF,tuned
3,24,38.417,430,IVF,tuned
3,12,38.583,430,IVF,tuned
3,23,43.834,430,IVF,tuned
3,14,36.833,430,IVF,tuned
3,18,32.958,430,IVF,tuned
3,10,36.625,430,IVF,tuned
3,19,34.583,430,IVF,tuned
3,26,36.583,430,IVF,tuned
4,31,36.833,430,IVF,tuned
4,6,32.292,430,IVF,tuned
4,7,36.792,430,IVF,tuned
4,13,47.708,430,IVF,tuned
4,28,36.375,430,IVF,tuned
4,25,36.5,430,IVF,tuned
4,5,47.167,430,IVF,tuned
4,23,36.666,430,IVF,tuned
4,8,36.916,430,IVF,tuned
4,15,35.958,430,IVF,tuned
4,29,31.583,430,IVF,tuned
4,3,32.917,430,IVF,tuned
4,1,31.959,430,IVF,tuned
4,32,40.167,430,IVF,tuned
4,30,32.292,430,IVF,tuned
4,0,32.375,430,IVF,tuned
4,4,35.208,430,IVF,tuned
4,19,34.458,430,IVF,tuned
4,16,50.75,430,IVF,tuned
4,18,33.166,430,IVF,tuned
4,9,31.333,430,IVF,tuned
4,2,42.291,430,IVF,tuned
4,20,31.833,430,IVF,tuned
4,27,36.167,430,IVF,tuned
4,22,38.834,430,IVF,tuned
4,11,36.375,430,IVF,tuned
4,17,36.166,430,IVF,tuned
4,10,36.625,430,IVF,tuned
4,33,36.25,430,IVF,tuned
4,24,38.583,430,IVF,tuned
4,12,38.333,430,IVF,tuned
4,14,36.834,430,IVF,tuned
4,21,36.334,430,IVF,tuned
4,26,36.458,430,IVF,tuned
5,6,33.375,430,IVF,tuned
5,33,36.208,430,IVF,tuned
5,7,36.792,430,IVF,tuned
5,32,40.083,430,IVF,tuned
5,26,36.292,430,IVF,tuned
5,22,38.709,430,IVF,tuned
5,24,38.167,430,IVF,tuned
5,15,35.875,430,IVF,tuned
5,30,32.333,430,IVF,tuned
5,31,36.166,430,IVF,tuned
5,23,36.333,430,IVF,tuned
5,20,31.666,430,IVF,tuned
5,14,36.083,430,IVF,tuned
5,18,33.25,430,IVF,tuned
5,11,36.459,430,IVF,tuned
5,12,45.833,430,IVF,tuned
5,2,35.083,430,IVF,tuned
5,25,36.625,430,IVF,tuned
5,10,36.542,430,IVF,tuned
5,9,31.459,430,IVF,tuned
5,21,36.0,430,IVF,tuned
5,17,35.916,430,IVF,tuned
5,4,34.958,430,IVF,tuned
5,16,38.166,430,IVF,tuned
5,1,31.75,430,IVF,tuned
5,29,31.208,430,IVF,tuned
5,3,33.208,430,IVF,tuned
5,0,32.583,430,IVF,tuned
5,19,34.417,430,IVF,tuned
5,28,36.459,430,IVF,tuned
5,8,36.875,430,IVF,tuned
5,27,36.583,430,IVF,tuned
5,5,35.542,430,IVF,tuned
5,13,36.916,430,IVF,tuned
6,33,36.917,430,IVF,tuned
6,21,36.125,430,IVF,tuned
6,6,32.292,430,IVF,tuned
6,3,32.834,430,IVF,tuned
6,25,36.584,430,IVF,tuned
6,19,34.0,430,IVF,tuned
6,29,31.167,430,IVF,tuned
6,23,36.375,430,IVF,tuned
6,9,31.667,430,IVF,tuned
6,11,36.416,430,IVF,tuned
6,8,44.333,430,IVF,tuned
6,27,36.542,430,IVF,tuned
6,28,36.5,430,IVF,tuned
6,10,36.416,430,IVF,tuned
6,4,35.25,430,IVF,tuned
6,18,33.084,430,IVF,tuned
6,7,36.917,430,IVF,tuned
6,1,31.834,430,IVF,tuned
6,0,32.833,430,IVF,tuned
6,15,35.958,430,IVF,tuned
6,20,31.75,430,IVF,tuned
6,32,48.5,430,IVF,tuned
6,16,44.208,430,IVF,tuned
6,12,44.5,430,IVF,tuned
6,26,44.875,430,IVF,tuned
6,24,38.417,430,IVF,tuned
6,17,36.042,430,IVF,tuned
6,22,39.0,430,IVF,tuned
6,5,35.166,430,IVF,tuned
6,30,32.417,430,IVF,tuned
6,2,34.458,430,IVF,tuned
6,31,36.25,430,IVF,tuned
6,14,36.0,430,IVF,tuned
6,13,36.875,430,IVF,tuned
7,20,32.0,430,IVF,tuned
7,16,38.167,430,IVF,tuned
7,2,41.917,430,IVF,tuned
7,12,44.583,430,IVF,tuned
7,29,31.041,430,IVF,tuned
7,10,36.583,430,IVF,tuned
7,22,38.792,430,IVF,tuned
7,4,35.167,430,IVF,tuned
7,0,32.416,430,IVF,tuned
7,23,36.666,430,IVF,tuned
7,19,34.167,430,IVF,tuned
7,33,36.125,430,IVF,tuned
7,15,36.25,430,IVF,tuned
7,26,36.042,430,IVF,tuned
7,28,37.125,430,IVF,tuned
7,18,32.917,430,IVF,tuned
7,24,44.167,430,IVF,tuned
7,3,40.25,430,IVF,tuned
7,8,36.833,430,IVF,tuned
7,11,43.875,430,IVF,tuned
7,7,43.333,430,IVF,tuned
7,5,35.208,430,IVF,tuned
7,1,32.0,430,IVF,tuned
7,32,40.25,430,IVF,tuned
7,27,36.167,430,IVF,tuned
7,17,39.084,430,IVF,tuned
7,9,31.542,430,IVF,tuned
7,25,43.791,430,IVF,tuned
7,13,42.75,430,IVF,tuned
7,21,35.833,430,IVF,tuned
7,30,32.459,430,IVF,tuned
7,31,36.334,430,IVF,tuned
7,6,32.459,430,IVF,tuned
7,14,36.0,430,IVF,tuned
8,16,38.708,430,IVF,tuned
8,8,37.208,430,IVF,tuned
8,33,36.167,430,IVF,tuned
8,25,36.708,430,IVF,tuned
8,18,40.208,430,IVF,tuned
8,26,36.125,430,IVF,tuned
8,32,40.083,430,IVF,tuned
8,11,36.458,430,IVF,tuned
8,27,36.084,430,IVF,tuned
8,7,43.958,430,IVF,tuned
8,15,36.125,430,IVF,tuned
8,1,38.125,430,IVF,tuned
8,22,38.625,430,IVF,tuned
8,28,36.333,430,IVF,tuned
8,19,34.042,430,IVF,tuned
8,23,36.583,430,IVF,tuned
8,0,32.416,430,IVF,tuned
8,24,38.417,430,IVF,tuned
8,29,31.458,430,IVF,tuned
8,2,34.792,430,IVF,tuned
8,31,44.25,430,IVF,tuned
8,5,35.208,430,IVF,tuned
8,4,35.167,430,IVF,tuned
8,10,36.792,430,IVF,tuned
8,6,32.208,430,IVF,tuned
8,17,36.25,430,IVF,tuned
8,30,32.25,430,IVF,tuned
8,13,36.416,430,IVF,tuned
8,3,32.917,430,IVF,tuned
8,14,36.041,430,IVF,tuned
8,12,38.5,430,IVF,tuned
8,20,32.125,430,IVF,tuned
8,21,35.833,430,IVF,tuned
8,9,31.5,430,IVF,tuned
9,30,33.042,430,IVF,tuned
9,6,32.292,430,IVF,tuned
9,28,36.333,430,IVF,tuned
9,7,36.459,430,IVF,tuned
9,10,36.542,430,IVF,tuned
9,24,38.25,430,IVF,tuned
9,13,36.542,430,IVF,tuned
9,14,35.833,430,IVF,tuned
9,33,36.5,430,IVF,tuned
9,25,36.791,430,IVF,tuned
9,0,35.666,430,IVF,tuned
9,19,34.291,430,IVF,tuned
9,4,35.375,430,IVF,tuned
9,12,46.291,430,IVF,tuned
9,5,35.666,430,IVF,tuned
9,9,31.75,430,IVF,tuned
9,11,36.333,430,IVF,tuned
9,3,33.0,430,IVF,tuned
9,16,38.375,430,IVF,tuned
9,26,36.25,430,IVF,tuned
9,20,31.417,430,IVF,tuned
9,29,31.042,430,IVF,tuned
9,2,34.459,430,IVF,tuned
9,22,39.375,430,IVF,tuned
9,27,36.167,430,IVF,tuned
9,23,36.334,430,IVF,tuned
9,1,31.625,430,IVF,tuned
9,15,35.958,430,IVF,tuned
9,8,37.041,430,IVF,tuned
9,17,36.042,430,IVF,tuned
9,31,36.083,430,IVF,tuned
9,32,40.25,430,IVF,tuned
9,18,33.208,430,IVF,tuned
9,21,36.167,430,IVF,tuned
10,13,37.041,430,IVF,tuned
10,20,31.708,430,IVF,tuned
10,28,36.291,430,IVF,tuned
10,0,32.5,430,IVF,tuned
10,30,32.125,430,IVF,tuned
10,16,38.292,430,IVF,tuned
10,27,36.125,430,IVF,tuned
10,32,40.0,430,IVF,tuned
10,12,46.25,430,IVF,tuned
10,1,32.125,430,IVF,tuned
10,2,34.458,430,IVF,tuned
10,19,34.084,430,IVF,tuned
10,6,32.167,430,IVF,tuned
10,33,36.333,430,IVF,tuned
10,15,35.958,430,IVF,tuned
10,7,36.75,430,IVF,tuned
10,8,36.709,430,IVF,tuned
10,23,36.584,430,IVF,tuned
10,5,35.167,430,IVF,tuned
10,25,36.791,430,IVF,tuned
10,21,36.125,430,IVF,tuned
10,18,33.0,430,IVF,tuned
10,10,36.708,430,IVF,tuned
10,9,31.667,430,IVF,tuned
10,29,31.041,430,IVF,tuned
10,22,38.958,430,IVF,tuned
10,17,36.0,430,IVF,tuned
10,24,38.5,430,IVF,tuned
10,31,36.083,430,IVF,tuned
10,3,33.375,430,IVF,tuned
10,4,35.292,430,IVF,tuned
10,26,36.5,430,IVF,tuned
10,11,36.292,430,IVF,tuned
10,14,35.875,430,IVF,tuned
0,10,236.416,2000,Flat,tuned
0,33,229.166,2000,Flat,tuned
0,24,239.292,2000,Flat,tuned
0,5,230.666,2000,Flat,tuned
0,29,255.25,2000,Flat,tuned
0,19,235.708,2000,Flat,tuned
0,7,245.875,2000,Flat,tuned
0,20,232.792,2000,Flat,tuned
0,28,256.417,2000,Flat,tuned
0,18,234.708,2000,Flat,tuned
0,23,236.291,2000,Flat,tuned
0,30,235.25,2000,Flat,tuned
0,22,241.917,2000,Flat,tuned
0,6,232.708,2000,Flat,tuned
0,25,235.0,2000,Flat,tuned
0,16,230.458,2000,Flat,tuned
0,9,238.958,2000,Flat,tuned
0,26,236.917,2000,Flat,tuned
0,3,271.875,2000,Flat,tuned
0,0,241.0,2000,Flat,tuned
0,15,256.541,2000,Flat,tuned
0,17,233.958,2000,Flat,tuned
0,27,231.709,2000,Flat,tuned
0,12,239.708,2000,Flat,tuned
0,21,244.75,2000,Flat,tuned
0,11,231.875,2000,Flat,tuned
0,14,232.166,2000,Flat,tuned
0,32,240.958,2000,Flat,tuned
0,2,238.459,2000,Flat,tuned
0,4,233.5,2000,Flat,tuned
0,31,234.083,2000,Flat,tuned
0,1,234.166,2000,Flat,tuned
0,13,231.375,2000,Flat,tuned
0,8,244.833,2000,Flat,tuned
1,33,231.917,2000,Flat,tuned
1,10,239.917,2000,Flat,tuned
1,18,233.625,2000,Flat,tuned
1,26,235.0,2000,Flat,tuned
1,7,231.333,2000,Flat,tuned
1,17,239.417,2000,Flat,tuned
1,25,233.0,2000,Flat,tuned
1,12,231.25,2000,Flat,tuned
1,8,231.75,2000,Flat,tuned
1,6,237.042,2000,Flat,tuned
1,22,234.417,2000,Flat,tuned
1,5,229.042,2000,Flat,tuned
1,1,232.875,2000,Flat,tuned
1,27,230.667,2000,Flat,tuned
1,32,242.334,2000,Flat,tuned
1,21,235.167,2000,Flat,tuned
1,3,234.375,2000,Flat,tuned
1,20,231.625,2000,Flat,tuned
1,14,239.042,2000,Flat,tuned
1,19,232.958,2000,Flat,tuned
1,11,232.625,2000,Flat,tuned
1,2,230.417,2000,Flat,tuned
1,0,240.042,2000,Flat,tuned
1,24,236.75,2000,Flat,tuned
1,29,236.0,2000,Flat,tuned
1,4,233.125,2000,Flat,tuned
1,30,241.833,2000,Flat,tuned
1,15,230.792,2000,Flat,tuned
1,16,229.959,2000,Flat,tuned
1,23,236.333,2000,Flat,tuned
1,28,238.834,2000,Flat,tuned
1,13,231.417,2000,Flat,tuned
1,9,231.166,2000,Flat,tuned
1,31,233.25,2000,Flat,tuned
2,15,252.833,2000,Flat,tuned
2,16,232.292,2000,Flat,tuned
2,2,240.833,2000,Flat,tuned
2,25,234.125,2000,Flat,tuned
2,8,233.125,2000,Flat,tuned
2,23,236.625,2000,Flat,tuned
2,6,249.125,2000,Flat,tuned
2,26,237.208,2000,Flat,tuned
2,4,233.25,2000,Flat,tuned
2,9,231.667,2000,Flat,tuned
2,12,240.834,2000,Flat,tuned
2,19,233.0,2000,Flat,tuned
2,14,232.083,2000,Flat,tuned
2,18,233.875,2000,Flat,tuned
2,13,239.041,2000,Flat,tuned
2,11,231.916,2000,Flat,tuned
2,33,231.0,2000,Flat,tuned
2,3,239.917,2000,Flat,tuned
2,7,240.25,2000,Flat,tuned
2,5,229.792,2000,Flat,tuned
2,24,236.667,2000,Flat,tuned
2,17,232.625,2000,Flat,tuned
2,0,233.958,2000,Flat,tuned
2,22,241.708,2000,Flat,tuned
2,30,249.916,2000,Flat,tuned
2,27,239.166,2000,Flat,tuned
2,28,240.583,2000,Flat,tuned
2,10,238.833,2000,Flat,tuned
2,20,242.167,2000,Flat,tuned
2,21,235.833,2000,Flat,tuned
2,29,235.125,2000,Flat,tuned
2,32,240.792,2000,Flat,tuned
2,31,233.125,2000,Flat,tuned
2,1,233.291,2000,Flat,tuned
3,4,254.458,2000,Flat,tuned
3,0,237.208,2000,Flat,tuned
3,11,245.959,2000,Flat,tuned
3,6,238.584,2000,Flat,tuned
3,31,243.208,2000,Flat,tuned
3,20,232.292,2000,Flat,tuned
3,8,244.583,2000,Flat,tuned
3,2,232.208,2000,Flat,tuned
3,32,240.166,2000,Flat,tuned
3,25,245.333,2000,Flat,tuned
3,13,231.667,2000,Flat,tuned
3,21,247.416,2000,Flat,tuned
3,30,236.5,2000,Flat,tuned
3,15,230.5,2000,Flat,tuned
3,33,230.041,2000,Flat,tuned
3,28,239.916,2000,Flat,tuned
3,3,235.917,2000,Flat,tuned
3,5,229.333,2000,Flat,tuned
3,16,230.209,2000,Flat,tuned
3,9,237.959,2000,Flat,tuned
3,17,232.709,2000,Flat,tuned
3,1,234.084,2000,Flat,tuned
3,27,231.417,2000,Flat,tuned
3,22,241.333,2000,Flat,tuned
3,7,237.125,2000,Flat,tuned
3,29,236.584,2000,Flat,tuned
3,24,236.917,2000,Flat,tuned
3,12,239.625,2000,Flat,tuned
3,23,237.5,2000,Flat,tuned
3,14,232.958,2000,Flat,tuned
3,18,234.333,2000,Flat,tuned
3,10,231.166,2000,Flat,tuned
3,19,246.625,2000,Flat,tuned
3,26,247.25,2000,Flat,tuned
4,31,242.375,2000,Flat,tuned
4,6,231.583,2000,Flat,tuned
4,7,230.917,2000,Flat,tuned
4,13,231.584,2000,Flat,tuned
4,28,239.5,2000,Flat,tuned
4,25,236.166,2000,Flat,tuned
4,5,229.083,2000,Flat,tuned
4,23,234.583,2000,Flat,tuned
4,8,242.209,2000,Flat,tuned
4,15,230.209,2000,Flat,tuned
4,29,233.667,2000,Flat,tuned
4,3,233.875,2000,Flat,tuned
4,1,233.625,2000,Flat,tuned
4,32,240.917,2000,Flat,tuned
4,30,235.166,2000,Flat,tuned
4,0,232.833,2000,Flat,tuned
4,4,233.125,2000,Flat,tuned
4,19,239.333,2000,Flat,tuned
4,16,237.5,2000,Flat,tuned
4,18,298.916,2000,Flat,tuned
4,9,248.125,2000,Flat,tuned
4,2,262.667,2000,Flat,tuned
4,20,232.209,2000,Flat,tuned
4,27,231.25,2000,Flat,tuned
4,22,234.666,2000,Flat,tuned
4,11,239.75,2000,Flat,tuned
4,17,233.0,2000,Flat,tuned
4,10,230.375,2000,Flat,tuned
4,33,229.625,2000,Flat,tuned
4,24,245.625,2000,Flat,tuned
4,12,232.666,2000,Flat,tuned
4,14,231.416,2000,Flat,tuned
4,21,235.542,2000,Flat,tuned
4,26,242.458,2000,Flat,tuned
5,6,273.542,2000,Flat,tuned
5,33,233.625,2000,Flat,tuned
5,7,234.875,2000,Flat,tuned
5,32,236.416,2000,Flat,tuned
5,26,250.25,2000,Flat,tuned
5,22,235.917,2000,Flat,tuned
5,24,237.25,2000,Flat,tuned
5,15,231.209,2000,Flat,tuned
5,30,239.291,2000,Flat,tuned
5,31,240.375,2000,Flat,tuned
5,23,237.125,2000,Flat,tuned
5,20,237.208,2000,Flat,tuned
5,14,240.5,2000,Flat,tuned
5,18,253.291,2000,Flat,tuned
5,11,231.75,2000,Flat,tuned
5,12,250.5,2000,Flat,tuned
5,2,237.375,2000,Flat,tuned
5,25,241.292,2000,Flat,tuned
5,10,238.167,2000,Flat,tuned
5,9,236.75,2000,Flat,tuned
5,21,242.958,2000,Flat,tuned
5,17,240.042,2000,Flat,tuned
5,4,240.541,2000,Flat,tuned
5,16,230.417,2000,Flat,tuned
5,1,241.042,2000,Flat,tuned
5,29,261.542,2000,Flat,tuned
5,3,235.875,2000,Flat,tuned
5,0,240.333,2000,Flat,tuned
5,19,232.709,2000,Flat,tuned
5,28,240.459,2000,Flat,tuned
5,8,233.458,2000,Flat,tuned
5,27,231.0,2000,Flat,tuned
5,5,229.375,2000,Flat,tuned
5,13,231.792,2000,Flat,tuned
6,33,231.208,2000,Flat,tuned
6,21,235.5,2000,Flat,tuned
6,6,238.75,2000,Flat,tuned
6,3,234.5,2000,Flat,tuned
6,25,232.875,2000,Flat,tuned
6,19,231.666,2000,Flat,tuned
6,29,242.208,2000,Flat,tuned
6,23,236.209,2000,Flat,tuned
6,9,232.167,2000,Flat,tuned
6,11,230.875,2000,Flat,tuned
6,8,238.333,2000,Flat,tuned
6,27,231.542,2000,Flat,tuned
6,28,231.833,2000,Flat,tuned
6,10,237.25,2000,Flat,tuned
6,4,232.208,2000,Flat,tuned
6,18,246.292,2000,Flat,tuned
6,7,238.083,2000,Flat,tuned
6,1,237.916,2000,Flat,tuned
6,0,231.791,2000,Flat,tuned
6,15,237.25,2000,Flat,tuned
6,20,231.167,2000,Flat,tuned
6,32,239.958,2000,Flat,tuned
6,16,229.667,2000,Flat,tuned
6,12,239.292,2000,Flat,tuned
6,26,234.792,2000,Flat,tuned
6,24,236.125,2000,Flat,tuned
6,17,232.125,2000,Flat,tuned
6,22,240.291,2000,Flat,tuned
6,5,229.125,2000,Flat,tuned
6,30,234.875,2000,Flat,tuned
6,2,231.25,2000,Flat,tuned
6,31,239.792,2000,Flat,tuned
6,14,231.833,2000,Flat,tuned
6,13,231.5,2000,Flat,tuned
7,20,238.875,2000,Flat,tuned
7,16,229.709,2000,Flat,tuned
7,2,232.708,2000,Flat,tuned
7,12,231.375,2000,Flat,tuned
7,29,241.75,2000,Flat,tuned
7,10,230.833,2000,Flat,tuned
7,22,232.916,2000,Flat,tuned
7,4,232.334,2000,Flat,tuned
7,0,246.125,2000,Flat,tuned
7,23,235.75,2000,Flat,tuned
7,19,231.375,2000,Flat,tuned
7,33,229.542,2000,Flat,tuned
7,15,236.583,2000,Flat,tuned
7,26,233.583,2000,Flat,tuned
7,28,231.25,2000,Flat,tuned
7,18,232.375,2000,Flat,tuned
7,24,236.0,2000,Flat,tuned
7,3,240.625,2000,Flat,tuned
7,8,232.166,2000,Flat,tuned
7,11,230.583,2000,Flat,tuned
7,7,230.958,2000,Flat,tuned
7,5,237.542,2000,Flat,tuned
7,1,233.459,2000,Flat,tuned
7,32,233.125,2000,Flat,tuned
7,27,231.042,2000,Flat,tuned
7,17,242.334,2000,Flat,tuned
7,9,231.5,2000,Flat,tuned
7,25,232.417,2000,Flat,tuned
7,13,230.875,2000,Flat,tuned
7,21,234.792,2000,Flat,tuned
7,30,241.084,2000,Flat,tuned
7,31,233.083,2000,Flat,tuned
7,6,231.208,2000,Flat,tuned
7,14,231.25,2000,Flat,tuned
8,16,230.25,2000,Flat,tuned
8,8,231.25,2000,Flat,tuned
8,33,236.875,2000,Flat,tuned
8,25,231.875,2000,Flat,tuned
8,18,232.333,2000,Flat,tuned
8,26,233.583,2000,Flat,tuned
8,32,239.125,2000,Flat,tuned
8,11,230.75,2000,Flat,tuned
8,27,248.167,2000,Flat,tuned
8,7,231.0,2000,Flat,tuned
8,15,229.375,2000,Flat,tuned
8,1,239.458,2000,Flat,tuned
8,22,232.917,2000,Flat,tuned
8,28,231.541,2000,Flat,tuned
8,19,231.25,2000,Flat,tuned
8,23,240.917,2000,Flat,tuned
8,0,231.708,2000,Flat,tuned
8,24,242.166,2000,Flat,tuned
8,29,234.583,2000,Flat,tuned
8,2,237.0,2000,Flat,tuned
8,31,232.125,2000,Flat,tuned
8,5,243.167,2000,Flat,tuned
8,4,232.125,2000,Flat,tuned
8,10,236.959,2000,Flat,tuned
8,6,230.166,2000,Flat,tuned
8,17,230.917,2000,Flat,tuned
8,30,236.25,2000,Flat,tuned
8,13,230.292,2000,Flat,tuned
8,3,240.375,2000,Flat,tuned
8,14,231.583,2000,Flat,tuned
8,12,231.375,2000,Flat,tuned
8,20,231.042,2000,Flat,tuned
8,21,241.209,2000,Flat,tuned
8,9,230.416,2000,Flat,tuned
9,30,240.958,2000,Flat,tuned
9,6,229.75,2000,Flat,tuned
9,28,231.042,2000,Flat,tuned
9,7,230.875,2000,Flat,tuned
9,10,229.791,2000,Flat,tuned
9,24,241.833,2000,Flat,tuned
9,13,230.417,2000,Flat,tuned
9,14,234.125,2000,Flat,tuned
9,33,229.541,2000,Flat,tuned
9,25,238.833,2000,Flat,tuned
9,0,231.542,2000,Flat,tuned
9,19,230.334,2000,Flat,tuned
9,4,231.292,2000,Flat,tuned
9,12,237.75,2000,Flat,tuned
9,5,228.75,2000,Flat,tuned
9,9,230.125,2000,Flat,tuned
9,11,230.416,2000,Flat,tuned
9,3,301.208,2000,Flat,tuned
9,16,230.167,2000,Flat,tuned
9,26,250.166,2000,Flat,tuned
9,20,243.709,2000,Flat,tuned
9,29,256.792,2000,Flat,tuned
9,2,229.959,2000,Flat,tuned
9,22,232.459,2000,Flat,tuned
9,27,229.791,2000,Flat,tuned
9,23,233.667,2000,Flat,tuned
9,1,239.167,2000,Flat,tuned
9,15,236.25,2000,Flat,tuned
9,8,231.458,2000,Flat,tuned
9,17,230.958,2000,Flat,tuned
9,31,238.791,2000,Flat,tuned
9,32,232.459,2000,Flat,tuned
9,18,232.042,2000,Flat,tuned
9,21,260.958,2000,Flat,tuned
10,13,231.709,2000,Flat,tuned
10,20,245.584,2000,Flat,tuned
10,28,238.959,2000,Flat,tuned
10,0,235.0,2000,Flat,tuned
10,30,232.542,2000,Flat,tuned
10,16,229.25,2000,Flat,tuned
10,27,229.542,2000,Flat,tuned
10,32,238.5,2000,Flat,tuned
10,12,231.208,2000,Flat,tuned
10,1,231.916,2000,Flat,tuned
10,2,229.75,2000,Flat,tuned
10,19,237.333,2000,Flat,tuned
10,6,229.667,2000,Flat,tuned
10,33,229.083,2000,Flat,tuned
10,15,229.458,2000,Flat,tuned
10,7,237.917,2000,Flat,tuned
10,8,231.458,2000,Flat,tuned
10,23,233.459,2000,Flat,tuned
10,5,228.458,2000,Flat,tuned
10,25,238.875,2000,Flat,tuned
10,21,233.834,2000,Flat,tuned
10,18,231.625,2000,Flat,tuned
10,10,229.708,2000,Flat,tuned
10,9,229.333,2000,Flat,tuned
10,29,240.583,2000,Flat,tuned
10,22,232.708,2000,Flat,tuned
10,17,231.0,2000,Flat,tuned
10,24,234.375,2000,Flat,tuned
10,31,238.334,2000,Flat,tuned
10,3,233.375,2000,Flat,tuned
10,4,232.042,2000,Flat,tuned
10,26,236.625,2000,Flat,tuned
10,11,237.375,2000,Flat,tuned
10,14,231.334,2000,Flat,tuned
0,10,17.0,2000,HNSW,tuned
0,33,17.584,2000,HNSW,tuned
0,24,19.584,2000,HNSW,tuned
0,5,17.5,2000,HNSW,tuned
0,29,14.5,2000,HNSW,tuned
0,19,18.916,2000,HNSW,tuned
0,7,12.541,2000,HNSW,tuned
0,20,17.292,2000,HNSW,tuned
0,28,15.042,2000,HNSW,tuned
0,18,15.625,2000,HNSW,tuned
0,23,14.083,2000,HNSW,tuned
0,30,16.083,2000,HNSW,tuned
0,22,16.208,2000,HNSW,tuned
0,6,13.583,2000,HNSW,tuned
0,25,24.042,2000,HNSW,tuned
0,16,17.334,2000,HNSW,tuned
0,9,16.0,2000,HNSW,tuned
0,26,16.833,2000,HNSW,tuned
0,3,17.416,2000,HNSW,tuned
0,0,16.5,2000,HNSW,tuned
0,15,13.917,2000,HNSW,tuned
0,17,19.542,2000,HNSW,tuned
0,27,14.292,2000,HNSW,tuned
0,12,15.583,2000,HNSW,tuned
0,21,18.25,2000,HNSW,tuned
0,11,15.875,2000,HNSW,tuned
0,14,15.917,2000,HNSW,tuned
0,32,15.125,2000,HNSW,tuned
0,2,19.042,2000,HNSW,tuned
0,4,15.041,2000,HNSW,tuned
0,31,17.166,2000,HNSW,tuned
0,1,15.708,2000,HNSW,tuned
0,13,22.583,2000,HNSW,tuned
0,8,13.166,2000,HNSW,tuned
1,33,16.958,2000,HNSW,tuned
1,10,15.375,2000,HNSW,tuned
1,18,15.291,2000,HNSW,tuned
1,26,16.458,2000,HNSW,tuned
1,7,12.291,2000,HNSW,tuned
1,17,18.583,2000,HNSW,tuned
1,25,15.625,2000,HNSW,tuned
1,12,14.916,2000,HNSW,tuned
1,8,12.792,2000,HNSW,tuned
1,6,13.25,2000,HNSW,tuned
1,22,15.625,2000,HNSW,tuned
1,5,17.125,2000,HNSW,tuned
1,1,15.125,2000,HNSW,tuned
1,27,14.0,2000,HNSW,tuned
1,32,14.458,2000,HNSW,tuned
1,21,17.5,2000,HNSW,tuned
1,3,25.166,2000,HNSW,tuned
1,20,17.583,2000,HNSW,tuned
1,14,15.75,2000,HNSW,tuned
1,19,18.333,2000,HNSW,tuned
1,11,15.25,2000,HNSW,tuned
1,2,18.083,2000,HNSW,tuned
1,0,15.958,2000,HNSW,tuned
1,24,19.375,2000,HNSW,tuned
1,29,15.041,2000,HNSW,tuned
1,4,14.666,2000,HNSW,tuned
1,30,16.083,2000,HNSW,tuned
1,15,13.708,2000,HNSW,tuned
1,16,16.375,2000,HNSW,tuned
1,23,14.084,2000,HNSW,tuned
1,28,15.375,2000,HNSW,tuned
1,13,21.709,2000,HNSW,tuned
1,9,15.209,2000,HNSW,tuned
1,31,16.917,2000,HNSW,tuned
2,15,13.75,2000,HNSW,tuned
2,16,16.5,2000,HNSW,tuned
2,2,18.208,2000,HNSW,tuned
2,25,15.458,2000,HNSW,tuned
2,8,12.833,2000,HNSW,tuned
2,23,13.625,2000,HNSW,tuned
2,6,12.875,2000,HNSW,tuned
2,26,16.291,2000,HNSW,tuned
2,4,14.417,2000,HNSW,tuned
2,9,15.166,2000,HNSW,tuned
2,12,15.167,2000,HNSW,tuned
2,19,17.875,2000,HNSW,tuned
2,14,15.625,2000,HNSW,tuned
2,18,15.333,2000,HNSW,tuned
2,13,21.208,2000,HNSW,tuned
2,11,15.417,2000,HNSW,tuned
2,33,17.166,2000,HNSW,tuned
2,3,16.667,2000,HNSW,tuned
2,7,12.167,2000,HNSW,tuned
2,5,25.208,2000,HNSW,tuned
2,24,19.75,2000,HNSW,tuned
2,17,19.125,2000,HNSW,tuned
2,0,15.459,2000,HNSW,tuned
2,22,15.75,2000,HNSW,tuned
2,30,15.542,2000,HNSW,tuned
2,27,14.125,2000,HNSW,tuned
2,28,14.708,2000,HNSW,tuned
2,10,15.375,2000,HNSW,tuned
2,20,17.25,2000,HNSW,tuned
2,21,17.667,2000,HNSW,tuned
2,29,14.834,2000,HNSW,tuned
2,32,15.042,2000,HNSW,tuned
2,31,16.5,2000,HNSW,tuned
2,1,15.25,2000,HNSW,tuned
3,4,14.416,2000,HNSW,tuned
3,0,15.25,2000,HNSW,tuned
3,11,15.042,2000,HNSW,tuned
3,6,12.917,2000,HNSW,tuned
3,31,15.708,2000,HNSW,tuned
3,20,17.125,2000,HNSW,tuned
3,8,12.792,2000,HNSW,tuned
3,2,18.125,2000,HNSW,tuned
3,32,14.0,2000,HNSW,tuned
3,25,15.375,2000,HNSW,tuned
3,13,21.125,2000,HNSW,tuned
3,21,17.334,2000,HNSW,tuned
3,30,15.208,2000,HNSW,tuned
3,15,13.291,2000,HNSW,tuned
3,33,16.708,2000,HNSW,tuned
3,28,14.458,2000,HNSW,tuned
3,3,16.166,2000,HNSW,tuned
3,5,16.75,2000,HNSW,tuned
3,16,16.458,2000,HNSW,tuned
3,9,14.667,2000,HNSW,tuned
3,17,18.542,2000,HNSW,tuned
3,1,14.834,2000,HNSW,tuned
3,27,21.5,2000,HNSW,tuned
3,22,15.791,2000,HNSW,tuned
3,7,12.0,2000,HNSW,tuned
3,29,14.791,2000,HNSW,tuned
3,24,19.0,2000,HNSW,tuned
3,12,15.083,2000,HNSW,tuned
3,23,13.583,2000,HNSW,tuned
3,14,15.25,2000,HNSW,tuned
3,18,15.166,2000,HNSW,tuned
3,10,15.125,2000,HNSW,tuned
3,19,18.25,2000,HNSW,tuned
3,26,16.833,2000,HNSW,tuned
4,31,15.916,2000,HNSW,tuned
4,6,12.625,2000,HNSW,tuned
4,7,11.958,2000,HNSW,tuned
4,13,20.959,2000,HNSW,tuned
4,28,14.334,2000,HNSW,tuned
4,25,15.084,2000,HNSW,tuned
4,5,16.5,2000,HNSW,tuned
4,23,13.542,2000,HNSW,tuned
4,8,12.667,2000,HNSW,tuned
4,15,13.208,2000,HNSW,tuned
4,29,14.666,2000,HNSW,tuned
4,3,16.0,2000,HNSW,tuned
4,1,14.667,2000,HNSW,tuned
4,32,14.583,2000,HNSW,tuned
4,30,15.0,2000,HNSW,tuned
4,0,15.416,2000,HNSW,tuned
4,4,14.208,2000,HNSW,tuned
4,19,17.834,2000,HNSW,tuned
4,16,16.125,2000,HNSW,tuned
4,18,15.125,2000,HNSW,tuned
4,9,14.5,2000,HNSW,tuned
4,2,17.708,2000,HNSW,tuned
4,20,17.084,2000,HNSW,tuned
4,27,13.75,2000,HNSW,tuned
4,22,15.375,2000,HNSW,tuned
4,11,14.917,2000,HNSW,tuned
4,17,18.542,2000,HNSW,tuned
4,10,15.083,2000,HNSW,tuned
4,33,24.709,2000,HNSW,tuned
4,24,19.25,2000,HNSW,tuned
4,12,14.875,2000,HNSW,tuned
4,14,15.209,2000,HNSW,tuned
4,21,17.167,2000,HNSW,tuned
4,26,16.291,2000,HNSW,tuned
5,6,13.458,2000,HNSW,tuned
5,33,16.292,2000,HNSW,tuned
5,7,11.666,2000,HNSW,tuned
5,32,13.916,2000,HNSW,tuned
5,26,16.125,2000,HNSW,tuned
5,22,15.209,2000,HNSW,tuned
5,24,18.75,2000,HNSW,tuned
5,15,13.416,2000,HNSW,tuned
5,30,15.167,2000,HNSW,tuned
5,31,15.75,2000,HNSW,tuned
5,23,13.583,2000,HNSW,tuned
5,20,16.75,2000,HNSW,tuned
5,14,15.291,2000,HNSW,tuned
5,18,14.875,2000,HNSW,tuned
5,11,15.042,2000,HNSW,tuned
5,12,14.542,2000,HNSW,tuned
5,2,17.875,2000,HNSW,tuned
5,25,15.333,2000,HNSW,tuned
5,10,14.959,2000,HNSW,tuned
5,9,14.584,2000,HNSW,tuned
5,21,17.042,2000,HNSW,tuned
5,17,18.709,2000,HNSW,tuned
5,4,14.209,2000,HNSW,tuned
5,16,16.167,2000,HNSW,tuned
5,1,15.083,2000,HNSW,tuned
5,29,14.792,2000,HNSW,tuned
5,3,16.167,2000,HNSW,tuned
5,0,15.0,2000,HNSW,tuned
5,19,18.125,2000,HNSW,tuned
5,28,27.417,2000,HNSW,tuned
5,8,12.667,2000,HNSW,tuned
5,27,22.458,2000,HNSW,tuned
5,5,16.666,2000,HNSW,tuned
5,13,21.167,2000,HNSW,tuned
6,33,16.542,2000,HNSW,tuned
6,21,16.834,2000,HNSW,tuned
6,6,12.792,2000,HNSW,tuned
6,3,16.0,2000,HNSW,tuned
6,25,15.25,2000,HNSW,tuned
6,19,17.542,2000,HNSW,tuned
6,29,14.667,2000,HNSW,tuned
6,23,13.375,2000,HNSW,tuned
6,9,14.542,2000,HNSW,tuned
6,11,14.791,2000,HNSW,tuned
6,8,12.833,2000,HNSW,tuned
6,27,13.583,2000,HNSW,tuned
6,28,14.417,2000,HNSW,tuned
6,10,14.958,2000,HNSW,tuned
6,4,14.125,2000,HNSW,tuned
6,18,14.917,2000,HNSW,tuned
6,7,11.625,2000,HNSW,tuned
6,1,14.75,2000,HNSW,tuned
6,0,15.292,2000,HNSW,tuned
6,15,13.584,2000,HNSW,tuned
6,20,16.875,2000,HNSW,tuned
6,32,14.542,2000,HNSW,tuned
6,16,16.167,2000,HNSW,tuned
6,12,14.667,2000,HNSW,tuned
6,26,16.208,2000,HNSW,tuned
6,24,19.0,2000,HNSW,tuned
6,17,18.459,2000,HNSW,tuned
6,22,15.208,2000,HNSW,tuned
6,5,16.416,2000,HNSW,tuned
6,30,15.667,2000,HNSW,tuned
6,2,17.791,2000,HNSW,tuned
6,31,15.834,2000,HNSW,tuned
6,14,15.167,2000,HNSW,tuned
6,13,21.292,2000,HNSW,tuned
7,20,17.375,2000,HNSW,tuned
7,16,16.209,2000,HNSW,tuned
7,2,17.709,2000,HNSW,tuned
7,12,14.792,2000,HNSW,tuned
7,29,14.583,2000,HNSW,tuned
7,10,14.958,2000,HNSW,tuned
7,22,15.167,2000,HNSW,tuned
7,4,14.0,2000,HNSW,tuned
7,0,15.083,2000,HNSW,tuned
7,23,13.625,2000,HNSW,tuned
7,19,17.625,2000,HNSW,tuned
7,33,16.666,2000,HNSW,tuned
7,15,13.417,2000,HNSW,tuned
7,26,16.209,2000,HNSW,tuned
7,28,14.542,2000,HNSW,tuned
7,18,14.791,2000,HNSW,tuned
7,24,18.75,2000,HNSW,tuned
7,3,16.292,2000,HNSW,tuned
7,8,12.833,2000,HNSW,tuned
7,11,14.875,2000,HNSW,tuned
7,7,11.5,2000,HNSW,tuned
7,5,16.5,2000,HNSW,tuned
7,1,15.208,2000,HNSW,tuned
7,32,14.542,2000,HNSW,tuned
7,27,13.791,2000,HNSW,tuned
7,17,18.375,2000,HNSW,tuned
7,9,14.791,2000,HNSW,tuned
7,25,15.041,2000,HNSW,tuned
7,13,21.083,2000,HNSW,tuned
7,21,16.833,2000,HNSW,tuned
7,30,15.333,2000,HNSW,tuned
7,31,16.167,2000,HNSW,tuned
7,6,12.875,2000,HNSW,tuned
7,14,15.25,2000,HNSW,tuned
8,16,16.417,2000,HNSW,tuned
8,8,12.75,2000,HNSW,tuned
8,33,16.583,2000,HNSW,tuned
8,25,15.125,2000,HNSW,tuned
8,18,14.708,2000,HNSW,tuned
8,26,15.916,2000,HNSW,tuned
8,32,14.208,2000,HNSW,tuned
8,11,15.0,2000,HNSW,tuned
8,27,13.416,2000,HNSW,tuned
8,7,11.542,2000,HNSW,tuned
8,15,13.084,2000,HNSW,tuned
8,1,15.333,2000,HNSW,tuned
8,22,15.166,2000,HNSW,tuned
8,28,14.667,2000,HNSW,tuned
8,19,17.75,2000,HNSW,tuned
8,23,13.583,2000,HNSW,tuned
8,0,15.0,2000,HNSW,tuned
8,24,18.875,2000,HNSW,tuned
8,29,14.625,2000,HNSW,tuned
8,2,17.708,2000,HNSW,tuned
8,31,15.833,2000,HNSW,tuned
8,5,16.333,2000,HNSW,tuned
8,4,14.208,2000,HNSW,tuned
8,10,15.25,2000,HNSW,tuned
8,6,12.708,2000,HNSW,tuned
8,17,18.5,2000,HNSW,tuned
8,30,15.417,2000,HNSW,tuned
8,13,20.834,2000,HNSW,tuned
8,3,16.125,2000,HNSW,tuned
8,14,15.083,2000,HNSW,tuned
8,12,14.916,2000,HNSW,tuned
8,20,16.792,2000,HNSW,tuned
8,21,16.917,2000,HNSW,tuned
8,9,14.667,2000,HNSW,tuned
9,30,15.334,2000,HNSW,tuned
9,6,12.833,2000,HNSW,tuned
9,28,14.292,2000,HNSW,tuned
9,7,11.709,2000,HNSW,tuned
9,10,14.667,2000,HNSW,tuned
9,24,19.042,2000,HNSW,tuned
9,13,20.833,2000,HNSW,tuned
9,14,15.083,2000,HNSW,tuned
9,33,16.875,2000,HNSW,tuned
9,25,15.208,2000,HNSW,tuned
9,0,15.125,2000,HNSW,tuned
9,19,17.834,2000,HNSW,tuned
9,4,14.25,2000,HNSW,tuned
9,12,14.667,2000,HNSW,tuned
9,5,16.458,2000,HNSW,tuned
9,9,14.625,2000,HNSW,tuned
9,11,14.916,2000,HNSW,tuned
9,3,16.0,2000,HNSW,tuned
9,16,16.125,2000,HNSW,tuned
9,26,16.375,2000,HNSW,tuned
9,20,16.833,2000,HNSW,tuned
9,29,14.917,2000,HNSW,tuned
9,2,17.75,2000,HNSW,tuned
9,22,15.583,2000,HNSW,tuned
9,27,13.459,2000,HNSW,tuned
9,23,13.542,2000,HNSW,tuned
9,1,14.917,2000,HNSW,tuned
9,15,13.167,2000,HNSW,tuned
9,8,12.583,2000,HNSW,tuned
9,17,18.459,2000,HNSW,tuned
9,31,16.041,2000,HNSW,tuned
9,32,14.5,2000,HNSW,tuned
9,18,14.792,2000,HNSW,tuned
9,21,17.041,2000,HNSW,tuned
10,13,21.375,2000,HNSW,tuned
10,20,16.75,2000,HNSW,tuned
10,28,14.583,2000,HNSW,tuned
10,0,14.834,2000,HNSW,tuned
10,30,15.333,2000,HNSW,tuned
10,16,16.125,2000,HNSW,tuned
10,27,13.333,2000,HNSW,tuned
10,32,14.083,2000,HNSW,tuned
10,12,15.375,2000,HNSW,tuned
10,1,14.917,2000,HNSW,tuned
10,2,17.791,2000,HNSW,tuned
10,19,17.708,2000,HNSW,tuned
10,6,12.916,2000,HNSW,tuned
10,33,16.875,2000,HNSW,tuned
10,15,13.375,2000,HNSW,tuned
10,7,11.583,2000,HNSW,tuned
10,8,12.583,2000,HNSW,tuned
10,23,13.5,2000,HNSW,tuned
10,5,16.0,2000,HNSW,tuned
10,25,15.416,2000,HNSW,tuned
10,21,16.792,2000,HNSW,tuned
10,18,14.792,2000,HNSW,tuned
10,10,14.833,2000,HNSW,tuned
10,9,14.458,2000,HNSW,tuned
10,29,14.625,2000,HNSW,tuned
10,22,15.333,2000,HNSW,tuned
10,17,18.416,2000,HNSW,tuned
10,24,18.916,2000,HNSW,tuned
10,31,15.875,2000,HNSW,tuned
10,3,16.083,2000,HNSW,tuned
10,4,14.083,2000,HNSW,tuned
10,26,16.083,2000,HNSW,tuned
10,11,14.917,2000,HNSW,tuned
10,14,15.208,2000,HNSW,tuned
0,10,17.708,2000,HNSW,fixed
0,33,19.292,2000,HNSW,fixed
0,24,23.792,2000,HNSW,fixed
0,5,18.5,2000,HNSW,fixed
0,29,15.875,2000,HNSW,fixed
0,19,22.333,2000,HNSW,fixed
0,7,14.25,2000,HNSW,fixed
0,20,20.542,2000,HNSW,fixed
0,28,16.167,2000,HNSW,fixed
0,18,20.25,2000,HNSW,fixed
0,23,17.583,2000,HNSW,fixed
0,30,18.25,2000,HNSW,fixed
0,22,19.917,2000,HNSW,fixed
0,6,15.75,2000,HNSW,fixed
0,25,18.792,2000,HNSW,fixed
0,16,17.75,2000,HNSW,fixed
0,9,18.667,2000,HNSW,fixed
0,26,18.125,2000,HNSW,fixed
0,3,19.208,2000,HNSW,fixed
0,0,20.083,2000,HNSW,fixed
0,15,20.541,2000,HNSW,fixed
0,17,31.375,2000,HNSW,fixed
0,27,20.792,2000,HNSW,fixed
0,12,17.125,2000,HNSW,fixed
0,21,21.958,2000,HNSW,fixed
0,11,25.042,2000,HNSW,fixed
0,14,22.5,2000,HNSW,fixed
0,32,17.417,2000,HNSW,fixed
0,2,22.0,2000,HNSW,fixed
0,4,16.667,2000,HNSW,fixed
0,31,19.584,2000,HNSW,fixed
0,1,17.584,2000,HNSW,fixed
0,13,23.75,2000,HNSW,fixed
0,8,15.292,2000,HNSW,fixed
1,33,18.875,2000,HNSW,fixed
1,10,17.125,2000,HNSW,fixed
1,18,20.0,2000,HNSW,fixed
1,26,17.209,2000,HNSW,fixed
1,7,14.459,2000,HNSW,fixed
1,17,20.334,2000,HNSW,fixed
1,25,18.042,2000,HNSW,fixed
1,12,16.709,2000,HNSW,fixed
1,8,15.042,2000,HNSW,fixed
1,6,15.75,2000,HNSW,fixed
1,22,19.167,2000,HNSW,fixed
1,5,18.083,2000,HNSW,fixed
1,1,17.416,2000,HNSW,fixed
1,27,27.458,2000,HNSW,fixed
1,32,16.625,2000,HNSW,fixed
1,21,22.042,2000,HNSW,fixed
1,3,19.167,2000,HNSW,fixed
1,20,20.084,2000,HNSW,fixed
1,14,21.625,2000,HNSW,fixed
1,19,21.667,2000,HNSW,fixed
1,11,24.583,2000,HNSW,fixed
1,2,21.583,2000,HNSW,fixed
1,0,19.458,2000,HNSW,fixed
1,24,24.416,2000,HNSW,fixed
1,29,16.333,2000,HNSW,fixed
1,4,16.375,2000,HNSW,fixed
1,30,18.583,2000,HNSW,fixed
1,15,20.333,2000,HNSW,fixed
1,16,17.917,2000,HNSW,fixed
1,23,17.375,2000,HNSW,fixed
1,28,16.5,2000,HNSW,fixed
1,13,23.333,2000,HNSW,fixed
1,9,18.083,2000,HNSW,fixed
1,31,19.5,2000,HNSW,fixed
2,15,20.0,2000,HNSW,fixed
2,16,17.25,2000,HNSW,fixed
2,2,20.125,2000,HNSW,fixed
2,25,17.917,2000,HNSW,fixed
2,8,14.958,2000,HNSW,fixed
2,23,24.583,2000,HNSW,fixed
2,6,14.875,2000,HNSW,fixed
2,26,16.875,2000,HNSW,fixed
2,4,15.542,2000,HNSW,fixed
2,9,16.834,2000,HNSW,fixed
2,12,16.417,2000,HNSW,fixed
2,19,21.042,2000,HNSW,fixed
2,14,21.417,2000,HNSW,fixed
2,18,19.583,2000,HNSW,fixed
2,13,22.334,2000,HNSW,fixed
2,11,23.584,2000,HNSW,fixed
2,33,19.459,2000,HNSW,fixed
2,3,18.458,2000,HNSW,fixed
2,7,14.042,2000,HNSW,fixed
2,5,17.75,2000,HNSW,fixed
2,24,23.5,2000,HNSW,fixed
2,17,20.083,2000,HNSW,fixed
2,0,18.208,2000,HNSW,fixed
2,22,18.958,2000,HNSW,fixed
2,30,17.458,2000,HNSW,fixed
2,27,19.083,2000,HNSW,fixed
2,28,15.792,2000,HNSW,fixed
2,10,16.791,2000,HNSW,fixed
2,20,19.75,2000,HNSW,fixed
2,21,21.709,2000,HNSW,fixed
2,29,15.916,2000,HNSW,fixed
2,32,16.5,2000,HNSW,fixed
2,31,19.208,2000,HNSW,fixed
2,1,17.333,2000,HNSW,fixed
3,4,16.709,2000,HNSW,fixed
3,0,17.584,2000,HNSW,fixed
3,11,23.542,2000,HNSW,fixed
3,6,14.667,2000,HNSW,fixed
3,31,18.125,2000,HNSW,fixed
3,20,19.375,2000,HNSW,fixed
3,8,15.084,2000,HNSW,fixed
3,2,20.125,2000,HNSW,fixed
3,32,15.875,2000,HNSW,fixed
3,25,17.959,2000,HNSW,fixed
3,13,22.167,2000,HNSW,fixed
3,21,21.041,2000,HNSW,fixed
3,30,16.833,2000,HNSW,fixed
3,15,19.375,2000,HNSW,fixed
3,33,19.042,2000,HNSW,fixed
3,28,15.542,2000,HNSW,fixed
3,3,18.042,2000,HNSW,fixed
3,5,17.375,2000,HNSW,fixed
3,16,17.167,2000,HNSW,fixed
3,9,30.708,2000,HNSW,fixed
3,17,19.791,2000,HNSW,fixed
3,1,16.708,2000,HNSW,fixed
3,27,18.625,2000,HNSW,fixed
3,22,18.917,2000,HNSW,fixed
3,7,14.0,2000,HNSW,fixed
3,29,15.708,2000,HNSW,fixed
3,24,23.166,2000,HNSW,fixed
3,12,16.208,2000,HNSW,fixed
3,23,16.833,2000,HNSW,fixed
3,14,21.083,2000,HNSW,fixed
3,18,19.459,2000,HNSW,fixed
3,10,16.584,2000,HNSW,fixed
3,19,21.083,2000,HNSW,fixed
3,26,17.0,2000,HNSW,fixed
4,31,17.792,2000,HNSW,fixed
4,6,14.667,2000,HNSW,fixed
4,7,13.75,2000,HNSW,fixed
4,13,22.042,2000,HNSW,fixed
4,28,15.083,2000,HNSW,fixed
4,25,17.5,2000,HNSW,fixed
4,5,16.875,2000,HNSW,fixed
4,23,16.417,2000,HNSW,fixed
4,8,14.959,2000,HNSW,fixed
4,15,19.042,2000,HNSW,fixed
4,29,15.583,2000,HNSW,fixed
4,3,17.958,2000,HNSW,fixed
4,1,16.5,2000,HNSW,fixed
4,32,15.792,2000,HNSW,fixed
4,30,16.709,2000,HNSW,fixed
4,0,17.875,2000,HNSW,fixed
4,4,15.583,2000,HNSW,fixed
4,19,20.709,2000,HNSW,fixed
4,16,16.917,2000,HNSW,fixed
4,18,19.542,2000,HNSW,fixed
4,9,16.791,2000,HNSW,fixed
4,2,19.75,2000,HNSW,fixed
4,20,19.291,2000,HNSW,fixed
4,27,18.708,2000,HNSW,fixed
4,22,18.75,2000,HNSW,fixed
4,11,23.542,2000,HNSW,fixed
4,17,19.5,2000,HNSW,fixed
4,10,16.417,2000,HNSW,fixed
4,33,19.292,2000,HNSW,fixed
4,24,22.834,2000,HNSW,fixed
4,12,16.125,2000,HNSW,fixed
4,14,20.625,2000,HNSW,fixed
4,21,20.833,2000,HNSW,fixed
4,26,16.916,2000,HNSW,fixed
5,6,15.083,2000,HNSW,fixed
5,33,18.792,2000,HNSW,fixed
5,7,13.541,2000,HNSW,fixed
5,32,15.625,2000,HNSW,fixed
5,26,16.834,2000,HNSW,fixed
5,22,19.042,2000,HNSW,fixed
5,24,22.333,2000,HNSW,fixed
5,15,19.5,2000,HNSW,fixed
5,30,16.625,2000,HNSW,fixed
5,31,17.625,2000,HNSW,fixed
5,23,16.666,2000,HNSW,fixed
5,20,19.125,2000,HNSW,fixed
5,14,21.083,2000,HNSW,fixed
5,18,19.25,2000,HNSW,fixed
5,11,23.542,2000,HNSW,fixed
5,12,16.083,2000,HNSW,fixed
5,2,20.166,2000,HNSW,fixed
5,25,17.916,2000,HNSW,fixed
5,10,16.792,2000,HNSW,fixed
5,9,16.875,2000,HNSW,fixed
5,21,20.625,2000,HNSW,fixed
5,17,19.583,2000,HNSW,fixed
5,4,15.792,2000,HNSW,fixed
5,16,17.375,2000,HNSW,fixed
5,1,16.833,2000,HNSW,fixed
5,29,15.458,2000,HNSW,fixed
5,3,18.0,2000,HNSW,fixed
5,0,17.791,2000,HNSW,fixed
5,19,20.958,2000,HNSW,fixed
5,28,15.291,2000,HNSW,fixed
5,8,14.917,2000,HNSW,fixed
5,27,18.875,2000,HNSW,fixed
5,5,17.25,2000,HNSW,fixed
5,13,22.666,2000,HNSW,fixed
6,33,19.583,2000,HNSW,fixed
6,21,20.5,2000,HNSW,fixed
6,6,14.75,2000,HNSW,fixed
6,3,17.625,2000,HNSW,fixed
6,25,17.459,2000,HNSW,fixed
6,19,20.334,2000,HNSW,fixed
6,29,15.042,2000,HNSW,fixed
6,23,16.417,2000,HNSW,fixed
6,9,16.916,2000,HNSW,fixed
6,11,22.958,2000,HNSW,fixed
6,8,14.833,2000,HNSW,fixed
6,27,18.458,2000,HNSW,fixed
6,28,15.25,2000,HNSW,fixed
6,10,16.458,2000,HNSW,fixed
6,4,15.5,2000,HNSW,fixed
6,18,19.083,2000,HNSW,fixed
6,7,13.666,2000,HNSW,fixed
6,1,16.666,2000,HNSW,fixed
6,0,18.041,2000,HNSW,fixed
6,15,18.875,2000,HNSW,fixed
6,20,19.167,2000,HNSW,fixed
6,32,15.75,2000,HNSW,fixed
6,16,17.167,2000,HNSW,fixed
6,12,15.917,2000,HNSW,fixed
6,26,16.792,2000,HNSW,fixed
6,24,22.625,2000,HNSW,fixed
6,17,19.5,2000,HNSW,fixed
6,22,18.667,2000,HNSW,fixed
6,5,24.334,2000,HNSW,fixed
6,30,17.208,2000,HNSW,fixed
6,2,20.0,2000,HNSW,fixed
6,31,17.916,2000,HNSW,fixed
6,14,22.083,2000,HNSW,fixed
6,13,22.5,2000,HNSW,fixed
7,20,19.75,2000,HNSW,fixed
7,16,17.375,2000,HNSW,fixed
7,2,19.667,2000,HNSW,fixed
7,12,16.167,2000,HNSW,fixed
7,29,15.167,2000,HNSW,fixed
7,10,16.5,2000,HNSW,fixed
7,22,18.5,2000,HNSW,fixed
7,4,15.666,2000,HNSW,fixed
7,0,17.375,2000,HNSW,fixed
7,23,16.625,2000,HNSW,fixed
7,19,20.5,2000,HNSW,fixed
7,33,19.542,2000,HNSW,fixed
7,15,19.25,2000,HNSW,fixed
7,26,16.792,2000,HNSW,fixed
7,28,15.375,2000,HNSW,fixed
7,18,19.25,2000,HNSW,fixed
7,24,22.416,2000,HNSW,fixed
7,3,17.792,2000,HNSW,fixed
7,8,14.708,2000,HNSW,fixed
7,11,23.041,2000,HNSW,fixed
7,7,13.667,2000,HNSW,fixed
7,5,16.875,2000,HNSW,fixed
7,1,16.708,2000,HNSW,fixed
7,32,15.5,2000,HNSW,fixed
7,27,18.75,2000,HNSW,fixed
7,17,30.458,2000,HNSW,fixed
7,9,16.833,2000,HNSW,fixed
7,25,25.916,2000,HNSW,fixed
7,13,28.25,2000,HNSW,fixed
7,21,20.958,2000,HNSW,fixed
7,30,16.709,2000,HNSW,fixed
7,31,18.125,2000,HNSW,fixed
7,6,14.542,2000,HNSW,fixed
7,14,20.625,2000,HNSW,fixed
8,16,17.542,2000,HNSW,fixed
8,8,14.833,2000,HNSW,fixed
8,33,19.167,2000,HNSW,fixed
8,25,17.5,2000,HNSW,fixed
8,18,19.208,2000,HNSW,fixed
8,26,16.583,2000,HNSW,fixed
8,32,16.083,2000,HNSW,fixed
8,11,23.292,2000,HNSW,fixed
8,27,18.542,2000,HNSW,fixed
8,7,13.625,2000,HNSW,fixed
8,15,19.0,2000,HNSW,fixed
8,1,16.625,2000,HNSW,fixed
8,22,18.625,2000,HNSW,fixed
8,28,15.334,2000,HNSW,fixed
8,19,20.959,2000,HNSW,fixed
8,23,16.709,2000,HNSW,fixed
8,0,17.459,2000,HNSW,fixed
8,24,22.292,2000,HNSW,fixed
8,29,15.125,2000,HNSW,fixed
8,2,19.875,2000,HNSW,fixed
8,31,31.167,2000,HNSW,fixed
8,5,16.958,2000,HNSW,fixed
8,4,15.541,2000,HNSW,fixed
8,10,16.459,2000,HNSW,fixed
8,6,14.334,2000,HNSW,fixed
8,17,19.25,2000,HNSW,fixed
8,30,16.584,2000,HNSW,fixed
8,13,22.25,2000,HNSW,fixed
8,3,17.875,2000,HNSW,fixed
8,14,20.625,2000,HNSW,fixed
8,12,16.042,2000,HNSW,fixed
8,20,19.208,2000,HNSW,fixed
8,21,21.083,2000,HNSW,fixed
8,9,16.792,2000,HNSW,fixed
9,30,16.125,2000,HNSW,fixed
9,6,14.458,2000,HNSW,fixed
9,28,15.0,2000,HNSW,fixed
9,7,13.625,2000,HNSW,fixed
9,10,16.041,2000,HNSW,fixed
9,24,22.125,2000,HNSW,fixed
9,13,22.0,2000,HNSW,fixed
9,14,20.5,2000,HNSW,fixed
9,33,19.417,2000,HNSW,fixed
9,25,17.75,2000,HNSW,fixed
9,0,17.584,2000,HNSW,fixed
9,19,20.583,2000,HNSW,fixed
9,4,15.5,2000,HNSW,fixed
9,12,15.791,2000,HNSW,fixed
9,5,16.875,2000,HNSW,fixed
9,9,16.833,2000,HNSW,fixed
9,11,30.75,2000,HNSW,fixed
9,3,17.875,2000,HNSW,fixed
9,16,17.375,2000,HNSW,fixed
9,26,16.833,2000,HNSW,fixed
9,20,19.041,2000,HNSW,fixed
9,29,15.208,2000,HNSW,fixed
9,2,19.708,2000,HNSW,fixed
9,22,18.75,2000,HNSW,fixed
9,27,18.708,2000,HNSW,fixed
9,23,16.542,2000,HNSW,fixed
9,1,16.708,2000,HNSW,fixed
9,15,19.208,2000,HNSW,fixed
9,8,14.791,2000,HNSW,fixed
9,17,19.208,2000,HNSW,fixed
9,31,17.875,2000,HNSW,fixed
9,32,16.166,2000,HNSW,fixed
9,18,19.375,2000,HNSW,fixed
9,21,20.625,2000,HNSW,fixed
10,13,22.292,2000,HNSW,fixed
10,20,19.167,2000,HNSW,fixed
10,28,15.25,2000,HNSW,fixed
10,0,17.417,2000,HNSW,fixed
10,30,16.083,2000,HNSW,fixed
10,16,17.458,2000,HNSW,fixed
10,27,18.583,2000,HNSW,fixed
10,32,15.542,2000,HNSW,fixed
10,12,16.0,2000,HNSW,fixed
10,1,16.5,2000,HNSW,fixed
10,2,19.708,2000,HNSW,fixed
10,19,28.417,2000,HNSW,fixed
10,6,14.625,2000,HNSW,fixed
10,33,19.625,2000,HNSW,fixed
10,15,19.167,2000,HNSW,fixed
10,7,13.833,2000,HNSW,fixed
10,8,14.75,2000,HNSW,fixed
10,23,16.708,2000,HNSW,fixed
10,5,16.917,2000,HNSW,fixed
10,25,17.834,2000,HNSW,fixed
10,21,20.917,2000,HNSW,fixed
10,18,19.375,2000,HNSW,fixed
10,10,16.375,2000,HNSW,fixed
10,9,16.959,2000,HNSW,fixed
10,29,15.25,2000,HNSW,fixed
10,22,18.584,2000,HNSW,fixed
10,17,19.291,2000,HNSW,fixed
10,24,21.958,2000,HNSW,fixed
10,31,17.834,2000,HNSW,fixed
10,3,17.917,2000,HNSW,fixed
10,4,15.708,2000,HNSW,fixed
10,26,16.833,2000,HNSW,fixed
10,11,29.584,2000,HNSW,fixed
10,14,20.75,2000,HNSW,fixed
0,10,50.875,2000,IVF,tuned
0,33,51.667,2000,IVF,tuned
0,24,58.209,2000,IVF,tuned
0,5,42.5,2000,IVF,tuned
0,29,48.292,2000,IVF,tuned
0,19,38.875,2000,IVF,tuned
0,7,57.875,2000,IVF,tuned
0,20,36.042,2000,IVF,tuned
0,28,50.0,2000,IVF,tuned
0,18,37.833,2000,IVF,tuned
0,23,42.166,2000,IVF,tuned
0,30,52.208,2000,IVF,tuned
0,22,56.792,2000,IVF,tuned
0,6,57.042,2000,IVF,tuned
0,25,41.5,2000,IVF,tuned
0,16,45.416,2000,IVF,tuned
0,9,30.459,2000,IVF,tuned
0,26,32.916,2000,IVF,tuned
0,3,46.417,2000,IVF,tuned
0,0,44.625,2000,IVF,tuned
0,15,54.625,2000,IVF,tuned
0,17,52.291,2000,IVF,tuned
0,27,50.041,2000,IVF,tuned
0,12,58.208,2000,IVF,tuned
0,21,56.667,2000,IVF,tuned
0,11,47.833,2000,IVF,tuned
0,14,44.75,2000,IVF,tuned
0,32,34.375,2000,IVF,tuned
0,2,38.708,2000,IVF,tuned
0,4,45.625,2000,IVF,tuned
0,31,65.125,2000,IVF,tuned
0,1,42.292,2000,IVF,tuned
0,13,60.875,2000,IVF,tuned
0,8,60.125,2000,IVF,tuned
1,33,52.5,2000,IVF,tuned
1,10,49.208,2000,IVF,tuned
1,18,37.542,2000,IVF,tuned
1,26,32.792,2000,IVF,tuned
1,7,57.959,2000,IVF,tuned
1,17,51.75,2000,IVF,tuned
1,25,41.333,2000,IVF,tuned
1,12,58.209,2000,IVF,tuned
1,8,58.917,2000,IVF,tuned
1,6,57.041,2000,IVF,tuned
1,22,56.291,2000,IVF,tuned
1,5,42.25,2000,IVF,tuned
1,1,42.042,2000,IVF,tuned
1,27,49.25,2000,IVF,tuned
1,32,34.083,2000,IVF,tuned
1,21,56.5,2000,IVF,tuned
1,3,46.166,2000,IVF,tuned
1,20,35.75,2000,IVF,tuned
1,14,52.75,2000,IVF,tuned
1,19,39.375,2000,IVF,tuned
1,11,47.625,2000,IVF,tuned
1,2,38.541,2000,IVF,tuned
1,0,44.459,2000,IVF,tuned
1,24,58.25,2000,IVF,tuned
1,29,48.417,2000,IVF,tuned
1,4,45.625,2000,IVF,tuned
1,30,52.125,2000,IVF,tuned
1,15,45.375,2000,IVF,tuned
1,16,45.209,2000,IVF,tuned
1,23,41.542,2000,IVF,tuned
1,28,49.708,2000,IVF,tuned
1,13,60.791,2000,IVF,tuned
1,9,29.875,2000,IVF,tuned
1,31,64.833,2000,IVF,tuned
2,15,45.875,2000,IVF,tuned
2,16,44.958,2000,IVF,tuned
2,2,38.0,2000,IVF,tuned
2,25,41.5,2000,IVF,tuned
2,8,59.375,2000,IVF,tuned
2,23,41.625,2000,IVF,tuned
2,6,56.875,2000,IVF,tuned
2,26,32.625,2000,IVF,tuned
2,4,45.583,2000,IVF,tuned
2,9,30.125,2000,IVF,tuned
2,12,57.958,2000,IVF,tuned
2,19,38.833,2000,IVF,tuned
2,14,44.416,2000,IVF,tuned
2,18,37.208,2000,IVF,tuned
2,13,60.459,2000,IVF,tuned
2,11,47.292,2000,IVF,tuned
2,33,52.0,2000,IVF,tuned
2,3,53.625,2000,IVF,tuned
2,7,58.459,2000,IVF,tuned
2,5,42.375,2000,IVF,tuned
2,24,58.083,2000,IVF,tuned
2,17,51.583,2000,IVF,tuned
2,0,44.334,2000,IVF,tuned
2,22,59.792,2000,IVF,tuned
2,30,52.292,2000,IVF,tuned
2,27,49.875,2000,IVF,tuned
2,28,49.542,2000,IVF,tuned
2,10,48.917,2000,IVF,tuned
2,20,35.584,2000,IVF,tuned
2,21,56.958,2000,IVF,tuned
2,29,48.541,2000,IVF,tuned
2,32,33.833,2000,IVF,tuned
2,31,64.833,2000,IVF,tuned
2,1,42.25,2000,IVF,tuned
3,4,46.834,2000,IVF,tuned
3,0,44.333,2000,IVF,tuned
3,11,47.208,2000,IVF,tuned
3,6,56.625,2000,IVF,tuned
3,31,64.666,2000,IVF,tuned
3,20,35.459,2000,IVF,tuned
3,8,59.416,2000,IVF,tuned
3,2,38.75,2000,IVF,tuned
3,32,34.375,2000,IVF,tuned
3,25,41.917,2000,IVF,tuned
3,13,60.291,2000,IVF,tuned
3,21,56.5,2000,IVF,tuned
3,30,52.5,2000,IVF,tuned
3,15,45.334,2000,IVF,tuned
3,33,51.708,2000,IVF,tuned
3,28,57.125,2000,IVF,tuned
3,3,46.458,2000,IVF,tuned
3,5,42.291,2000,IVF,tuned
3,16,45.125,2000,IVF,tuned
3,9,30.041,2000,IVF,tuned
3,17,52.125,2000,IVF,tuned
3,1,41.834,2000,IVF,tuned
3,27,49.334,2000,IVF,tuned
3,22,56.084,2000,IVF,tuned
3,7,57.459,2000,IVF,tuned
3,29,48.625,2000,IVF,tuned
3,24,58.0,2000,IVF,tuned
3,12,58.042,2000,IVF,tuned
3,23,41.709,2000,IVF,tuned
3,14,44.125,2000,IVF,tuned
3,18,37.208,2000,IVF,tuned
3,10,49.041,2000,IVF,tuned
3,19,38.417,2000,IVF,tuned
3,26,32.334,2000,IVF,tuned
4,31,65.542,2000,IVF,tuned
4,6,56.791,2000,IVF,tuned
4,7,57.583,2000,IVF,tuned
4,13,60.375,2000,IVF,tuned
4,28,49.459,2000,IVF,tuned
4,25,41.667,2000,IVF,tuned
4,5,41.792,2000,IVF,tuned
4,23,41.625,2000,IVF,tuned
4,8,59.083,2000,IVF,tuned
4,15,45.291,2000,IVF,tuned
4,29,48.667,2000,IVF,tuned
4,3,46.084,2000,IVF,tuned
4,1,42.209,2000,IVF,tuned
4,32,34.0,2000,IVF,tuned
4,30,52.375,2000,IVF,tuned
4,0,51.417,2000,IVF,tuned
4,4,46.167,2000,IVF,tuned
4,19,38.708,2000,IVF,tuned
4,16,45.166,2000,IVF,tuned
4,18,36.791,2000,IVF,tuned
4,9,29.667,2000,IVF,tuned
4,2,38.417,2000,IVF,tuned
4,20,35.541,2000,IVF,tuned
4,27,49.458,2000,IVF,tuned
4,22,71.25,2000,IVF,tuned
4,11,47.625,2000,IVF,tuned
4,17,51.417,2000,IVF,tuned
4,10,48.75,2000,IVF,tuned
4,33,65.208,2000,IVF,tuned
4,24,57.959,2000,IVF,tuned
4,12,57.792,2000,IVF,tuned
4,14,44.084,2000,IVF,tuned
4,21,56.459,2000,IVF,tuned
4,26,32.417,2000,IVF,tuned
5,6,57.583,2000,IVF,tuned
5,33,51.667,2000,IVF,tuned
5,7,57.542,2000,IVF,tuned
5,32,33.958,2000,IVF,tuned
5,26,32.333,2000,IVF,tuned
5,22,55.916,2000,IVF,tuned
5,24,57.792,2000,IVF,tuned
5,15,45.25,2000,IVF,tuned
5,30,52.208,2000,IVF,tuned
5,31,64.666,2000,IVF,tuned
5,23,41.792,2000,IVF,tuned
5,20,35.5,2000,IVF,tuned
5,14,43.833,2000,IVF,tuned
5,18,37.125,2000,IVF,tuned
5,11,47.167,2000,IVF,tuned
5,12,65.416,2000,IVF,tuned
5,2,38.833,2000,IVF,tuned
5,25,41.708,2000,IVF,tuned
5,10,48.5,2000,IVF,tuned
5,9,30.083,2000,IVF,tuned
5,21,56.125,2000,IVF,tuned
5,17,51.75,2000,IVF,tuned
5,4,45.5,2000,IVF,tuned
5,16,44.875,2000,IVF,tuned
5,1,41.917,2000,IVF,tuned
5,29,48.291,2000,IVF,tuned
5,3,45.708,2000,IVF,tuned
5,0,44.208,2000,IVF,tuned
5,19,38.292,2000,IVF,tuned
5,28,49.667,2000,IVF,tuned
5,8,59.25,2000,IVF,tuned
5,27,49.208,2000,IVF,tuned
5,5,41.958,2000,IVF,tuned
5,13,59.875,2000,IVF,tuned
6,33,52.416,2000,IVF,tuned
6,21,56.084,2000,IVF,tuned
6,6,56.75,2000,IVF,tuned
6,3,45.584,2000,IVF,tuned
6,25,41.459,2000,IVF,tuned
6,19,38.25,2000,IVF,tuned
6,29,48.375,2000,IVF,tuned
6,23,41.833,2000,IVF,tuned
6,9,36.167,2000,IVF,tuned
6,11,47.375,2000,IVF,tuned
6,8,65.0,2000,IVF,tuned
6,27,54.792,2000,IVF,tuned
6,28,49.375,2000,IVF,tuned
6,10,48.375,2000,IVF,tuned
6,4,53.375,2000,IVF,tuned
6,18,37.25,2000,IVF,tuned
6,7,57.084,2000,IVF,tuned
6,1,41.959,2000,IVF,tuned
6,0,44.375,2000,IVF,tuned
6,15,44.791,2000,IVF,tuned
6,20,35.583,2000,IVF,tuned
6,32,33.834,2000,IVF,tuned
6,16,44.833,2000,IVF,tuned
6,12,65.75,2000,IVF,tuned
6,26,32.041,2000,IVF,tuned
6,24,57.875,2000,IVF,tuned
6,17,51.833,2000,IVF,tuned
6,22,61.833,2000,IVF,tuned
6,5,41.791,2000,IVF,tuned
6,30,52.667,2000,IVF,tuned
6,2,38.041,2000,IVF,tuned
6,31,64.583,2000,IVF,tuned
6,14,43.833,2000,IVF,tuned
6,13,60.584,2000,IVF,tuned
7,20,36.209,2000,IVF,tuned
7,16,45.041,2000,IVF,tuned
7,2,38.125,2000,IVF,tuned
7,12,57.667,2000,IVF,tuned
7,29,48.167,2000,IVF,tuned
7,10,48.708,2000,IVF,tuned
7,22,55.875,2000,IVF,tuned
7,4,45.584,2000,IVF,tuned
7,0,44.292,2000,IVF,tuned
7,23,41.667,2000,IVF,tuned
7,19,47.958,2000,IVF,tuned
7,33,51.791,2000,IVF,tuned
7,15,44.75,2000,IVF,tuned
7,26,32.042,2000,IVF,tuned
7,28,57.541,2000,IVF,tuned
7,18,37.416,2000,IVF,tuned
7,24,57.708,2000,IVF,tuned
7,3,45.167,2000,IVF,tuned
7,8,58.959,2000,IVF,tuned
7,11,46.958,2000,IVF,tuned
7,7,57.375,2000,IVF,tuned
7,5,42.042,2000,IVF,tuned
7,1,41.875,2000,IVF,tuned
7,32,34.042,2000,IVF,tuned
7,27,49.167,2000,IVF,tuned
7,17,51.417,2000,IVF,tuned
7,9,29.709,2000,IVF,tuned
7,25,41.375,2000,IVF,tuned
7,13,60.083,2000,IVF,tuned
7,21,56.166,2000,IVF,tuned
7,30,52.291,2000,IVF,tuned
7,31,64.542,2000,IVF,tuned
7,6,57.0,2000,IVF,tuned
7,14,44.209,2000,IVF,tuned
8,16,45.334,2000,IVF,tuned
8,8,58.959,2000,IVF,tuned
8,33,51.333,2000,IVF,tuned
8,25,41.375,2000,IVF,tuned
8,18,37.458,2000,IVF,tuned
8,26,32.042,2000,IVF,tuned
8,32,34.083,2000,IVF,tuned
8,11,47.084,2000,IVF,tuned
8,27,48.917,2000,IVF,tuned
8,7,57.375,2000,IVF,tuned
8,15,44.75,2000,IVF,tuned
8,1,41.875,2000,IVF,tuned
8,22,55.5,2000,IVF,tuned
8,28,49.875,2000,IVF,tuned
8,19,45.375,2000,IVF,tuned
8,23,41.917,2000,IVF,tuned
8,0,44.041,2000,IVF,tuned
8,24,57.458,2000,IVF,tuned
8,29,48.916,2000,IVF,tuned
8,2,38.292,2000,IVF,tuned
8,31,64.375,2000,IVF,tuned
8,5,42.083,2000,IVF,tuned
8,4,45.958,2000,IVF,tuned
8,10,48.375,2000,IVF,tuned
8,6,56.791,2000,IVF,tuned
8,17,51.5,2000,IVF,tuned
8,30,52.334,2000,IVF,tuned
8,13,60.333,2000,IVF,tuned
8,3,45.125,2000,IVF,tuned
8,14,43.916,2000,IVF,tuned
8,12,57.625,2000,IVF,tuned
8,20,35.542,2000,IVF,tuned
8,21,56.209,2000,IVF,tuned
8,9,29.792,2000,IVF,tuned
9,30,52.959,2000,IVF,tuned
9,6,56.375,2000,IVF,tuned
9,28,49.167,2000,IVF,tuned
9,7,57.5,2000,IVF,tuned
9,10,48.416,2000,IVF,tuned
9,24,57.291,2000,IVF,tuned
9,13,60.209,2000,IVF,tuned
9,14,44.084,2000,IVF,tuned
9,33,51.5,2000,IVF,tuned
9,25,41.541,2000,IVF,tuned
9,0,44.25,2000,IVF,tuned
9,19,38.084,2000,IVF,tuned
9,4,45.5,2000,IVF,tuned
9,12,65.375,2000,IVF,tuned
9,5,42.417,2000,IVF,tuned
9,9,29.625,2000,IVF,tuned
9,11,46.875,2000,IVF,tuned
9,3,45.25,2000,IVF,tuned
9,16,45.083,2000,IVF,tuned
9,26,32.208,2000,IVF,tuned
9,20,35.458,2000,IVF,tuned
9,29,48.166,2000,IVF,tuned
9,2,38.25,2000,IVF,tuned
9,22,56.0,2000,IVF,tuned
9,27,49.167,2000,IVF,tuned
9,23,41.75,2000,IVF,tuned
9,1,41.916,2000,IVF,tuned
9,15,44.75,2000,IVF,tuned
9,8,59.125,2000,IVF,tuned
9,17,51.125,2000,IVF,tuned
9,31,64.667,2000,IVF,tuned
9,32,34.167,2000,IVF,tuned
9,18,37.125,2000,IVF,tuned
9,21,56.084,2000,IVF,tuned
10,13,60.25,2000,IVF,tuned
10,20,35.291,2000,IVF,tuned
10,28,49.208,2000,IVF,tuned
10,0,43.792,2000,IVF,tuned
10,30,52.125,2000,IVF,tuned
10,16,44.791,2000,IVF,tuned
10,27,48.584,2000,IVF,tuned
10,32,33.584,2000,IVF,tuned
10,12,57.542,2000,IVF,tuned
10,1,41.666,2000,IVF,tuned
10,2,38.375,2000,IVF,tuned
10,19,38.25,2000,IVF,tuned
10,6,56.584,2000,IVF,tuned
10,33,51.458,2000,IVF,tuned
10,15,52.333,2000,IVF,tuned
10,7,57.75,2000,IVF,tuned
10,8,58.959,2000,IVF,tuned
10,23,41.709,2000,IVF,tuned
10,5,42.042,2000,IVF,tuned
10,25,41.458,2000,IVF,tuned
10,21,56.083,2000,IVF,tuned
10,18,36.834,2000,IVF,tuned
10,10,48.834,2000,IVF,tuned
10,9,29.417,2000,IVF,tuned
10,29,48.583,2000,IVF,tuned
10,22,55.583,2000,IVF,tuned
10,17,51.166,2000,IVF,tuned
10,24,57.542,2000,IVF,tuned
10,31,64.459,2000,IVF,tuned
10,3,45.375,2000,IVF,tuned
10,4,45.417,2000,IVF,tuned
10,26,32.292,2000,IVF,tuned
10,11,46.834,2000,IVF,tuned
10,14,43.958,2000,IVF,tuned
0,10,1207.709,10000,Flat,tuned
0,33,1153.084,10000,Flat,tuned
0,24,1160.0,10000,Flat,tuned
0,5,1166.333,10000,Flat,tuned
0,29,1161.25,10000,Flat,tuned
0,19,1174.792,10000,Flat,tuned
0,7,1167.375,10000,Flat,tuned
0,20,1167.5,10000,Flat,tuned
0,28,1185.709,10000,Flat,tuned
0,18,1171.042,10000,Flat,tuned
0,23,1165.458,10000,Flat,tuned
0,30,1197.583,10000,Flat,tuned
0,22,1200.209,10000,Flat,tuned
0,6,1163.917,10000,Flat,tuned
0,25,1335.917,10000,Flat,tuned
0,16,1166.125,10000,Flat,tuned
0,9,1157.625,10000,Flat,tuned
0,26,1159.167,10000,Flat,tuned
0,3,1158.334,10000,Flat,tuned
0,0,1166.0,10000,Flat,tuned
0,15,1156.791,10000,Flat,tuned
0,17,1183.458,10000,Flat,tuned
0,27,1190.167,10000,Flat,tuned
0,12,1166.25,10000,Flat,tuned
0,21,1177.5,10000,Flat,tuned
0,11,1166.292,10000,Flat,tuned
0,14,1155.25,10000,Flat,tuned
0,32,1323.458,10000,Flat,tuned
0,2,1170.709,10000,Flat,tuned
0,4,1157.291,10000,Flat,tuned
0,31,1204.416,10000,Flat,tuned
0,1,1164.666,10000,Flat,tuned
0,13,1163.333,10000,Flat,tuned
0,8,1160.084,10000,Flat,tuned
1,33,1175.25,10000,Flat,tuned
1,10,1168.5,10000,Flat,tuned
1,18,1170.333,10000,Flat,tuned
1,26,1155.625,10000,Flat,tuned
1,7,1155.291,10000,Flat,tuned
1,17,1183.625,10000,Flat,tuned
1,25,1162.208,10000,Flat,tuned
1,12,1280.083,10000,Flat,tuned
1,8,1155.042,10000,Flat,tuned
1,6,1150.667,10000,Flat,tuned
1,22,1222.042,10000,Flat,tuned
1,5,1164.333,10000,Flat,tuned
1,1,1161.167,10000,Flat,tuned
1,27,1160.125,10000,Flat,tuned
1,32,1158.709,10000,Flat,tuned
1,21,1173.417,10000,Flat,tuned
1,3,1186.5,10000,Flat,tuned
1,20,1158.75,10000,Flat,tuned
1,14,1160.666,10000,Flat,tuned
1,19,1158.583,10000,Flat,tuned
1,11,1155.417,10000,Flat,tuned
1,2,1238.208,10000,Flat,tuned
1,0,1155.584,10000,Flat,tuned
1,24,1169.334,10000,Flat,tuned
1,29,1183.667,10000,Flat,tuned
1,4,1163.375,10000,Flat,tuned
1,30,1159.125,10000,Flat,tuned
1,15,1173.083,10000,Flat,tuned
1,16,1161.834,10000,Flat,tuned
1,23,1179.541,10000,Flat,tuned
1,28,1183.042,10000,Flat,tuned
1,13,1170.667,10000,Flat,tuned
1,9,1163.833,10000,Flat,tuned
1,31,1175.0,10000,Flat,tuned
2,15,1209.291,10000,Flat,tuned
2,16,1175.625,10000,Flat,tuned
2,2,1155.208,10000,Flat,tuned
2,25,1172.667,10000,Flat,tuned
2,8,1212.292,10000,Flat,tuned
2,23,1164.125,10000,Flat,tuned
2,6,1158.041,10000,Flat,tuned
2,26,1173.5,10000,Flat,tuned
2,4,1167.084,10000,Flat,tuned
2,9,1161.459,10000,Flat,tuned
2,12,1186.25,10000,Flat,tuned
2,19,1169.625,10000,Flat,tuned
2,14,1163.458,10000,Flat,tuned
2,18,1163.084,10000,Flat,tuned
2,13,1177.5,10000,Flat,tuned
2,11,1164.125,10000,Flat,tuned
2,33,1335.959,10000,Flat,tuned
2,3,1172.375,10000,Flat,tuned
2,7,1156.792,10000,Flat,tuned
2,5,1195.375,10000,Flat,tuned
2,24,1162.25,10000,Flat,tuned
2,17,1161.625,10000,Flat,tuned
2,0,1164.208,10000,Flat,tuned
2,22,1160.917,10000,Flat,tuned
2,30,1197.917,10000,Flat,tuned
2,27,1183.416,10000,Flat,tuned
2,28,1166.417,10000,Flat,tuned
2,10,1165.333,10000,Flat,tuned
2,20,1164.625,10000,Flat,tuned
2,21,1169.458,10000,Flat,tuned
2,29,1333.333,10000,Flat,tuned
2,32,1168.542,10000,Flat,tuned
2,31,1164.583,10000,Flat,tuned
2,1,1187.458,10000,Flat,tuned
3,4,1171.083,10000,Flat,tuned
3,0,1157.416,10000,Flat,tuned
3,11,1161.416,10000,Flat,tuned
3,6,1163.084,10000,Flat,tuned
3,31,1207.958,10000,Flat,tuned
3,20,1166.208,10000,Flat,tuned
3,8,1153.792,10000,Flat,tuned
3,2,1154.708,10000,Flat,tuned
3,32,1162.041,10000,Flat,tuned
3,25,1299.291,10000,Flat,tuned
3,13,1198.459,10000,Flat,tuned
3,21,1163.417,10000,Flat,tuned
3,30,1159.667,10000,Flat,tuned
3,15,1156.416,10000,Flat,tuned
3,33,1156.959,10000,Flat,tuned
3,28,1169.833,10000,Flat,tuned
3,3,1163.75,10000,Flat,tuned
3,5,1170.458,10000,Flat,tuned
3,16,1196.375,10000,Flat,tuned
3,9,1171.875,10000,Flat,tuned
3,17,1159.666,10000,Flat,tuned
3,1,1169.333,10000,Flat,tuned
3,27,1169.0,10000,Flat,tuned
3,22,1181.333,10000,Flat,tuned
3,7,1153.0,10000,Flat,tuned
3,29,1153.625,10000,Flat,tuned
3,24,1198.083,10000,Flat,tuned
3,12,1195.375,10000,Flat,tuned
3,23,1167.25,10000,Flat,tuned
3,14,1154.167,10000,Flat,tuned
3,18,1162.584,10000,Flat,tuned
3,10,1161.917,10000,Flat,tuned
3,19,1167.875,10000,Flat,tuned
3,26,1202.333,10000,Flat,tuned
4,31,1176.834,10000,Flat,tuned
4,6,1156.292,10000,Flat,tuned
4,7,1267.417,10000,Flat,tuned
4,13,1259.917,10000,Flat,tuned
4,28,1196.708,10000,Flat,tuned
4,25,1182.958,10000,Flat,tuned
4,5,1161.0,10000,Flat,tuned
4,23,1161.416,10000,Flat,tuned
4,8,1162.625,10000,Flat,tuned
4,15,1177.458,10000,Flat,tuned
4,29,1190.5,10000,Flat,tuned
4,3,1176.917,10000,Flat,tuned
4,1,1198.834,10000,Flat,tuned
4,32,1176.875,10000,Flat,tuned
4,30,1171.083,10000,Flat,tuned
4,0,1177.5,10000,Flat,tuned
4,4,1178.708,10000,Flat,tuned
4,19,1197.625,10000,Flat,tuned
4,16,1231.417,10000,Flat,tuned
4,18,1160.917,10000,Flat,tuned
4,9,1168.042,10000,Flat,tuned
4,2,1177.542,10000,Flat,tuned
4,20,1161.459,10000,Flat,tuned
4,27,1162.333,10000,Flat,tuned
4,22,1160.541,10000,Flat,tuned
4,11,1167.666,10000,Flat,tuned
4,17,1222.333,10000,Flat,tuned
4,10,1174.833,10000,Flat,tuned
4,33,1154.875,10000,Flat,tuned
4,24,1160.583,10000,Flat,tuned
4,12,1156.584,10000,Flat,tuned
4,14,1258.792,10000,Flat,tuned
4,21,1191.542,10000,Flat,tuned
4,26,1163.458,10000,Flat,tuned
5,6,1182.791,10000,Flat,tuned
5,33,1158.334,10000,Flat,tuned
5,7,1201.541,10000,Flat,tuned
5,32,1168.125,10000,Flat,tuned
5,26,1161.708,10000,Flat,tuned
5,22,1182.125,10000,Flat,tuned
5,24,1198.458,10000,Flat,tuned
5,15,1178.166,10000,Flat,tuned
5,30,1158.917,10000,Flat,tuned
5,31,1164.291,10000,Flat,tuned
5,23,1355.416,10000,Flat,tuned
5,20,1206.834,10000,Flat,tuned
5,14,1153.083,10000,Flat,tuned
5,18,1204.417,10000,Flat,tuned
5,11,1178.958,10000,Flat,tuned
5,12,1168.916,10000,Flat,tuned
5,2,1157.5,10000,Flat,tuned
5,25,1177.625,10000,Flat,tuned
5,10,1172.166,10000,Flat,tuned
5,9,1170.209,10000,Flat,tuned
5,21,1169.042,10000,Flat,tuned
5,17,1168.208,10000,Flat,tuned
5,4,1172.042,10000,Flat,tuned
5,16,1179.042,10000,Flat,tuned
5,1,1188.5,10000,Flat,tuned
5,29,1271.0,10000,Flat,tuned
5,3,1178.917,10000,Flat,tuned
5,0,1157.083,10000,Flat,tuned
5,19,1217.792,10000,Flat,tuned
5,28,1160.75,10000,Flat,tuned
5,8,1159.166,10000,Flat,tuned
5,27,1296.0,10000,Flat,tuned
5,5,1306.333,10000,Flat,tuned
5,13,1223.833,10000,Flat,tuned
6,33,1182.5,10000,Flat,tuned
6,21,1160.416,10000,Flat,tuned
6,6,1161.5,10000,Flat,tuned
6,3,1268.25,10000,Flat,tuned
6,25,1276.583,10000,Flat,tuned
6,19,1160.334,10000,Flat,tuned
6,29,1184.25,10000,Flat,tuned
6,23,1164.25,10000,Flat,tuned
6,9,1156.916,10000,Flat,tuned
6,11,1163.125,10000,Flat,tuned
6,8,1176.917,10000,Flat,tuned
6,27,1170.0,10000,Flat,tuned
6,28,1183.625,10000,Flat,tuned
6,10,1179.5,10000,Flat,tuned
6,4,1162.25,10000,Flat,tuned
6,18,1165.459,10000,Flat,tuned
6,7,1156.209,10000,Flat,tuned
6,1,1186.792,10000,Flat,tuned
6,0,1232.167,10000,Flat,tuned
6,15,1151.75,10000,Flat,tuned
6,20,1205.0,10000,Flat,tuned
6,32,1183.25,10000,Flat,tuned
6,16,1163.791,10000,Flat,tuned
6,12,1160.583,10000,Flat,tuned
6,26,1162.25,10000,Flat,tuned
6,24,1171.709,10000,Flat,tuned
6,17,1184.584,10000,Flat,tuned
6,22,1191.0,10000,Flat,tuned
6,5,1163.625,10000,Flat,tuned
6,30,1180.583,10000,Flat,tuned
6,2,1164.25,10000,Flat,tuned
6,31,1162.583,10000,Flat,tuned
6,14,1198.75,10000,Flat,tuned
6,13,1229.458,10000,Flat,tuned
7,20,1196.583,10000,Flat,tuned
7,16,1154.209,10000,Flat,tuned
7,2,1154.709,10000,Flat,tuned
7,12,1156.625,10000,Flat,tuned
7,29,1182.792,10000,Flat,tuned
7,10,1157.917,10000,Flat,tuned
7,22,1184.791,10000,Flat,tuned
7,4,1192.792,10000,Flat,tuned
7,0,1172.958,10000,Flat,tuned
7,23,1170.0,10000,Flat,tuned
7,19,1164.5,10000,Flat,tuned
7,33,1174.25,10000,Flat,tuned
7,15,1241.709,10000,Flat,tuned
7,26,1236.833,10000,Flat,tuned
7,28,1151.584,10000,Flat,tuned
7,18,1178.0,10000,Flat,tuned
7,24,1183.25,10000,Flat,tuned
7,3,1173.459,10000,Flat,tuned
7,8,1163.209,10000,Flat,tuned
7,11,1152.541,10000,Flat,tuned
7,7,1164.833,10000,Flat,tuned
7,5,1187.417,10000,Flat,tuned
7,1,1177.5,10000,Flat,tuned
7,32,1168.583,10000,Flat,tuned
7,27,1161.042,10000,Flat,tuned
7,17,1171.833,10000,Flat,tuned
7,9,1341.875,10000,Flat,tuned
7,25,1205.291,10000,Flat,tuned
7,13,1159.917,10000,Flat,tuned
7,21,1162.292,10000,Flat,tuned
7,30,1159.958,10000,Flat,tuned
7,31,1167.125,10000,Flat,tuned
7,6,1153.209,10000,Flat,tuned
7,14,1183.041,10000,Flat,tuned
8,16,1203.875,10000,Flat,tuned
8,8,1154.958,10000,Flat,tuned
8,33,1157.458,10000,Flat,tuned
8,25,1157.541,10000,Flat,tuned
8,18,1156.0,10000,Flat,tuned
8,26,1242.709,10000,Flat,tuned
8,32,1172.458,10000,Flat,tuned
8,11,1155.875,10000,Flat,tuned
8,27,1217.375,10000,Flat,tuned
8,7,1164.542,10000,Flat,tuned
8,15,1168.875,10000,Flat,tuned
8,1,1161.208,10000,Flat,tuned
8,22,1163.333,10000,Flat,tuned
8,28,1168.792,10000,Flat,tuned
8,19,1167.333,10000,Flat,tuned
8,23,1191.625,10000,Flat,tuned
8,0,1189.25,10000,Flat,tuned
8,24,1171.958,10000,Flat,tuned
8,29,1167.583,10000,Flat,tuned
8,2,1176.125,10000,Flat,tuned
8,31,1219.917,10000,Flat,tuned
8,5,1200.459,10000,Flat,tuned
8,4,1157.417,10000,Flat,tuned
8,10,1196.042,10000,Flat,tuned
8,6,1156.75,10000,Flat,tuned
8,17,1162.458,10000,Flat,tuned
8,30,1165.5,10000,Flat,tuned
8,13,1173.208,10000,Flat,tuned
8,3,1206.708,10000,Flat,tuned
8,14,1188.375,10000,Flat,tuned
8,12,1165.25,10000,Flat,tuned
8,20,1163.459,10000,Flat,tuned
8,21,1181.0,10000,Flat,tuned
8,9,1173.916,10000,Flat,tuned
9,30,1171.25,10000,Flat,tuned
9,6,1153.833,10000,Flat,tuned
9,28,1167.709,10000,Flat,tuned
9,7,1171.542,10000,Flat,tuned
9,10,1159.417,10000,Flat,tuned
9,24,1159.334,10000,Flat,tuned
9,13,1164.042,10000,Flat,tuned
9,14,1177.75,10000,Flat,tuned
9,33,1190.541,10000,Flat,tuned
9,25,1175.417,10000,Flat,tuned
9,0,1164.375,10000,Flat,tuned
9,19,1162.125,10000,Flat,tuned
9,4,1164.083,10000,Flat,tuned
9,12,1168.917,10000,Flat,tuned
9,5,1345.625,10000,Flat,tuned
9,9,1183.125,10000,Flat,tuned
9,11,1152.042,10000,Flat,tuned
9,3,1200.5,10000,Flat,tuned
9,16,1163.375,10000,Flat,tuned
9,26,1160.333,10000,Flat,tuned
9,20,1197.625,10000,Flat,tuned
9,29,1169.75,10000,Flat,tuned
9,2,1201.958,10000,Flat,tuned
9,22,1170.084,10000,Flat,tuned
9,27,1159.792,10000,Flat,tuned
9,23,1176.708,10000,Flat,tuned
9,1,1170.5,10000,Flat,tuned
9,15,1171.208,10000,Flat,tuned
9,8,1232.167,10000,Flat,tuned
9,17,1172.625,10000,Flat,tuned
9,31,1165.625,10000,Flat,tuned
9,32,1185.417,10000,Flat,tuned
9,18,1163.125,10000,Flat,tuned
9,21,1161.334,10000,Flat,tuned
10,13,1189.25,10000,Flat,tuned
10,20,1170.583,10000,Flat,tuned
10,28,1195.167,10000,Flat,tuned
10,0,1157.875,10000,Flat,tuned
10,30,1156.708,10000,Flat,tuned
10,16,1152.458,10000,Flat,tuned
10,27,1238.167,10000,Flat,tuned
10,32,1323.959,10000,Flat,tuned
10,12,1159.375,10000,Flat,tuned
10,1,1165.917,10000,Flat,tuned
10,2,1215.833,10000,Flat,tuned
10,19,1165.5,10000,Flat,tuned
10,6,1162.542,10000,Flat,tuned
10,33,1175.458,10000,Flat,tuned
10,15,1157.334,10000,Flat,tuned
10,7,1160.792,10000,Flat,tuned
10,8,1163.333,10000,Flat,tuned
10,23,1178.083,10000,Flat,tuned
10,5,1360.458,10000,Flat,tuned
10,25,1193.75,10000,Flat,tuned
10,21,1173.25,10000,Flat,tuned
10,18,1171.041,10000,Flat,tuned
10,10,1167.416,10000,Flat,tuned
10,9,1185.292,10000,Flat,tuned
10,29,1161.792,10000,Flat,tuned
10,22,1154.166,10000,Flat,tuned
10,17,1160.917,10000,Flat,tuned
10,24,1170.417,10000,Flat,tuned
10,31,1157.0,10000,Flat,tuned
10,3,1166.625,10000,Flat,tuned
10,4,1191.5,10000,Flat,tuned
10,26,1153.084,10000,Flat,tuned
10,11,1148.167,10000,Flat,tuned
10,14,1148.125,10000,Flat,tuned
0,10,27.708,10000,HNSW,tuned
0,33,16.459,10000,HNSW,tuned
0,24,16.917,10000,HNSW,tuned
0,5,17.75,10000,HNSW,tuned
0,29,18.333,10000,HNSW,tuned
0,19,17.125,10000,HNSW,tuned
0,7,28.459,10000,HNSW,tuned
0,20,19.542,10000,HNSW,tuned
0,28,16.333,10000,HNSW,tuned
0,18,15.333,10000,HNSW,tuned
0,23,14.834,10000,HNSW,tuned
0,30,15.709,10000,HNSW,tuned
0,22,22.208,10000,HNSW,tuned
0,6,18.291,10000,HNSW,tuned
0,25,19.75,10000,HNSW,tuned
0,16,18.25,10000,HNSW,tuned
0,9,16.375,10000,HNSW,tuned
0,26,14.167,10000,HNSW,tuned
0,3,27.166,10000,HNSW,tuned
0,0,18.958,10000,HNSW,tuned
0,15,15.666,10000,HNSW,tuned
0,17,16.375,10000,HNSW,tuned
0,27,17.125,10000,HNSW,tuned
0,12,17.75,10000,HNSW,tuned
0,21,35.458,10000,HNSW,tuned
0,11,19.666,10000,HNSW,tuned
0,14,16.834,10000,HNSW,tuned
0,32,21.334,10000,HNSW,tuned
0,2,16.75,10000,HNSW,tuned
0,4,15.375,10000,HNSW,tuned
0,31,19.667,10000,HNSW,tuned
0,1,17.084,10000,HNSW,tuned
0,13,35.125,10000,HNSW,tuned
0,8,15.375,10000,HNSW,tuned
1,33,16.0,10000,HNSW,tuned
1,10,26.708,10000,HNSW,tuned
1,18,14.917,10000,HNSW,tuned
1,26,13.5,10000,HNSW,tuned
1,7,27.791,10000,HNSW,tuned
1,17,15.792,10000,HNSW,tuned
1,25,19.584,10000,HNSW,tuned
1,12,17.5,10000,HNSW,tuned
1,8,14.75,10000,HNSW,tuned
1,6,17.666,10000,HNSW,tuned
1,22,21.458,10000,HNSW,tuned
1,5,17.375,10000,HNSW,tuned
1,1,16.167,10000,HNSW,tuned
1,27,16.667,10000,HNSW,tuned
1,32,19.917,10000,HNSW,tuned
1,21,34.792,10000,HNSW,tuned
1,3,26.458,10000,HNSW,tuned
1,20,18.959,10000,HNSW,tuned
1,14,16.5,10000,HNSW,tuned
1,19,16.75,10000,HNSW,tuned
1,11,19.417,10000,HNSW,tuned
1,2,15.834,10000,HNSW,tuned
1,0,17.792,10000,HNSW,tuned
1,24,16.875,10000,HNSW,tuned
1,29,18.25,10000,HNSW,tuned
1,4,14.958,10000,HNSW,tuned
1,30,15.916,10000,HNSW,tuned
1,15,15.583,10000,HNSW,tuned
1,16,28.833,10000,HNSW,tuned
1,23,15.459,10000,HNSW,tuned
1,28,16.292,10000,HNSW,tuned
1,13,34.25,10000,HNSW,tuned
1,9,16.167,10000,HNSW,tuned
1,31,19.25,10000,HNSW,tuned
2,15,15.875,10000,HNSW,tuned
2,16,17.584,10000,HNSW,tuned
2,2,15.708,10000,HNSW,tuned
2,25,18.667,10000,HNSW,tuned
2,8,14.708,10000,HNSW,tuned
2,23,14.292,10000,HNSW,tuned
2,6,17.792,10000,HNSW,tuned
2,26,13.708,10000,HNSW,tuned
2,4,14.709,10000,HNSW,tuned
2,9,16.042,10000,HNSW,tuned
2,12,17.417,10000,HNSW,tuned
2,19,16.709,10000,HNSW,tuned
2,14,16.333,10000,HNSW,tuned
2,18,14.833,10000,HNSW,tuned
2,13,33.167,10000,HNSW,tuned
2,11,34.5,10000,HNSW,tuned
2,33,20.125,10000,HNSW,tuned
2,3,26.25,10000,HNSW,tuned
2,7,27.667,10000,HNSW,tuned
2,5,17.334,10000,HNSW,tuned
2,24,26.709,10000,HNSW,tuned
2,17,16.75,10000,HNSW,tuned
2,0,17.958,10000,HNSW,tuned
2,22,21.583,10000,HNSW,tuned
2,30,16.375,10000,HNSW,tuned
2,27,16.542,10000,HNSW,tuned
2,28,16.334,10000,HNSW,tuned
2,10,26.917,10000,HNSW,tuned
2,20,19.459,10000,HNSW,tuned
2,21,34.709,10000,HNSW,tuned
2,29,18.459,10000,HNSW,tuned
2,32,20.792,10000,HNSW,tuned
2,31,19.583,10000,HNSW,tuned
2,1,16.875,10000,HNSW,tuned
3,4,15.041,10000,HNSW,tuned
3,0,17.584,10000,HNSW,tuned
3,11,19.292,10000,HNSW,tuned
3,6,17.667,10000,HNSW,tuned
3,31,17.834,10000,HNSW,tuned
3,20,18.459,10000,HNSW,tuned
3,8,14.959,10000,HNSW,tuned
3,2,15.458,10000,HNSW,tuned
3,32,18.791,10000,HNSW,tuned
3,25,18.708,10000,HNSW,tuned
3,13,32.5,10000,HNSW,tuned
3,21,42.167,10000,HNSW,tuned
3,30,15.833,10000,HNSW,tuned
3,15,15.208,10000,HNSW,tuned
3,33,14.667,10000,HNSW,tuned
3,28,15.75,10000,HNSW,tuned
3,3,25.708,10000,HNSW,tuned
3,5,17.291,10000,HNSW,tuned
3,16,17.416,10000,HNSW,tuned
3,9,15.625,10000,HNSW,tuned
3,17,15.542,10000,HNSW,tuned
3,1,15.791,10000,HNSW,tuned
3,27,16.541,10000,HNSW,tuned
3,22,21.333,10000,HNSW,tuned
3,7,27.209,10000,HNSW,tuned
3,29,17.916,10000,HNSW,tuned
3,24,16.792,10000,HNSW,tuned
3,12,17.333,10000,HNSW,tuned
3,23,14.416,10000,HNSW,tuned
3,14,16.333,10000,HNSW,tuned
3,18,14.583,10000,HNSW,tuned
3,10,25.875,10000,HNSW,tuned
3,19,16.75,10000,HNSW,tuned
3,26,13.583,10000,HNSW,tuned
4,31,17.583,10000,HNSW,tuned
4,6,17.625,10000,HNSW,tuned
4,7,26.416,10000,HNSW,tuned
4,13,32.625,10000,HNSW,tuned
4,28,15.792,10000,HNSW,tuned
4,25,26.958,10000,HNSW,tuned
4,5,17.042,10000,HNSW,tuned
4,23,14.125,10000,HNSW,tuned
4,8,14.333,10000,HNSW,tuned
4,15,14.959,10000,HNSW,tuned
4,29,17.458,10000,HNSW,tuned
4,3,25.0,10000,HNSW,tuned
4,1,15.917,10000,HNSW,tuned
4,32,19.167,10000,HNSW,tuned
4,30,15.25,10000,HNSW,tuned
4,0,17.375,10000,HNSW,tuned
4,4,14.417,10000,HNSW,tuned
4,19,16.25,10000,HNSW,tuned
4,16,17.333,10000,HNSW,tuned
4,18,14.333,10000,HNSW,tuned
4,9,15.25,10000,HNSW,tuned
4,2,15.458,10000,HNSW,tuned
4,20,18.292,10000,HNSW,tuned
4,27,16.459,10000,HNSW,tuned
4,22,20.833,10000,HNSW,tuned
4,11,19.125,10000,HNSW,tuned
4,17,15.375,10000,HNSW,tuned
4,10,25.417,10000,HNSW,tuned
4,33,15.208,10000,HNSW,tuned
4,24,16.333,10000,HNSW,tuned
4,12,16.959,10000,HNSW,tuned
4,14,16.25,10000,HNSW,tuned
4,21,33.416,10000,HNSW,tuned
4,26,13.333,10000,HNSW,tuned
5,6,17.958,10000,HNSW,tuned
5,33,23.25,10000,HNSW,tuned
5,7,26.792,10000,HNSW,tuned
5,32,18.709,10000,HNSW,tuned
5,26,13.25,10000,HNSW,tuned
5,22,20.583,10000,HNSW,tuned
5,24,15.833,10000,HNSW,tuned
5,15,15.083,10000,HNSW,tuned
5,30,14.833,10000,HNSW,tuned
5,31,17.25,10000,HNSW,tuned
5,23,14.208,10000,HNSW,tuned
5,20,18.166,10000,HNSW,tuned
5,14,15.916,10000,HNSW,tuned
5,18,14.25,10000,HNSW,tuned
5,11,18.791,10000,HNSW,tuned
5,12,17.125,10000,HNSW,tuned
5,2,15.416,10000,HNSW,tuned
5,25,18.583,10000,HNSW,tuned
5,10,25.125,10000,HNSW,tuned
5,9,15.458,10000,HNSW,tuned
5,21,32.458,10000,HNSW,tuned
5,17,15.334,10000,HNSW,tuned
5,4,14.5,10000,HNSW,tuned
5,16,17.083,10000,HNSW,tuned
5,1,15.792,10000,HNSW,tuned
5,29,17.75,10000,HNSW,tuned
5,3,25.083,10000,HNSW,tuned
5,0,17.666,10000,HNSW,tuned
5,19,16.25,10000,HNSW,tuned
5,28,15.584,10000,HNSW,tuned
5,8,14.542,10000,HNSW,tuned
5,27,16.375,10000,HNSW,tuned
5,5,16.792,10000,HNSW,tuned
5,13,32.5,10000,HNSW,tuned
6,33,15.208,10000,HNSW,tuned
6,21,31.833,10000,HNSW,tuned
6,6,17.458,10000,HNSW,tuned
6,3,24.333,10000,HNSW,tuned
6,25,18.666,10000,HNSW,tuned
6,19,16.125,10000,HNSW,tuned
6,29,17.416,10000,HNSW,tuned
6,23,14.416,10000,HNSW,tuned
6,9,15.291,10000,HNSW,tuned
6,11,18.667,10000,HNSW,tuned
6,8,14.417,10000,HNSW,tuned
6,27,16.209,10000,HNSW,tuned
6,28,15.5,10000,HNSW,tuned
6,10,25.25,10000,HNSW,tuned
6,4,14.417,10000,HNSW,tuned
6,18,14.417,10000,HNSW,tuned
6,7,26.542,10000,HNSW,tuned
6,1,16.167,10000,HNSW,tuned
6,0,17.125,10000,HNSW,tuned
6,15,15.291,10000,HNSW,tuned
6,20,18.625,10000,HNSW,tuned
6,32,19.333,10000,HNSW,tuned
6,16,17.25,10000,HNSW,tuned
6,12,17.25,10000,HNSW,tuned
6,26,13.541,10000,HNSW,tuned
6,24,16.25,10000,HNSW,tuned
6,17,15.209,10000,HNSW,tuned
6,22,20.875,10000,HNSW,tuned
6,5,16.709,10000,HNSW,tuned
6,30,15.459,10000,HNSW,tuned
6,2,15.292,10000,HNSW,tuned
6,31,18.417,10000,HNSW,tuned
6,14,16.167,10000,HNSW,tuned
6,13,32.042,10000,HNSW,tuned
7,20,19.375,10000,HNSW,tuned
7,16,17.0,10000,HNSW,tuned
7,2,15.084,10000,HNSW,tuned
7,12,16.833,10000,HNSW,tuned
7,29,17.416,10000,HNSW,tuned
7,10,47.375,10000,HNSW,tuned
7,22,20.834,10000,HNSW,tuned
7,4,14.375,10000,HNSW,tuned
7,0,17.833,10000,HNSW,tuned
7,23,14.417,10000,HNSW,tuned
7,19,16.125,10000,HNSW,tuned
7,33,14.875,10000,HNSW,tuned
7,15,15.0,10000,HNSW,tuned
7,26,13.25,10000,HNSW,tuned
7,28,15.417,10000,HNSW,tuned
7,18,14.5,10000,HNSW,tuned
7,24,16.25,10000,HNSW,tuned
7,3,26.833,10000,HNSW,tuned
7,8,15.25,10000,HNSW,tuned
7,11,19.167,10000,HNSW,tuned
7,7,26.75,10000,HNSW,tuned
7,5,17.083,10000,HNSW,tuned
7,1,15.958,10000,HNSW,tuned
7,32,19.083,10000,HNSW,tuned
7,27,16.167,10000,HNSW,tuned
7,17,15.625,10000,HNSW,tuned
7,9,15.791,10000,HNSW,tuned
7,25,18.708,10000,HNSW,tuned
7,13,32.208,10000,HNSW,tuned
7,21,51.417,10000,HNSW,tuned
7,30,15.542,10000,HNSW,tuned
7,31,18.542,10000,HNSW,tuned
7,6,18.083,10000,HNSW,tuned
7,14,16.25,10000,HNSW,tuned
8,16,18.416,10000,HNSW,tuned
8,8,14.542,10000,HNSW,tuned
8,33,14.458,10000,HNSW,tuned
8,25,18.25,10000,HNSW,tuned
8,18,14.333,10000,HNSW,tuned
8,26,13.167,10000,HNSW,tuned
8,32,18.167,10000,HNSW,tuned
8,11,26.667,10000,HNSW,tuned
8,27,16.083,10000,HNSW,tuned
8,7,26.625,10000,HNSW,tuned
8,15,14.959,10000,HNSW,tuned
8,1,15.875,10000,HNSW,tuned
8,22,20.416,10000,HNSW,tuned
8,28,15.5,10000,HNSW,tuned
8,19,15.833,10000,HNSW,tuned
8,23,14.292,10000,HNSW,tuned
8,0,17.25,10000,HNSW,tuned
8,24,16.25,10000,HNSW,tuned
8,29,17.625,10000,HNSW,tuned
8,2,15.292,10000,HNSW,tuned
8,31,17.833,10000,HNSW,tuned
8,5,16.916,10000,HNSW,tuned
8,4,14.833,10000,HNSW,tuned
8,10,25.625,10000,HNSW,tuned
8,6,17.542,10000,HNSW,tuned
8,17,15.584,10000,HNSW,tuned
8,30,15.292,10000,HNSW,tuned
8,13,31.541,10000,HNSW,tuned
8,3,25.958,10000,HNSW,tuned
8,14,16.083,10000,HNSW,tuned
8,12,16.709,10000,HNSW,tuned
8,20,18.583,10000,HNSW,tuned
8,21,32.5,10000,HNSW,tuned
8,9,15.25,10000,HNSW,tuned
9,30,15.583,10000,HNSW,tuned
9,6,17.334,10000,HNSW,tuned
9,28,15.375,10000,HNSW,tuned
9,7,26.667,10000,HNSW,tuned
9,10,25.167,10000,HNSW,tuned
9,24,16.0,10000,HNSW,tuned
9,13,31.291,10000,HNSW,tuned
9,14,15.916,10000,HNSW,tuned
9,33,14.75,10000,HNSW,tuned
9,25,18.334,10000,HNSW,tuned
9,0,17.25,10000,HNSW,tuned
9,19,15.917,10000,HNSW,tuned
9,4,14.709,10000,HNSW,tuned
9,12,16.792,10000,HNSW,tuned
9,5,16.75,10000,HNSW,tuned
9,9,15.167,10000,HNSW,tuned
9,11,18.667,10000,HNSW,tuned
9,3,25.208,10000,HNSW,tuned
9,16,16.916,10000,HNSW,tuned
9,26,13.167,10000,HNSW,tuned
9,20,18.375,10000,HNSW,tuned
9,29,17.541,10000,HNSW,tuned
9,2,15.25,10000,HNSW,tuned
9,22,20.209,10000,HNSW,tuned
9,27,16.125,10000,HNSW,tuned
9,23,14.375,10000,HNSW,tuned
9,1,15.958,10000,HNSW,tuned
9,15,15.042,10000,HNSW,tuned
9,8,14.583,10000,HNSW,tuned
9,17,15.542,10000,HNSW,tuned
9,31,30.25,10000,HNSW,tuned
9,32,19.833,10000,HNSW,tuned
9,18,14.708,10000,HNSW,tuned
9,21,32.375,10000,HNSW,tuned
10,13,32.0,10000,HNSW,tuned
10,20,18.125,10000,HNSW,tuned
10,28,15.375,10000,HNSW,tuned
10,0,17.042,10000,HNSW,tuned
10,30,30.042,10000,HNSW,tuned
10,16,17.417,10000,HNSW,tuned
10,27,16.0,10000,HNSW,tuned
10,32,18.958,10000,HNSW,tuned
10,12,16.875,10000,HNSW,tuned
10,1,15.791,10000,HNSW,tuned
10,2,15.083,10000,HNSW,tuned
10,19,16.0,10000,HNSW,tuned
10,6,17.333,10000,HNSW,tuned
10,33,15.208,10000,HNSW,tuned
10,15,15.167,10000,HNSW,tuned
10,7,26.416,10000,HNSW,tuned
10,8,14.375,10000,HNSW,tuned
10,23,26.167,10000,HNSW,tuned
10,5,16.791,10000,HNSW,tuned
10,25,18.666,10000,HNSW,tuned
10,21,32.083,10000,HNSW,tuned
10,18,14.125,10000,HNSW,tuned
10,10,34.75,10000,HNSW,tuned
10,9,15.709,10000,HNSW,tuned
10,29,17.625,10000,HNSW,tuned
10,22,20.666,10000,HNSW,tuned
10,17,15.458,10000,HNSW,tuned
10,24,16.25,10000,HNSW,tuned
10,31,17.833,10000,HNSW,tuned
10,3,24.666,10000,HNSW,tuned
10,4,14.667,10000,HNSW,tuned
10,26,13.5,10000,HNSW,tuned
10,11,18.834,10000,HNSW,tuned
10,14,16.292,10000,HNSW,tuned
0,10,27.291,10000,HNSW,fixed
0,33,14.75,10000,HNSW,fixed
0,24,16.416,10000,HNSW,fixed
0,5,17.916,10000,HNSW,fixed
0,29,17.542,10000,HNSW,fixed
0,19,17.0,10000,HNSW,fixed
0,7,28.125,10000,HNSW,fixed
0,20,18.959,10000,HNSW,fixed
0,28,15.917,10000,HNSW,fixed
0,18,14.666,10000,HNSW,fixed
0,23,14.625,10000,HNSW,fixed
0,30,15.708,10000,HNSW,fixed
0,22,21.25,10000,HNSW,fixed
0,6,18.458,10000,HNSW,fixed
0,25,19.583,10000,HNSW,fixed
0,16,17.708,10000,HNSW,fixed
0,9,16.458,10000,HNSW,fixed
0,26,14.167,10000,HNSW,fixed
0,3,26.667,10000,HNSW,fixed
0,0,18.583,10000,HNSW,fixed
0,15,16.083,10000,HNSW,fixed
0,17,16.166,10000,HNSW,fixed
0,27,16.584,10000,HNSW,fixed
0,12,17.834,10000,HNSW,fixed
0,21,34.917,10000,HNSW,fixed
0,11,19.459,10000,HNSW,fixed
0,14,17.042,10000,HNSW,fixed
0,32,21.333,10000,HNSW,fixed
0,2,16.459,10000,HNSW,fixed
0,4,15.542,10000,HNSW,fixed
0,31,19.292,10000,HNSW,fixed
0,1,17.083,10000,HNSW,fixed
0,13,35.292,10000,HNSW,fixed
0,8,15.375,10000,HNSW,fixed
1,33,15.458,10000,HNSW,fixed
1,10,25.958,10000,HNSW,fixed
1,18,14.5,10000,HNSW,fixed
1,26,13.334,10000,HNSW,fixed
1,7,27.375,10000,HNSW,fixed
1,17,15.708,10000,HNSW,fixed
1,25,19.208,10000,HNSW,fixed
1,12,17.292,10000,HNSW,fixed
1,8,14.625,10000,HNSW,fixed
1,6,17.75,10000,HNSW,fixed
1,22,21.208,10000,HNSW,fixed
1,5,17.375,10000,HNSW,fixed
1,1,16.125,10000,HNSW,fixed
1,27,16.542,10000,HNSW,fixed
1,32,19.792,10000,HNSW,fixed
1,21,33.708,10000,HNSW,fixed
1,3,25.75,10000,HNSW,fixed
1,20,19.083,10000,HNSW,fixed
1,14,16.666,10000,HNSW,fixed
1,19,16.625,10000,HNSW,fixed
1,11,18.875,10000,HNSW,fixed
1,2,15.709,10000,HNSW,fixed
1,0,17.708,10000,HNSW,fixed
1,24,16.625,10000,HNSW,fixed
1,29,18.167,10000,HNSW,fixed
1,4,14.792,10000,HNSW,fixed
1,30,15.459,10000,HNSW,fixed
1,15,24.166,10000,HNSW,fixed
1,16,18.25,10000,HNSW,fixed
1,23,15.0,10000,HNSW,fixed
1,28,16.208,10000,HNSW,fixed
1,13,34.25,10000,HNSW,fixed
1,9,16.084,10000,HNSW,fixed
1,31,19.25,10000,HNSW,fixed
2,15,15.541,10000,HNSW,fixed
2,16,17.208,10000,HNSW,fixed
2,2,15.75,10000,HNSW,fixed
2,25,18.791,10000,HNSW,fixed
2,8,14.667,10000,HNSW,fixed
2,23,14.958,10000,HNSW,fixed
2,6,17.666,10000,HNSW,fixed
2,26,13.541,10000,HNSW,fixed
2,4,14.583,10000,HNSW,fixed
2,9,16.083,10000,HNSW,fixed
2,12,17.0,10000,HNSW,fixed
2,19,16.583,10000,HNSW,fixed
2,14,16.417,10000,HNSW,fixed
2,18,14.458,10000,HNSW,fixed
2,13,32.291,10000,HNSW,fixed
2,11,19.042,10000,HNSW,fixed
2,33,14.542,10000,HNSW,fixed
2,3,30.5,10000,HNSW,fixed
2,7,26.958,10000,HNSW,fixed
2,5,17.542,10000,HNSW,fixed
2,24,25.75,10000,HNSW,fixed
2,17,16.125,10000,HNSW,fixed
2,0,17.334,10000,HNSW,fixed
2,22,21.334,10000,HNSW,fixed
2,30,15.5,10000,HNSW,fixed
2,27,16.542,10000,HNSW,fixed
2,28,15.917,10000,HNSW,fixed
2,10,26.666,10000,HNSW,fixed
2,20,18.75,10000,HNSW,fixed
2,21,33.583,10000,HNSW,fixed
2,29,18.083,10000,HNSW,fixed
2,32,19.916,10000,HNSW,fixed
2,31,19.0,10000,HNSW,fixed
2,1,16.125,10000,HNSW,fixed
3,4,15.083,10000,HNSW,fixed
3,0,16.875,10000,HNSW,fixed
3,11,18.75,10000,HNSW,fixed
3,6,17.333,10000,HNSW,fixed
3,31,17.708,10000,HNSW,fixed
3,20,18.292,10000,HNSW,fixed
3,8,14.375,10000,HNSW,fixed
3,2,15.917,10000,HNSW,fixed
3,32,18.833,10000,HNSW,fixed
3,25,18.959,10000,HNSW,fixed
3,13,32.5,10000,HNSW,fixed
3,21,32.625,10000,HNSW,fixed
3,30,15.042,10000,HNSW,fixed
3,15,23.792,10000,HNSW,fixed
3,33,14.625,10000,HNSW,fixed
3,28,16.125,10000,HNSW,fixed
3,3,25.0,10000,HNSW,fixed
3,5,17.292,10000,HNSW,fixed
3,16,17.042,10000,HNSW,fixed
3,9,15.708,10000,HNSW,fixed
3,17,15.5,10000,HNSW,fixed
3,1,15.667,10000,HNSW,fixed
3,27,16.375,10000,HNSW,fixed
3,22,21.0,10000,HNSW,fixed
3,7,27.125,10000,HNSW,fixed
3,29,18.125,10000,HNSW,fixed
3,24,16.584,10000,HNSW,fixed
3,12,17.208,10000,HNSW,fixed
3,23,14.583,10000,HNSW,fixed
3,14,16.291,10000,HNSW,fixed
3,18,14.375,10000,HNSW,fixed
3,10,26.292,10000,HNSW,fixed
3,19,16.542,10000,HNSW,fixed
3,26,13.5,10000,HNSW,fixed
4,31,17.25,10000,HNSW,fixed
4,6,17.709,10000,HNSW,fixed
4,7,27.0,10000,HNSW,fixed
4,13,32.375,10000,HNSW,fixed
4,28,15.709,10000,HNSW,fixed
4,25,19.0,10000,HNSW,fixed
4,5,17.25,10000,HNSW,fixed
4,23,23.125,10000,HNSW,fixed
4,8,14.792,10000,HNSW,fixed
4,15,15.375,10000,HNSW,fixed
4,29,17.458,10000,HNSW,fixed
4,3,25.083,10000,HNSW,fixed
4,1,15.917,10000,HNSW,fixed
4,32,19.334,10000,HNSW,fixed
4,30,15.167,10000,HNSW,fixed
4,0,17.417,10000,HNSW,fixed
4,4,14.958,10000,HNSW,fixed
4,19,16.334,10000,HNSW,fixed
4,16,17.459,10000,HNSW,fixed
4,18,14.584,10000,HNSW,fixed
4,9,15.541,10000,HNSW,fixed
4,2,15.792,10000,HNSW,fixed
4,20,18.792,10000,HNSW,fixed
4,27,16.5,10000,HNSW,fixed
4,22,21.041,10000,HNSW,fixed
4,11,18.959,10000,HNSW,fixed
4,17,15.5,10000,HNSW,fixed
4,10,25.667,10000,HNSW,fixed
4,33,14.75,10000,HNSW,fixed
4,24,16.708,10000,HNSW,fixed
4,12,17.0,10000,HNSW,fixed
4,14,16.583,10000,HNSW,fixed
4,21,33.375,10000,HNSW,fixed
4,26,13.708,10000,HNSW,fixed
5,6,20.917,10000,HNSW,fixed
5,33,14.625,10000,HNSW,fixed
5,7,26.708,10000,HNSW,fixed
5,32,18.792,10000,HNSW,fixed
5,26,13.125,10000,HNSW,fixed
5,22,35.167,10000,HNSW,fixed
5,24,16.209,10000,HNSW,fixed
5,15,15.125,10000,HNSW,fixed
5,30,14.584,10000,HNSW,fixed
5,31,17.5,10000,HNSW,fixed
5,23,14.333,10000,HNSW,fixed
5,20,18.25,10000,HNSW,fixed
5,14,15.958,10000,HNSW,fixed
5,18,14.334,10000,HNSW,fixed
5,11,18.625,10000,HNSW,fixed
5,12,16.875,10000,HNSW,fixed
5,2,15.833,10000,HNSW,fixed
5,25,18.666,10000,HNSW,fixed
5,10,25.583,10000,HNSW,fixed
5,9,15.833,10000,HNSW,fixed
5,21,33.125,10000,HNSW,fixed
5,17,15.542,10000,HNSW,fixed
5,4,15.0,10000,HNSW,fixed
5,16,17.083,10000,HNSW,fixed
5,1,16.0,10000,HNSW,fixed
5,29,17.708,10000,HNSW,fixed
5,3,25.875,10000,HNSW,fixed
5,0,17.708,10000,HNSW,fixed
5,19,16.292,10000,HNSW,fixed
5,28,16.0,10000,HNSW,fixed
5,8,14.792,10000,HNSW,fixed
5,27,16.5,10000,HNSW,fixed
5,5,17.208,10000,HNSW,fixed
5,13,33.167,10000,HNSW,fixed
6,33,15.167,10000,HNSW,fixed
6,21,31.958,10000,HNSW,fixed
6,6,17.583,10000,HNSW,fixed
6,3,24.958,10000,HNSW,fixed
6,25,18.542,10000,HNSW,fixed
6,19,16.292,10000,HNSW,fixed
6,29,17.5,10000,HNSW,fixed
6,23,14.417,10000,HNSW,fixed
6,9,15.875,10000,HNSW,fixed
6,11,18.5,10000,HNSW,fixed
6,8,14.75,10000,HNSW,fixed
6,27,16.208,10000,HNSW,fixed
6,28,15.542,10000,HNSW,fixed
6,10,25.459,10000,HNSW,fixed
6,4,15.0,10000,HNSW,fixed
6,18,14.25,10000,HNSW,fixed
6,7,27.083,10000,HNSW,fixed
6,1,16.083,10000,HNSW,fixed
6,0,17.625,10000,HNSW,fixed
6,15,15.334,10000,HNSW,fixed
6,20,18.125,10000,HNSW,fixed
6,32,19.167,10000,HNSW,fixed
6,16,17.625,10000,HNSW,fixed
6,12,16.792,10000,HNSW,fixed
6,26,13.25,10000,HNSW,fixed
6,24,16.333,10000,HNSW,fixed
6,17,16.0,10000,HNSW,fixed
6,22,20.458,10000,HNSW,fixed
6,5,17.667,10000,HNSW,fixed
6,30,14.958,10000,HNSW,fixed
6,2,16.0,10000,HNSW,fixed
6,31,17.666,10000,HNSW,fixed
6,14,16.417,10000,HNSW,fixed
6,13,33.334,10000,HNSW,fixed
7,20,19.084,10000,HNSW,fixed
7,16,16.958,10000,HNSW,fixed
7,2,15.625,10000,HNSW,fixed
7,12,16.708,10000,HNSW,fixed
7,29,17.542,10000,HNSW,fixed
7,10,25.125,10000,HNSW,fixed
7,22,20.042,10000,HNSW,fixed
7,4,14.667,10000,HNSW,fixed
7,0,17.375,10000,HNSW,fixed
7,23,14.375,10000,HNSW,fixed
7,19,16.25,10000,HNSW,fixed
7,33,14.209,10000,HNSW,fixed
7,15,14.917,10000,HNSW,fixed
7,26,13.417,10000,HNSW,fixed
7,28,15.458,10000,HNSW,fixed
7,18,14.292,10000,HNSW,fixed
7,24,16.375,10000,HNSW,fixed
7,3,24.792,10000,HNSW,fixed
7,8,14.834,10000,HNSW,fixed
7,11,18.708,10000,HNSW,fixed
7,7,26.791,10000,HNSW,fixed
7,5,17.458,10000,HNSW,fixed
7,1,15.958,10000,HNSW,fixed
7,32,18.959,10000,HNSW,fixed
7,27,16.25,10000,HNSW,fixed
7,17,15.708,10000,HNSW,fixed
7,9,16.25,10000,HNSW,fixed
7,25,18.875,10000,HNSW,fixed
7,13,32.792,10000,HNSW,fixed
7,21,32.5,10000,HNSW,fixed
7,30,14.959,10000,HNSW,fixed
7,31,17.584,10000,HNSW,fixed
7,6,17.792,10000,HNSW,fixed
7,14,16.333,10000,HNSW,fixed
8,16,18.125,10000,HNSW,fixed
8,8,14.75,10000,HNSW,fixed
8,33,14.333,10000,HNSW,fixed
8,25,18.458,10000,HNSW,fixed
8,18,14.291,10000,HNSW,fixed
8,26,13.208,10000,HNSW,fixed
8,32,18.458,10000,HNSW,fixed
8,11,18.583,10000,HNSW,fixed
8,27,16.0,10000,HNSW,fixed
8,7,26.709,10000,HNSW,fixed
8,15,14.958,10000,HNSW,fixed
8,1,16.125,10000,HNSW,fixed
8,22,20.333,10000,HNSW,fixed
8,28,16.333,10000,HNSW,fixed
8,19,16.291,10000,HNSW,fixed
8,23,14.375,10000,HNSW,fixed
8,0,17.416,10000,HNSW,fixed
8,24,16.334,10000,HNSW,fixed
8,29,18.0,10000,HNSW,fixed
8,2,15.709,10000,HNSW,fixed
8,31,17.583,10000,HNSW,fixed
8,5,17.125,10000,HNSW,fixed
8,4,14.834,10000,HNSW,fixed
8,10,25.334,10000,HNSW,fixed
8,6,17.25,10000,HNSW,fixed
8,17,15.625,10000,HNSW,fixed
8,30,14.917,10000,HNSW,fixed
8,13,32.375,10000,HNSW,fixed
8,3,25.833,10000,HNSW,fixed
8,14,16.083,10000,HNSW,fixed
8,12,16.875,10000,HNSW,fixed
8,20,18.542,10000,HNSW,fixed
8,21,32.166,10000,HNSW,fixed
8,9,24.542,10000,HNSW,fixed
9,30,14.833,10000,HNSW,fixed
9,6,17.083,10000,HNSW,fixed
9,28,15.458,10000,HNSW,fixed
9,7,26.875,10000,HNSW,fixed
9,10,25.083,10000,HNSW,fixed
9,24,16.042,10000,HNSW,fixed
9,13,32.292,10000,HNSW,fixed
9,14,16.0,10000,HNSW,fixed
9,33,14.667,10000,HNSW,fixed
9,25,18.584,10000,HNSW,fixed
9,0,17.459,10000,HNSW,fixed
9,19,15.917,10000,HNSW,fixed
9,4,14.708,10000,HNSW,fixed
9,12,16.458,10000,HNSW,fixed
9,5,17.125,10000,HNSW,fixed
9,9,15.5,10000,HNSW,fixed
9,11,18.583,10000,HNSW,fixed
9,3,25.209,10000,HNSW,fixed
9,16,16.875,10000,HNSW,fixed
9,26,13.5,10000,HNSW,fixed
9,20,18.25,10000,HNSW,fixed
9,29,17.875,10000,HNSW,fixed
9,2,15.875,10000,HNSW,fixed
9,22,20.167,10000,HNSW,fixed
9,27,16.084,10000,HNSW,fixed
9,23,14.417,10000,HNSW,fixed
9,1,15.834,10000,HNSW,fixed
9,15,14.958,10000,HNSW,fixed
9,8,23.708,10000,HNSW,fixed
9,17,15.834,10000,HNSW,fixed
9,31,18.333,10000,HNSW,fixed
9,32,19.084,10000,HNSW,fixed
9,18,14.583,10000,HNSW,fixed
9,21,32.708,10000,HNSW,fixed
10,13,32.958,10000,HNSW,fixed
10,20,18.209,10000,HNSW,fixed
10,28,15.625,10000,HNSW,fixed
10,0,17.166,10000,HNSW,fixed
10,30,15.125,10000,HNSW,fixed
10,16,17.084,10000,HNSW,fixed
10,27,16.167,10000,HNSW,fixed
10,32,18.708,10000,HNSW,fixed
10,12,16.75,10000,HNSW,fixed
10,1,15.667,10000,HNSW,fixed
10,2,15.417,10000,HNSW,fixed
10,19,15.916,10000,HNSW,fixed
10,6,17.75,10000,HNSW,fixed
10,33,14.625,10000,HNSW,fixed
10,15,15.167,10000,HNSW,fixed
10,7,34.292,10000,HNSW,fixed
10,8,14.417,10000,HNSW,fixed
10,23,14.541,10000,HNSW,fixed
10,5,17.125,10000,HNSW,fixed
10,25,18.5,10000,HNSW,fixed
10,21,32.292,10000,HNSW,fixed
10,18,14.458,10000,HNSW,fixed
10,10,36.833,10000,HNSW,fixed
10,9,15.875,10000,HNSW,fixed
10,29,17.792,10000,HNSW,fixed
10,22,20.166,10000,HNSW,fixed
10,17,15.708,10000,HNSW,fixed
10,24,16.584,10000,HNSW,fixed
10,31,17.959,10000,HNSW,fixed
10,3,24.792,10000,HNSW,fixed
10,4,14.666,10000,HNSW,fixed
10,26,13.208,10000,HNSW,fixed
10,11,18.459,10000,HNSW,fixed
10,14,16.167,10000,HNSW,fixed
0,10,123.125,10000,IVF,tuned
0,33,135.292,10000,IVF,tuned
0,24,194.125,10000,IVF,tuned
0,5,132.333,10000,IVF,tuned
0,29,125.084,10000,IVF,tuned
0,19,155.417,10000,IVF,tuned
0,7,83.209,10000,IVF,tuned
0,20,117.5,10000,IVF,tuned
0,28,90.292,10000,IVF,tuned
0,18,131.084,10000,IVF,tuned
0,23,128.125,10000,IVF,tuned
0,30,102.417,10000,IVF,tuned
0,22,117.5,10000,IVF,tuned
0,6,67.5,10000,IVF,tuned
0,25,113.167,10000,IVF,tuned
0,16,79.416,10000,IVF,tuned
0,9,112.583,10000,IVF,tuned
0,26,113.292,10000,IVF,tuned
0,3,126.291,10000,IVF,tuned
0,0,84.75,10000,IVF,tuned
0,15,97.458,10000,IVF,tuned
0,17,78.208,10000,IVF,tuned
0,27,89.666,10000,IVF,tuned
0,12,132.416,10000,IVF,tuned
0,21,100.0,10000,IVF,tuned
0,11,73.625,10000,IVF,tuned
0,14,84.458,10000,IVF,tuned
0,32,142.542,10000,IVF,tuned
0,2,134.041,10000,IVF,tuned
0,4,79.5,10000,IVF,tuned
0,31,104.25,10000,IVF,tuned
0,1,99.167,10000,IVF,tuned
0,13,82.292,10000,IVF,tuned
0,8,133.792,10000,IVF,tuned
1,33,153.667,10000,IVF,tuned
1,10,114.084,10000,IVF,tuned
1,18,132.166,10000,IVF,tuned
1,26,137.75,10000,IVF,tuned
1,7,80.625,10000,IVF,tuned
1,17,79.25,10000,IVF,tuned
1,25,114.25,10000,IVF,tuned
1,12,122.75,10000,IVF,tuned
1,8,127.459,10000,IVF,tuned
1,6,60.083,10000,IVF,tuned
1,22,117.458,10000,IVF,tuned
1,5,80.416,10000,IVF,tuned
1,1,98.333,10000,IVF,tuned
1,27,100.917,10000,IVF,tuned
1,32,143.792,10000,IVF,tuned
1,21,97.958,10000,IVF,tuned
1,3,127.292,10000,IVF,tuned
1,20,103.666,10000,IVF,tuned
1,14,84.875,10000,IVF,tuned
1,19,134.875,10000,IVF,tuned
1,11,73.417,10000,IVF,tuned
1,2,133.042,10000,IVF,tuned
1,0,98.792,10000,IVF,tuned
1,24,172.375,10000,IVF,tuned
1,29,95.459,10000,IVF,tuned
1,4,79.083,10000,IVF,tuned
1,30,94.208,10000,IVF,tuned
1,15,102.625,10000,IVF,tuned
1,16,78.5,10000,IVF,tuned
1,23,128.667,10000,IVF,tuned
1,28,104.333,10000,IVF,tuned
1,13,118.875,10000,IVF,tuned
1,9,122.125,10000,IVF,tuned
1,31,107.208,10000,IVF,tuned
2,15,112.166,10000,IVF,tuned
2,16,79.0,10000,IVF,tuned
2,2,132.917,10000,IVF,tuned
2,25,131.25,10000,IVF,tuned
2,8,122.875,10000,IVF,tuned
2,23,126.583,10000,IVF,tuned
2,6,59.25,10000,IVF,tuned
2,26,113.292,10000,IVF,tuned
2,4,78.833,10000,IVF,tuned
2,9,113.791,10000,IVF,tuned
2,12,123.333,10000,IVF,tuned
2,19,135.25,10000,IVF,tuned
2,14,94.459,10000,IVF,tuned
2,18,131.0,10000,IVF,tuned
2,13,82.833,10000,IVF,tuned
2,11,92.416,10000,IVF,tuned
2,33,140.917,10000,IVF,tuned
2,3,131.0,10000,IVF,tuned
2,7,98.875,10000,IVF,tuned
2,5,96.834,10000,IVF,tuned
2,24,170.167,10000,IVF,tuned
2,17,78.584,10000,IVF,tuned
2,0,84.375,10000,IVF,tuned
2,22,117.709,10000,IVF,tuned
2,30,96.417,10000,IVF,tuned
2,27,89.916,10000,IVF,tuned
2,28,86.875,10000,IVF,tuned
2,10,114.833,10000,IVF,tuned
2,20,103.541,10000,IVF,tuned
2,21,98.125,10000,IVF,tuned
2,29,105.5,10000,IVF,tuned
2,32,143.917,10000,IVF,tuned
2,31,104.625,10000,IVF,tuned
2,1,97.041,10000,IVF,tuned
3,4,96.291,10000,IVF,tuned
3,0,85.083,10000,IVF,tuned
3,11,88.792,10000,IVF,tuned
3,6,58.458,10000,IVF,tuned
3,31,104.083,10000,IVF,tuned
3,20,102.959,10000,IVF,tuned
3,8,121.375,10000,IVF,tuned
3,2,132.584,10000,IVF,tuned
3,32,145.5,10000,IVF,tuned
3,25,115.083,10000,IVF,tuned
3,13,82.0,10000,IVF,tuned
3,21,110.042,10000,IVF,tuned
3,30,97.083,10000,IVF,tuned
3,15,97.25,10000,IVF,tuned
3,33,136.0,10000,IVF,tuned
3,28,88.292,10000,IVF,tuned
3,3,126.917,10000,IVF,tuned
3,5,80.542,10000,IVF,tuned
3,16,78.125,10000,IVF,tuned
3,9,112.458,10000,IVF,tuned
3,17,77.5,10000,IVF,tuned
3,1,106.417,10000,IVF,tuned
3,27,89.917,10000,IVF,tuned
3,22,117.291,10000,IVF,tuned
3,7,79.166,10000,IVF,tuned
3,29,93.458,10000,IVF,tuned
3,24,160.75,10000,IVF,tuned
3,12,124.666,10000,IVF,tuned
3,23,127.958,10000,IVF,tuned
3,14,84.0,10000,IVF,tuned
3,18,146.375,10000,IVF,tuned
3,10,115.042,10000,IVF,tuned
3,19,140.583,10000,IVF,tuned
3,26,122.667,10000,IVF,tuned
4,31,141.542,10000,IVF,tuned
4,6,59.334,10000,IVF,tuned
4,7,80.834,10000,IVF,tuned
4,13,82.792,10000,IVF,tuned
4,28,87.0,10000,IVF,tuned
4,25,115.875,10000,IVF,tuned
4,5,82.917,10000,IVF,tuned
4,23,129.792,10000,IVF,tuned
4,8,121.333,10000,IVF,tuned
4,15,97.833,10000,IVF,tuned
4,29,105.5,10000,IVF,tuned
4,3,126.958,10000,IVF,tuned
4,1,96.666,10000,IVF,tuned
4,32,142.917,10000,IVF,tuned
4,30,93.875,10000,IVF,tuned
4,0,84.958,10000,IVF,tuned
4,4,79.0,10000,IVF,tuned
4,19,137.166,10000,IVF,tuned
4,16,85.083,10000,IVF,tuned
4,18,141.667,10000,IVF,tuned
4,9,113.459,10000,IVF,tuned
4,2,132.458,10000,IVF,tuned
4,20,103.333,10000,IVF,tuned
4,27,93.458,10000,IVF,tuned
4,22,121.875,10000,IVF,tuned
4,11,74.042,10000,IVF,tuned
4,17,77.5,10000,IVF,tuned
4,10,115.959,10000,IVF,tuned
4,33,143.833,10000,IVF,tuned
4,24,166.125,10000,IVF,tuned
4,12,123.625,10000,IVF,tuned
4,14,83.917,10000,IVF,tuned
4,21,101.584,10000,IVF,tuned
4,26,115.0,10000,IVF,tuned
5,6,70.042,10000,IVF,tuned
5,33,133.709,10000,IVF,tuned
5,7,78.709,10000,IVF,tuned
5,32,140.625,10000,IVF,tuned
5,26,112.041,10000,IVF,tuned
5,22,117.333,10000,IVF,tuned
5,24,159.625,10000,IVF,tuned
5,15,116.667,10000,IVF,tuned
5,30,96.041,10000,IVF,tuned
5,31,104.542,10000,IVF,tuned
5,23,126.625,10000,IVF,tuned
5,20,104.333,10000,IVF,tuned
5,14,84.375,10000,IVF,tuned
5,18,132.0,10000,IVF,tuned
5,11,73.041,10000,IVF,tuned
5,12,121.666,10000,IVF,tuned
5,2,141.334,10000,IVF,tuned
5,25,113.958,10000,IVF,tuned
5,10,112.375,10000,IVF,tuned
5,9,111.958,10000,IVF,tuned
5,21,99.083,10000,IVF,tuned
5,17,77.875,10000,IVF,tuned
5,4,79.167,10000,IVF,tuned
5,16,77.5,10000,IVF,tuned
5,1,97.875,10000,IVF,tuned
5,29,93.458,10000,IVF,tuned
5,3,135.458,10000,IVF,tuned
5,0,85.208,10000,IVF,tuned
5,19,138.125,10000,IVF,tuned
5,28,88.375,10000,IVF,tuned
5,8,122.416,10000,IVF,tuned
5,27,92.125,10000,IVF,tuned
5,5,81.041,10000,IVF,tuned
5,13,81.625,10000,IVF,tuned
6,33,161.667,10000,IVF,tuned
6,21,98.542,10000,IVF,tuned
6,6,58.833,10000,IVF,tuned
6,3,127.417,10000,IVF,tuned
6,25,112.959,10000,IVF,tuned
6,19,144.542,10000,IVF,tuned
6,29,103.166,10000,IVF,tuned
6,23,144.208,10000,IVF,tuned
6,9,114.375,10000,IVF,tuned
6,11,74.5,10000,IVF,tuned
6,8,143.917,10000,IVF,tuned
6,27,90.833,10000,IVF,tuned
6,28,89.166,10000,IVF,tuned
6,10,112.708,10000,IVF,tuned
6,4,80.125,10000,IVF,tuned
6,18,133.125,10000,IVF,tuned
6,7,93.542,10000,IVF,tuned
6,1,100.084,10000,IVF,tuned
6,0,85.333,10000,IVF,tuned
6,15,99.625,10000,IVF,tuned
6,20,105.667,10000,IVF,tuned
6,32,145.5,10000,IVF,tuned
6,16,80.875,10000,IVF,tuned
6,12,124.625,10000,IVF,tuned
6,26,116.083,10000,IVF,tuned
6,24,175.375,10000,IVF,tuned
6,17,78.708,10000,IVF,tuned
6,22,120.334,10000,IVF,tuned
6,5,81.125,10000,IVF,tuned
6,30,96.875,10000,IVF,tuned
6,2,134.75,10000,IVF,tuned
6,31,104.875,10000,IVF,tuned
6,14,84.875,10000,IVF,tuned
6,13,83.833,10000,IVF,tuned
7,20,134.917,10000,IVF,tuned
7,16,79.375,10000,IVF,tuned
7,2,131.958,10000,IVF,tuned
7,12,121.834,10000,IVF,tuned
7,29,97.666,10000,IVF,tuned
7,10,144.542,10000,IVF,tuned
7,22,118.667,10000,IVF,tuned
7,4,78.916,10000,IVF,tuned
7,0,84.791,10000,IVF,tuned
7,23,126.833,10000,IVF,tuned
7,19,134.708,10000,IVF,tuned
7,33,134.709,10000,IVF,tuned
7,15,96.666,10000,IVF,tuned
7,26,112.833,10000,IVF,tuned
7,28,101.208,10000,IVF,tuned
7,18,131.083,10000,IVF,tuned
7,24,159.167,10000,IVF,tuned
7,3,126.458,10000,IVF,tuned
7,8,123.167,10000,IVF,tuned
7,11,72.875,10000,IVF,tuned
7,7,79.458,10000,IVF,tuned
7,5,80.459,10000,IVF,tuned
7,1,97.792,10000,IVF,tuned
7,32,152.25,10000,IVF,tuned
7,27,91.542,10000,IVF,tuned
7,17,78.0,10000,IVF,tuned
7,9,114.083,10000,IVF,tuned
7,25,113.834,10000,IVF,tuned
7,13,82.042,10000,IVF,tuned
7,21,98.833,10000,IVF,tuned
7,30,93.916,10000,IVF,tuned
7,31,105.166,10000,IVF,tuned
7,6,58.166,10000,IVF,tuned
7,14,94.375,10000,IVF,tuned
8,16,92.583,10000,IVF,tuned
8,8,122.25,10000,IVF,tuned
8,33,134.125,10000,IVF,tuned
8,25,121.791,10000,IVF,tuned
8,18,162.125,10000,IVF,tuned
8,26,117.542,10000,IVF,tuned
8,32,158.917,10000,IVF,tuned
8,11,73.5,10000,IVF,tuned
8,27,90.25,10000,IVF,tuned
8,7,87.25,10000,IVF,tuned
8,15,98.417,10000,IVF,tuned
8,1,109.167,10000,IVF,tuned
8,22,119.5,10000,IVF,tuned
8,28,101.25,10000,IVF,tuned
8,19,137.625,10000,IVF,tuned
8,23,128.25,10000,IVF,tuned
8,0,84.417,10000,IVF,tuned
8,24,208.791,10000,IVF,tuned
8,29,96.209,10000,IVF,tuned
8,2,135.042,10000,IVF,tuned
8,31,109.209,10000,IVF,tuned
8,5,111.333,10000,IVF,tuned
8,4,88.667,10000,IVF,tuned
8,10,114.459,10000,IVF,tuned
8,6,72.125,10000,IVF,tuned
8,17,91.0,10000,IVF,tuned
8,30,113.916,10000,IVF,tuned
8,13,98.833,10000,IVF,tuned
8,3,131.459,10000,IVF,tuned
8,14,94.542,10000,IVF,tuned
8,12,155.167,10000,IVF,tuned
8,20,106.542,10000,IVF,tuned
8,21,101.083,10000,IVF,tuned
8,9,112.458,10000,IVF,tuned
9,30,107.959,10000,IVF,tuned
9,6,58.667,10000,IVF,tuned
9,28,105.167,10000,IVF,tuned
9,7,81.333,10000,IVF,tuned
9,10,115.583,10000,IVF,tuned
9,24,161.625,10000,IVF,tuned
9,13,83.875,10000,IVF,tuned
9,14,85.416,10000,IVF,tuned
9,33,137.041,10000,IVF,tuned
9,25,114.584,10000,IVF,tuned
9,0,84.084,10000,IVF,tuned
9,19,143.667,10000,IVF,tuned
9,4,81.75,10000,IVF,tuned
9,12,122.583,10000,IVF,tuned
9,5,81.167,10000,IVF,tuned
9,9,113.209,10000,IVF,tuned
9,11,73.916,10000,IVF,tuned
9,3,128.833,10000,IVF,tuned
9,16,77.958,10000,IVF,tuned
9,26,114.417,10000,IVF,tuned
9,20,105.0,10000,IVF,tuned
9,29,105.667,10000,IVF,tuned
9,2,136.417,10000,IVF,tuned
9,22,120.458,10000,IVF,tuned
9,27,90.375,10000,IVF,tuned
9,23,129.75,10000,IVF,tuned
9,1,98.791,10000,IVF,tuned
9,15,98.041,10000,IVF,tuned
9,8,138.416,10000,IVF,tuned
9,17,86.167,10000,IVF,tuned
9,31,169.167,10000,IVF,tuned
9,32,159.083,10000,IVF,tuned
9,18,143.584,10000,IVF,tuned
9,21,121.208,10000,IVF,tuned
10,13,110.125,10000,IVF,tuned
10,20,103.875,10000,IVF,tuned
10,28,87.167,10000,IVF,tuned
10,0,84.292,10000,IVF,tuned
10,30,93.583,10000,IVF,tuned
10,16,80.459,10000,IVF,tuned
10,27,88.875,10000,IVF,tuned
10,32,140.958,10000,IVF,tuned
10,12,121.917,10000,IVF,tuned
10,1,97.209,10000,IVF,tuned
10,2,142.542,10000,IVF,tuned
10,19,134.208,10000,IVF,tuned
10,6,58.584,10000,IVF,tuned
10,33,134.167,10000,IVF,tuned
10,15,98.667,10000,IVF,tuned
10,7,79.708,10000,IVF,tuned
10,8,131.375,10000,IVF,tuned
10,23,130.709,10000,IVF,tuned
10,5,81.292,10000,IVF,tuned
10,25,130.834,10000,IVF,tuned
10,21,99.375,10000,IVF,tuned
10,18,132.291,10000,IVF,tuned
10,10,113.666,10000,IVF,tuned
10,9,120.541,10000,IVF,tuned
10,29,93.958,10000,IVF,tuned
10,22,117.667,10000,IVF,tuned
10,17,79.208,10000,IVF,tuned
10,24,163.25,10000,IVF,tuned
10,31,116.041,10000,IVF,tuned
10,3,127.958,10000,IVF,tuned
10,4,94.25,10000,IVF,tuned
10,26,124.166,10000,IVF,tuned
10,11,73.833,10000,IVF,tuned
10,14,86.25,10000,IVF,tuned
0,10,5776.875,50000,Flat,tuned
0,33,5696.625,50000,Flat,tuned
0,24,5707.166,50000,Flat,tuned
0,5,5777.958,50000,Flat,tuned
0,29,5720.208,50000,Flat,tuned
0,19,5672.167,50000,Flat,tuned
0,7,5761.542,50000,Flat,tuned
0,20,5725.25,50000,Flat,tuned
0,28,5675.583,50000,Flat,tuned
0,18,5732.417,50000,Flat,tuned
0,23,5720.334,50000,Flat,tuned
0,30,5780.834,50000,Flat,tuned
0,22,5708.458,50000,Flat,tuned
0,6,5711.458,50000,Flat,tuned
0,25,5747.833,50000,Flat,tuned
0,16,5686.75,50000,Flat,tuned
0,9,5694.917,50000,Flat,tuned
0,26,5749.125,50000,Flat,tuned
0,3,5714.25,50000,Flat,tuned
0,0,5706.208,50000,Flat,tuned
0,15,5765.083,50000,Flat,tuned
0,17,5710.833,50000,Flat,tuned
0,27,5745.625,50000,Flat,tuned
0,12,5729.792,50000,Flat,tuned
0,21,5732.833,50000,Flat,tuned
0,11,5692.291,50000,Flat,tuned
0,14,5782.667,50000,Flat,tuned
0,32,5680.792,50000,Flat,tuned
0,2,5709.542,50000,Flat,tuned
0,4,5781.792,50000,Flat,tuned
0,31,5700.833,50000,Flat,tuned
0,1,5699.792,50000,Flat,tuned
0,13,5826.584,50000,Flat,tuned
0,8,5688.959,50000,Flat,tuned
1,33,5773.833,50000,Flat,tuned
1,10,5717.0,50000,Flat,tuned
1,18,5730.292,50000,Flat,tuned
1,26,5751.291,50000,Flat,tuned
1,7,5726.5,50000,Flat,tuned
1,17,5702.416,50000,Flat,tuned
1,25,5730.208,50000,Flat,tuned
1,12,5687.917,50000,Flat,tuned
1,8,5705.458,50000,Flat,tuned
1,6,5765.75,50000,Flat,tuned
1,22,5699.333,50000,Flat,tuned
1,5,5713.625,50000,Flat,tuned
1,1,5737.75,50000,Flat,tuned
1,27,5698.167,50000,Flat,tuned
1,32,5718.291,50000,Flat,tuned
1,21,5762.417,50000,Flat,tuned
1,3,5694.292,50000,Flat,tuned
1,20,5713.208,50000,Flat,tuned
1,14,5791.625,50000,Flat,tuned
1,19,5708.875,50000,Flat,tuned
1,11,5711.084,50000,Flat,tuned
1,2,5731.834,50000,Flat,tuned
1,0,5717.833,50000,Flat,tuned
1,24,5695.542,50000,Flat,tuned
1,29,5725.917,50000,Flat,tuned
1,4,5764.416,50000,Flat,tuned
1,30,5738.083,50000,Flat,tuned
1,15,5711.208,50000,Flat,tuned
1,16,5713.75,50000,Flat,tuned
1,23,5776.833,50000,Flat,tuned
1,28,5756.084,50000,Flat,tuned
1,13,5703.208,50000,Flat,tuned
1,9,5763.334,50000,Flat,tuned
1,31,5715.75,50000,Flat,tuned
2,15,5741.167,50000,Flat,tuned
2,16,5789.041,50000,Flat,tuned
2,2,5713.125,50000,Flat,tuned
2,25,5698.084,50000,Flat,tuned
2,8,5717.5,50000,Flat,tuned
2,23,5717.25,50000,Flat,tuned
2,6,5737.541,50000,Flat,tuned
2,26,6284.417,50000,Flat,tuned
2,4,5793.25,50000,Flat,tuned
2,9,5739.833,50000,Flat,tuned
2,12,5691.042,50000,Flat,tuned
2,19,5676.792,50000,Flat,tuned
2,14,5750.708,50000,Flat,tuned
2,18,5677.875,50000,Flat,tuned
2,13,5720.333,50000,Flat,tuned
2,11,5747.791,50000,Flat,tuned
2,33,5683.459,50000,Flat,tuned
2,3,5703.041,50000,Flat,tuned
2,7,5738.834,50000,Flat,tuned
2,5,5739.875,50000,Flat,tuned
2,24,5715.917,50000,Flat,tuned
2,17,5690.375,50000,Flat,tuned
2,0,5711.334,50000,Flat,tuned
2,22,5715.208,50000,Flat,tuned
2,30,5707.083,50000,Flat,tuned
2,27,5678.167,50000,Flat,tuned
2,28,5721.791,50000,Flat,tuned
2,10,5727.125,50000,Flat,tuned
2,20,5708.625,50000,Flat,tuned
2,21,5710.083,50000,Flat,tuned
2,29,5752.0,50000,Flat,tuned
2,32,5682.25,50000,Flat,tuned
2,31,5715.875,50000,Flat,tuned
2,1,5783.542,50000,Flat,tuned
3,4,5711.292,50000,Flat,tuned
3,0,5749.792,50000,Flat,tuned
3,11,5722.584,50000,Flat,tuned
3,6,5690.833,50000,Flat,tuned
3,31,5753.709,50000,Flat,tuned
3,20,5756.084,50000,Flat,tuned
3,8,5706.292,50000,Flat,tuned
3,2,5749.375,50000,Flat,tuned
3,32,5698.584,50000,Flat,tuned
3,25,5708.833,50000,Flat,tuned
3,13,5777.5,50000,Flat,tuned
3,21,5704.958,50000,Flat,tuned
3,30,5709.167,50000,Flat,tuned
3,15,5793.625,50000,Flat,tuned
3,33,5673.958,50000,Flat,tuned
3,28,5706.25,50000,Flat,tuned
3,3,5758.417,50000,Flat,tuned
3,5,5694.875,50000,Flat,tuned
3,16,5704.083,50000,Flat,tuned
3,9,5755.083,50000,Flat,tuned
3,17,5696.459,50000,Flat,tuned
3,1,5735.792,50000,Flat,tuned
3,27,5769.75,50000,Flat,tuned
3,22,5709.166,50000,Flat,tuned
3,7,5748.0,50000,Flat,tuned
3,29,5675.5,50000,Flat,tuned
3,24,5689.958,50000,Flat,tuned
3,12,5718.667,50000,Flat,tuned
3,23,5768.375,50000,Flat,tuned
3,14,5723.209,50000,Flat,tuned
3,18,5718.042,50000,Flat,tuned
3,10,5704.917,50000,Flat,tuned
3,19,5758.5,50000,Flat,tuned
3,26,5737.583,50000,Flat,tuned
4,31,5753.584,50000,Flat,tuned
4,6,5687.0,50000,Flat,tuned
4,7,5775.583,50000,Flat,tuned
4,13,5883.458,50000,Flat,tuned
4,28,5911.042,50000,Flat,tuned
4,25,5817.875,50000,Flat,tuned
4,5,5731.25,50000,Flat,tuned
4,23,5739.5,50000,Flat,tuned
4,8,5723.75,50000,Flat,tuned
4,15,5712.417,50000,Flat,tuned
4,29,5733.0,50000,Flat,tuned
4,3,5669.959,50000,Flat,tuned
4,1,5709.75,50000,Flat,tuned
4,32,5738.084,50000,Flat,tuned
4,30,5766.292,50000,Flat,tuned
4,0,5709.917,50000,Flat,tuned
4,4,5756.042,50000,Flat,tuned
4,19,5739.458,50000,Flat,tuned
4,16,5724.209,50000,Flat,tuned
4,18,5743.5,50000,Flat,tuned
4,9,5723.0,50000,Flat,tuned
4,2,5733.0,50000,Flat,tuned
4,20,5731.667,50000,Flat,tuned
4,27,5729.417,50000,Flat,tuned
4,22,5717.958,50000,Flat,tuned
4,11,5777.625,50000,Flat,tuned
4,17,5729.417,50000,Flat,tuned
4,10,5722.75,50000,Flat,tuned
4,33,5766.542,50000,Flat,tuned
4,24,5716.875,50000,Flat,tuned
4,12,5706.583,50000,Flat,tuned
4,14,5779.833,50000,Flat,tuned
4,21,5710.458,50000,Flat,tuned
4,26,5696.708,50000,Flat,tuned
5,6,5864.417,50000,Flat,tuned
5,33,5715.0,50000,Flat,tuned
5,7,5738.75,50000,Flat,tuned
5,32,5727.333,50000,Flat,tuned
5,26,5729.458,50000,Flat,tuned
5,22,5739.666,50000,Flat,tuned
5,24,5754.0,50000,Flat,tuned
5,15,5705.25,50000,Flat,tuned
5,30,5762.041,50000,Flat,tuned
5,31,5709.708,50000,Flat,tuned
5,23,5717.541,50000,Flat,tuned
5,20,5742.917,50000,Flat,tuned
5,14,5745.209,50000,Flat,tuned
5,18,5705.875,50000,Flat,tuned
5,11,5743.917,50000,Flat,tuned
5,12,5692.75,50000,Flat,tuned
5,2,5690.584,50000,Flat,tuned
5,25,5785.916,50000,Flat,tuned
5,10,5706.5,50000,Flat,tuned
5,9,5705.042,50000,Flat,tuned
5,21,5756.25,50000,Flat,tuned
5,17,5683.083,50000,Flat,tuned
5,4,5703.375,50000,Flat,tuned
5,16,5814.459,50000,Flat,tuned
5,1,5694.625,50000,Flat,tuned
5,29,5710.5,50000,Flat,tuned
5,3,5743.834,50000,Flat,tuned
5,0,5716.292,50000,Flat,tuned
5,19,5674.167,50000,Flat,tuned
5,28,5742.25,50000,Flat,tuned
5,8,5709.083,50000,Flat,tuned
5,27,5722.292,50000,Flat,tuned
5,5,5717.541,50000,Flat,tuned
5,13,5707.167,50000,Flat,tuned
6,33,5669.5,50000,Flat,tuned
6,21,5763.834,50000,Flat,tuned
6,6,5827.791,50000,Flat,tuned
6,3,5704.792,50000,Flat,tuned
6,25,5925.208,50000,Flat,tuned
6,19,5770.167,50000,Flat,tuned
6,29,5719.667,50000,Flat,tuned
6,23,5919.791,50000,Flat,tuned
6,9,5730.084,50000,Flat,tuned
6,11,5715.958,50000,Flat,tuned
6,8,5710.916,50000,Flat,tuned
6,27,5698.833,50000,Flat,tuned
6,28,5664.375,50000,Flat,tuned
6,10,5708.542,50000,Flat,tuned
6,4,5710.416,50000,Flat,tuned
6,18,5717.125,50000,Flat,tuned
6,7,5766.459,50000,Flat,tuned
6,1,5768.166,50000,Flat,tuned
6,0,6414.584,50000,Flat,tuned
6,15,5723.459,50000,Flat,tuned
6,20,5782.75,50000,Flat,tuned
6,32,26958.75,50000,Flat,tuned
6,16,5812.584,50000,Flat,tuned
6,12,6735.042,50000,Flat,tuned
6,26,5759.667,50000,Flat,tuned
6,24,8715.709,50000,Flat,tuned
6,17,5863.917,50000,Flat,tuned
6,22,5676.042,50000,Flat,tuned
6,5,5738.333,50000,Flat,tuned
6,30,5744.708,50000,Flat,tuned
6,2,5698.458,50000,Flat,tuned
6,31,5726.334,50000,Flat,tuned
6,14,5720.584,50000,Flat,tuned
6,13,5699.625,50000,Flat,tuned
7,20,5789.709,50000,Flat,tuned
7,16,5694.708,50000,Flat,tuned
7,2,5727.708,50000,Flat,tuned
7,12,5747.625,50000,Flat,tuned
7,29,5687.458,50000,Flat,tuned
7,10,5772.458,50000,Flat,tuned
7,22,5732.375,50000,Flat,tuned
7,4,5736.042,50000,Flat,tuned
7,0,5747.375,50000,Flat,tuned
7,23,5740.917,50000,Flat,tuned
7,19,5711.958,50000,Flat,tuned
7,33,5677.75,50000,Flat,tuned
7,15,5701.917,50000,Flat,tuned
7,26,5703.708,50000,Flat,tuned
7,28,5728.625,50000,Flat,tuned
7,18,5696.333,50000,Flat,tuned
7,24,5700.0,50000,Flat,tuned
7,3,5711.833,50000,Flat,tuned
7,8,5724.792,50000,Flat,tuned
7,11,5702.459,50000,Flat,tuned
7,7,5726.792,50000,Flat,tuned
7,5,5709.667,50000,Flat,tuned
7,1,5688.458,50000,Flat,tuned
7,32,5739.792,50000,Flat,tuned
7,27,5724.5,50000,Flat,tuned
7,17,5695.334,50000,Flat,tuned
7,9,5766.5,50000,Flat,tuned
7,25,5733.75,50000,Flat,tuned
7,13,5694.375,50000,Flat,tuned
7,21,5783.292,50000,Flat,tuned
7,30,5702.667,50000,Flat,tuned
7,31,5712.916,50000,Flat,tuned
7,6,5793.917,50000,Flat,tuned
7,14,5695.25,50000,Flat,tuned
8,16,5770.333,50000,Flat,tuned
8,8,5745.958,50000,Flat,tuned
8,33,5764.208,50000,Flat,tuned
8,25,5716.666,50000,Flat,tuned
8,18,5793.541,50000,Flat,tuned
8,26,5727.708,50000,Flat,tuned
8,32,5733.958,50000,Flat,tuned
8,11,5717.834,50000,Flat,tuned
8,27,5752.167,50000,Flat,tuned
8,7,5722.334,50000,Flat,tuned
8,15,5730.833,50000,Flat,tuned
8,1,5705.334,50000,Flat,tuned
8,22,5749.25,50000,Flat,tuned
8,28,5723.0,50000,Flat,tuned
8,19,5705.833,50000,Flat,tuned
8,23,5743.5,50000,Flat,tuned
8,0,5680.417,50000,Flat,tuned
8,24,5715.375,50000,Flat,tuned
8,29,5732.375,50000,Flat,tuned
8,2,5704.542,50000,Flat,tuned
8,31,5712.292,50000,Flat,tuned
8,5,5761.917,50000,Flat,tuned
8,4,5682.417,50000,Flat,tuned
8,10,5708.5,50000,Flat,tuned
8,6,5793.167,50000,Flat,tuned
8,17,5674.416,50000,Flat,tuned
8,30,5709.917,50000,Flat,tuned
8,13,5737.25,50000,Flat,tuned
8,3,5695.208,50000,Flat,tuned
8,14,5700.834,50000,Flat,tuned
8,12,5759.0,50000,Flat,tuned
8,20,5704.959,50000,Flat,tuned
8,21,5720.291,50000,Flat,tuned
8,9,5737.5,50000,Flat,tuned
9,30,5723.125,50000,Flat,tuned
9,6,5756.042,50000,Flat,tuned
9,28,5704.875,50000,Flat,tuned
9,7,5711.291,50000,Flat,tuned
9,10,5748.292,50000,Flat,tuned
9,24,5678.0,50000,Flat,tuned
9,13,5771.584,50000,Flat,tuned
9,14,5737.417,50000,Flat,tuned
9,33,5738.875,50000,Flat,tuned
9,25,5686.583,50000,Flat,tuned
9,0,5762.792,50000,Flat,tuned
9,19,5745.292,50000,Flat,tuned
9,4,5860.667,50000,Flat,tuned
9,12,5806.959,50000,Flat,tuned
9,5,5762.416,50000,Flat,tuned
9,9,5732.875,50000,Flat,tuned
9,11,5773.291,50000,Flat,tuned
9,3,5727.5,50000,Flat,tuned
9,16,5696.75,50000,Flat,tuned
9,26,5785.916,50000,Flat,tuned
9,20,5700.333,50000,Flat,tuned
9,29,5720.541,50000,Flat,tuned
9,2,5771.334,50000,Flat,tuned
9,22,5712.792,50000,Flat,tuned
9,27,5713.833,50000,Flat,tuned
9,23,5769.292,50000,Flat,tuned
9,1,5710.334,50000,Flat,tuned
9,15,5739.375,50000,Flat,tuned
9,8,5709.5,50000,Flat,tuned
9,17,5752.708,50000,Flat,tuned
9,31,5745.875,50000,Flat,tuned
9,32,5704.208,50000,Flat,tuned
9,18,5712.083,50000,Flat,tuned
9,21,5725.084,50000,Flat,tuned
10,13,5680.042,50000,Flat,tuned
10,20,5730.208,50000,Flat,tuned
10,28,5821.875,50000,Flat,tuned
10,0,5693.208,50000,Flat,tuned
10,30,5699.042,50000,Flat,tuned
10,16,5762.584,50000,Flat,tuned
10,27,5807.916,50000,Flat,tuned
10,32,5930.833,50000,Flat,tuned
10,12,5717.084,50000,Flat,tuned
10,1,5806.0,50000,Flat,tuned
10,2,5769.0,50000,Flat,tuned
10,19,5752.75,50000,Flat,tuned
10,6,5692.667,50000,Flat,tuned
10,33,5715.25,50000,Flat,tuned
10,15,5755.416,50000,Flat,tuned
10,7,5714.625,50000,Flat,tuned
10,8,5702.125,50000,Flat,tuned
10,23,5708.416,50000,Flat,tuned
10,5,5698.625,50000,Flat,tuned
10,25,5736.083,50000,Flat,tuned
10,21,5674.084,50000,Flat,tuned
10,18,5763.167,50000,Flat,tuned
10,10,5772.416,50000,Flat,tuned
10,9,5725.917,50000,Flat,tuned
10,29,5710.0,50000,Flat,tuned
10,22,5717.584,50000,Flat,tuned
10,17,5710.5,50000,Flat,tuned
10,24,5723.333,50000,Flat,tuned
10,31,5678.25,50000,Flat,tuned
10,3,5692.833,50000,Flat,tuned
10,4,5715.875,50000,Flat,tuned
10,26,5789.125,50000,Flat,tuned
10,11,5689.542,50000,Flat,tuned
10,14,5721.666,50000,Flat,tuned
0,10,5496.583,50000,HNSW,tuned
0,33,6319.875,50000,HNSW,tuned
0,24,6159.375,50000,HNSW,tuned
0,5,6442.459,50000,HNSW,tuned
0,29,5877.958,50000,HNSW,tuned
0,19,5671.209,50000,HNSW,tuned
0,7,5571.416,50000,HNSW,tuned
0,20,6078.584,50000,HNSW,tuned
0,28,6017.792,50000,HNSW,tuned
0,18,6113.625,50000,HNSW,tuned
0,23,5986.208,50000,HNSW,tuned
0,30,5819.459,50000,HNSW,tuned
0,22,6252.542,50000,HNSW,tuned
0,6,5854.292,50000,HNSW,tuned
0,25,6158.083,50000,HNSW,tuned
0,16,6453.167,50000,HNSW,tuned
0,9,5708.75,50000,HNSW,tuned
0,26,6049.917,50000,HNSW,tuned
0,3,5797.834,50000,HNSW,tuned
0,0,6369.042,50000,HNSW,tuned
0,15,6606.833,50000,HNSW,tuned
0,17,6196.916,50000,HNSW,tuned
0,27,6513.958,50000,HNSW,tuned
0,12,6536.208,50000,HNSW,tuned
0,21,6291.0,50000,HNSW,tuned
0,11,6814.542,50000,HNSW,tuned
0,14,6794.958,50000,HNSW,tuned
0,32,6125.167,50000,HNSW,tuned
0,2,5734.875,50000,HNSW,tuned
0,4,5897.292,50000,HNSW,tuned
0,31,6418.0,50000,HNSW,tuned
0,1,5930.417,50000,HNSW,tuned
0,13,6515.666,50000,HNSW,tuned
0,8,6516.709,50000,HNSW,tuned
1,33,6154.292,50000,HNSW,tuned
1,10,5576.417,50000,HNSW,tuned
1,18,6146.5,50000,HNSW,tuned
1,26,6118.417,50000,HNSW,tuned
1,7,5669.542,50000,HNSW,tuned
1,17,6119.125,50000,HNSW,tuned
1,25,6049.917,50000,HNSW,tuned
1,12,6326.834,50000,HNSW,tuned
1,8,6419.041,50000,HNSW,tuned
1,6,5810.584,50000,HNSW,tuned
1,22,6193.292,50000,HNSW,tuned
1,5,6486.917,50000,HNSW,tuned
1,1,5739.167,50000,HNSW,tuned
1,27,6716.042,50000,HNSW,tuned
1,32,6180.833,50000,HNSW,tuned
1,21,6095.333,50000,HNSW,tuned
1,3,5807.667,50000,HNSW,tuned
1,20,6405.542,50000,HNSW,tuned
1,14,6738.791,50000,HNSW,tuned
1,19,5931.25,50000,HNSW,tuned
1,11,6627.375,50000,HNSW,tuned
1,2,5649.042,50000,HNSW,tuned
1,0,6647.458,50000,HNSW,tuned
1,24,6339.208,50000,HNSW,tuned
1,29,6096.667,50000,HNSW,tuned
1,4,6003.75,50000,HNSW,tuned
1,30,5848.375,50000,HNSW,tuned
1,15,6407.417,50000,HNSW,tuned
1,16,6305.084,50000,HNSW,tuned
1,23,6113.042,50000,HNSW,tuned
1,28,6209.541,50000,HNSW,tuned
1,13,6271.416,50000,HNSW,tuned
1,9,5701.667,50000,HNSW,tuned
1,31,6514.708,50000,HNSW,tuned
2,15,7317.75,50000,HNSW,tuned
2,16,7045.958,50000,HNSW,tuned
2,2,5529.167,50000,HNSW,tuned
2,25,6035.083,50000,HNSW,tuned
2,8,6419.625,50000,HNSW,tuned
2,23,6060.209,50000,HNSW,tuned
2,6,5998.5,50000,HNSW,tuned
2,26,5698.417,50000,HNSW,tuned
2,4,5749.5,50000,HNSW,tuned
2,9,5714.375,50000,HNSW,tuned
2,12,6369.875,50000,HNSW,tuned
2,19,5792.625,50000,HNSW,tuned
2,14,6708.166,50000,HNSW,tuned
2,18,5820.708,50000,HNSW,tuned
2,13,6680.708,50000,HNSW,tuned
2,11,6458.0,50000,HNSW,tuned
2,33,6366.458,50000,HNSW,tuned
2,3,5819.791,50000,HNSW,tuned
2,7,5542.167,50000,HNSW,tuned
2,5,6331.958,50000,HNSW,tuned
2,24,6247.125,50000,HNSW,tuned
2,17,6099.917,50000,HNSW,tuned
2,0,6449.0,50000,HNSW,tuned
2,22,6275.292,50000,HNSW,tuned
2,30,5956.917,50000,HNSW,tuned
2,27,6753.209,50000,HNSW,tuned
2,28,6088.208,50000,HNSW,tuned
2,10,5552.917,50000,HNSW,tuned
2,20,6327.834,50000,HNSW,tuned
2,21,6301.75,50000,HNSW,tuned
2,29,6125.917,50000,HNSW,tuned
2,32,6098.417,50000,HNSW,tuned
2,31,6385.708,50000,HNSW,tuned
2,1,6014.291,50000,HNSW,tuned
3,4,5951.5,50000,HNSW,tuned
3,0,6465.25,50000,HNSW,tuned
3,11,6419.375,50000,HNSW,tuned
3,6,5953.167,50000,HNSW,tuned
3,31,6330.417,50000,HNSW,tuned
3,20,6289.166,50000,HNSW,tuned
3,8,6622.625,50000,HNSW,tuned
3,2,5540.167,50000,HNSW,tuned
3,32,5959.958,50000,HNSW,tuned
3,25,6081.541,50000,HNSW,tuned
3,13,6294.875,50000,HNSW,tuned
3,21,6377.125,50000,HNSW,tuned
3,30,5907.542,50000,HNSW,tuned
3,15,6236.792,50000,HNSW,tuned
3,33,7109.084,50000,HNSW,tuned
3,28,6290.625,50000,HNSW,tuned
3,3,5583.042,50000,HNSW,tuned
3,5,6755.5,50000,HNSW,tuned
3,16,6296.667,50000,HNSW,tuned
3,9,6023.333,50000,HNSW,tuned
3,17,6303.125,50000,HNSW,tuned
3,1,5972.417,50000,HNSW,tuned
3,27,6755.042,50000,HNSW,tuned
3,22,6305.708,50000,HNSW,tuned
3,7,5695.042,50000,HNSW,tuned
3,29,6156.375,50000,HNSW,tuned
3,24,6261.833,50000,HNSW,tuned
3,12,6692.334,50000,HNSW,tuned
3,23,6266.375,50000,HNSW,tuned
3,14,6866.75,50000,HNSW,tuned
3,18,6310.416,50000,HNSW,tuned
3,10,5676.5,50000,HNSW,tuned
3,19,5753.084,50000,HNSW,tuned
3,26,6187.667,50000,HNSW,tuned
4,31,6470.083,50000,HNSW,tuned
4,6,5910.0,50000,HNSW,tuned
4,7,5834.459,50000,HNSW,tuned
4,13,6292.25,50000,HNSW,tuned
4,28,5933.25,50000,HNSW,tuned
4,25,6478.209,50000,HNSW,tuned
4,5,6690.792,50000,HNSW,tuned
4,23,6270.916,50000,HNSW,tuned
4,8,6831.75,50000,HNSW,tuned
4,15,6369.458,50000,HNSW,tuned
4,29,6334.875,50000,HNSW,tuned
4,3,5882.333,50000,HNSW,tuned
4,1,5911.166,50000,HNSW,tuned
4,32,6220.291,50000,HNSW,tuned
4,30,5961.125,50000,HNSW,tuned
4,0,6436.459,50000,HNSW,tuned
4,4,5973.041,50000,HNSW,tuned
4,19,5758.709,50000,HNSW,tuned
4,16,6431.666,50000,HNSW,tuned
4,18,6052.75,50000,HNSW,tuned
4,9,5742.875,50000,HNSW,tuned
4,2,5689.583,50000,HNSW,tuned
4,20,6098.125,50000,HNSW,tuned
4,27,6626.958,50000,HNSW,tuned
4,22,6495.625,50000,HNSW,tuned
4,11,7381.5,50000,HNSW,tuned
4,17,6371.291,50000,HNSW,tuned
4,10,5504.667,50000,HNSW,tuned
4,33,6324.208,50000,HNSW,tuned
4,24,6430.041,50000,HNSW,tuned
4,12,6432.709,50000,HNSW,tuned
4,14,6703.542,50000,HNSW,tuned
4,21,6227.375,50000,HNSW,tuned
4,26,5750.625,50000,HNSW,tuned
5,6,5898.0,50000,HNSW,tuned
5,33,6278.958,50000,HNSW,tuned
5,7,5859.0,50000,HNSW,tuned
5,32,6073.5,50000,HNSW,tuned
5,26,5878.0,50000,HNSW,tuned
5,22,6489.5,50000,HNSW,tuned
5,24,6266.791,50000,HNSW,tuned
5,15,6316.167,50000,HNSW,tuned
5,30,6189.292,50000,HNSW,tuned
5,31,6689.458,50000,HNSW,tuned
5,23,6434.458,50000,HNSW,tuned
5,20,6687.458,50000,HNSW,tuned
5,14,6928.459,50000,HNSW,tuned
5,18,6306.542,50000,HNSW,tuned
5,11,6666.25,50000,HNSW,tuned
5,12,6335.917,50000,HNSW,tuned
5,2,5680.042,50000,HNSW,tuned
5,25,6156.541,50000,HNSW,tuned
5,10,6210.125,50000,HNSW,tuned
5,9,5940.875,50000,HNSW,tuned
5,21,6269.042,50000,HNSW,tuned
5,17,6590.792,50000,HNSW,tuned
5,4,5692.125,50000,HNSW,tuned
5,16,6247.125,50000,HNSW,tuned
5,1,6293.417,50000,HNSW,tuned
5,29,5749.084,50000,HNSW,tuned
5,3,6101.5,50000,HNSW,tuned
5,0,6497.5,50000,HNSW,tuned
5,19,5868.541,50000,HNSW,tuned
5,28,6519.625,50000,HNSW,tuned
5,8,6617.083,50000,HNSW,tuned
5,27,6712.25,50000,HNSW,tuned
5,5,6412.834,50000,HNSW,tuned
5,13,6512.334,50000,HNSW,tuned
6,33,6184.958,50000,HNSW,tuned
6,21,6716.291,50000,HNSW,tuned
6,6,6081.917,50000,HNSW,tuned
6,3,6008.5,50000,HNSW,tuned
6,25,6115.958,50000,HNSW,tuned
6,19,6081.875,50000,HNSW,tuned
6,29,6190.042,50000,HNSW,tuned
6,23,6152.917,50000,HNSW,tuned
6,9,5639.459,50000,HNSW,tuned
6,11,6566.75,50000,HNSW,tuned
6,8,6222.708,50000,HNSW,tuned
6,27,6445.625,50000,HNSW,tuned
6,28,6077.959,50000,HNSW,tuned
6,10,5538.125,50000,HNSW,tuned
6,4,5787.958,50000,HNSW,tuned
6,18,6119.916,50000,HNSW,tuned
6,7,5551.833,50000,HNSW,tuned
6,1,5926.542,50000,HNSW,tuned
6,0,6433.5,50000,HNSW,tuned
6,15,6340.584,50000,HNSW,tuned
6,20,6376.459,50000,HNSW,tuned
6,32,5943.458,50000,HNSW,tuned
6,16,6360.333,50000,HNSW,tuned
6,12,6531.958,50000,HNSW,tuned
6,26,5808.5,50000,HNSW,tuned
6,24,6124.083,50000,HNSW,tuned
6,17,6242.667,50000,HNSW,tuned
6,22,6163.917,50000,HNSW,tuned
6,5,6429.791,50000,HNSW,tuned
6,30,5817.125,50000,HNSW,tuned
6,2,5483.291,50000,HNSW,tuned
6,31,6485.209,50000,HNSW,tuned
6,14,6649.375,50000,HNSW,tuned
6,13,6367.125,50000,HNSW,tuned
7,20,6095.459,50000,HNSW,tuned
7,16,6341.5,50000,HNSW,tuned
7,2,5723.166,50000,HNSW,tuned
7,12,6797.959,50000,HNSW,tuned
7,29,6347.791,50000,HNSW,tuned
7,10,5458.334,50000,HNSW,tuned
7,22,6207.709,50000,HNSW,tuned
7,4,5794.792,50000,HNSW,tuned
7,0,6261.75,50000,HNSW,tuned
7,23,5961.041,50000,HNSW,tuned
7,19,5752.5,50000,HNSW,tuned
7,33,6360.583,50000,HNSW,tuned
7,15,6375.25,50000,HNSW,tuned
7,26,5874.833,50000,HNSW,tuned
7,28,5948.333,50000,HNSW,tuned
7,18,5936.0,50000,HNSW,tuned
7,24,6142.708,50000,HNSW,tuned
7,3,5807.0,50000,HNSW,tuned
7,8,6811.041,50000,HNSW,tuned
7,11,6616.291,50000,HNSW,tuned
7,7,5610.458,50000,HNSW,tuned
7,5,6470.542,50000,HNSW,tuned
7,1,5877.625,50000,HNSW,tuned
7,32,6258.25,50000,HNSW,tuned
7,27,6543.041,50000,HNSW,tuned
7,17,6314.625,50000,HNSW,tuned
7,9,6122.5,50000,HNSW,tuned
7,25,6229.25,50000,HNSW,tuned
7,13,6553.792,50000,HNSW,tuned
7,21,6330.209,50000,HNSW,tuned
7,30,5932.083,50000,HNSW,tuned
7,31,6533.541,50000,HNSW,tuned
7,6,5935.959,50000,HNSW,tuned
7,14,6715.959,50000,HNSW,tuned
8,16,7683.167,50000,HNSW,tuned
8,8,7703.417,50000,HNSW,tuned
8,33,7911.666,50000,HNSW,tuned
8,25,6649.125,50000,HNSW,tuned
8,18,6733.666,50000,HNSW,tuned
8,26,6382.5,50000,HNSW,tuned
8,32,6776.292,50000,HNSW,tuned
8,11,7858.041,50000,HNSW,tuned
8,27,6510.834,50000,HNSW,tuned
8,7,5991.75,50000,HNSW,tuned
8,15,6514.834,50000,HNSW,tuned
8,1,5718.167,50000,HNSW,tuned
8,22,6348.458,50000,HNSW,tuned
8,28,6042.75,50000,HNSW,tuned
8,19,5711.5,50000,HNSW,tuned
8,23,6157.542,50000,HNSW,tuned
8,0,6244.5,50000,HNSW,tuned
8,24,6161.458,50000,HNSW,tuned
8,29,6199.541,50000,HNSW,tuned
8,2,5604.584,50000,HNSW,tuned
8,31,6318.25,50000,HNSW,tuned
8,5,6487.708,50000,HNSW,tuned
8,4,5598.834,50000,HNSW,tuned
8,10,5650.042,50000,HNSW,tuned
8,6,5762.541,50000,HNSW,tuned
8,17,5897.542,50000,HNSW,tuned
8,30,6112.125,50000,HNSW,tuned
8,13,6353.583,50000,HNSW,tuned
8,3,5701.334,50000,HNSW,tuned
8,14,6870.208,50000,HNSW,tuned
8,12,6484.083,50000,HNSW,tuned
8,20,6407.125,50000,HNSW,tuned
8,21,6589.459,50000,HNSW,tuned
8,9,5759.25,50000,HNSW,tuned
9,30,6119.917,50000,HNSW,tuned
9,6,6305.541,50000,HNSW,tuned
9,28,6256.541,50000,HNSW,tuned
9,7,5456.458,50000,HNSW,tuned
9,10,5738.916,50000,HNSW,tuned
9,24,6360.875,50000,HNSW,tuned
9,13,6593.834,50000,HNSW,tuned
9,14,7120.875,50000,HNSW,tuned
9,33,6919.667,50000,HNSW,tuned
9,25,6200.916,50000,HNSW,tuned
9,0,6296.792,50000,HNSW,tuned
9,19,5687.125,50000,HNSW,tuned
9,4,5944.709,50000,HNSW,tuned
9,12,6200.0,50000,HNSW,tuned
9,5,6343.75,50000,HNSW,tuned
9,9,5685.417,50000,HNSW,tuned
9,11,6338.541,50000,HNSW,tuned
9,3,5863.542,50000,HNSW,tuned
9,16,6294.667,50000,HNSW,tuned
9,26,5871.667,50000,HNSW,tuned
9,20,6411.917,50000,HNSW,tuned
9,29,5925.333,50000,HNSW,tuned
9,2,5550.792,50000,HNSW,tuned
9,22,6326.584,50000,HNSW,tuned
9,27,6395.125,50000,HNSW,tuned
9,23,6152.916,50000,HNSW,tuned
9,1,5876.042,50000,HNSW,tuned
9,15,6038.333,50000,HNSW,tuned
9,8,6588.209,50000,HNSW,tuned
9,17,5951.083,50000,HNSW,tuned
9,31,6123.959,50000,HNSW,tuned
9,32,6097.958,50000,HNSW,tuned
9,18,5894.708,50000,HNSW,tuned
9,21,6162.292,50000,HNSW,tuned
10,13,6420.167,50000,HNSW,tuned
10,20,6380.833,50000,HNSW,tuned
10,28,6056.292,50000,HNSW,tuned
10,0,6258.541,50000,HNSW,tuned
10,30,5953.0,50000,HNSW,tuned
10,16,6359.417,50000,HNSW,tuned
10,27,6337.833,50000,HNSW,tuned
10,32,6113.292,50000,HNSW,tuned
10,12,6444.292,50000,HNSW,tuned
10,1,5926.75,50000,HNSW,tuned
10,2,5745.834,50000,HNSW,tuned
10,19,5285.041,50000,HNSW,tuned
10,6,5940.375,50000,HNSW,tuned
10,33,6536.0,50000,HNSW,tuned
10,15,6325.0,50000,HNSW,tuned
10,7,5841.0,50000,HNSW,tuned
10,8,6450.417,50000,HNSW,tuned
10,23,6159.75,50000,HNSW,tuned
10,5,6545.042,50000,HNSW,tuned
10,25,5870.291,50000,HNSW,tuned
10,21,6277.792,50000,HNSW,tuned
10,18,6212.958,50000,HNSW,tuned
10,10,5567.125,50000,HNSW,tuned
10,9,5781.084,50000,HNSW,tuned
10,29,5982.417,50000,HNSW,tuned
10,22,6289.708,50000,HNSW,tuned
10,17,6465.417,50000,HNSW,tuned
10,24,6279.958,50000,HNSW,tuned
10,31,6446.208,50000,HNSW,tuned
10,3,5827.0,50000,HNSW,tuned
10,4,5778.333,50000,HNSW,tuned
10,26,5916.125,50000,HNSW,tuned
10,11,6483.083,50000,HNSW,tuned
10,14,6536.917,50000,HNSW,tuned
0,10,23.792,50000,HNSW,fixed
0,33,19.792,50000,HNSW,fixed
0,24,20.5,50000,HNSW,fixed
0,5,19.75,50000,HNSW,fixed
0,29,22.25,50000,HNSW,fixed
0,19,23.708,50000,HNSW,fixed
0,7,23.459,50000,HNSW,fixed
0,20,21.333,50000,HNSW,fixed
0,28,20.292,50000,HNSW,fixed
0,18,16.625,50000,HNSW,fixed
0,23,18.583,50000,HNSW,fixed
0,30,18.792,50000,HNSW,fixed
0,22,21.917,50000,HNSW,fixed
0,6,24.292,50000,HNSW,fixed
0,25,19.167,50000,HNSW,fixed
0,16,19.166,50000,HNSW,fixed
0,9,23.209,50000,HNSW,fixed
0,26,23.666,50000,HNSW,fixed
0,3,26.0,50000,HNSW,fixed
0,0,31.291,50000,HNSW,fixed
0,15,16.125,50000,HNSW,fixed
0,17,24.917,50000,HNSW,fixed
0,27,19.334,50000,HNSW,fixed
0,12,31.833,50000,HNSW,fixed
0,21,19.0,50000,HNSW,fixed
0,11,17.208,50000,HNSW,fixed
0,14,20.458,50000,HNSW,fixed
0,32,20.416,50000,HNSW,fixed
0,2,17.333,50000,HNSW,fixed
0,4,26.792,50000,HNSW,fixed
0,31,23.833,50000,HNSW,fixed
0,1,26.708,50000,HNSW,fixed
0,13,25.666,50000,HNSW,fixed
0,8,29.625,50000,HNSW,fixed
1,33,24.625,50000,HNSW,fixed
1,10,21.125,50000,HNSW,fixed
1,18,16.833,50000,HNSW,fixed
1,26,22.417,50000,HNSW,fixed
1,7,22.875,50000,HNSW,fixed
1,17,23.167,50000,HNSW,fixed
1,25,18.708,50000,HNSW,fixed
1,12,29.75,50000,HNSW,fixed
1,8,15.042,50000,HNSW,fixed
1,6,24.125,50000,HNSW,fixed
1,22,21.958,50000,HNSW,fixed
1,5,19.333,50000,HNSW,fixed
1,1,24.792,50000,HNSW,fixed
1,27,18.458,50000,HNSW,fixed
1,32,19.542,50000,HNSW,fixed
1,21,18.75,50000,HNSW,fixed
1,3,25.042,50000,HNSW,fixed
1,20,22.625,50000,HNSW,fixed
1,14,32.5,50000,HNSW,fixed
1,19,24.75,50000,HNSW,fixed
1,11,16.459,50000,HNSW,fixed
1,2,17.083,50000,HNSW,fixed
1,0,30.041,50000,HNSW,fixed
1,24,39.25,50000,HNSW,fixed
1,29,23.792,50000,HNSW,fixed
1,4,25.0,50000,HNSW,fixed
1,30,31.041,50000,HNSW,fixed
1,15,16.25,50000,HNSW,fixed
1,16,19.584,50000,HNSW,fixed
1,23,19.792,50000,HNSW,fixed
1,28,21.333,50000,HNSW,fixed
1,13,25.917,50000,HNSW,fixed
1,9,23.833,50000,HNSW,fixed
1,31,37.916,50000,HNSW,fixed
2,15,19.416,50000,HNSW,fixed
2,16,18.125,50000,HNSW,fixed
2,2,29.417,50000,HNSW,fixed
2,25,18.833,50000,HNSW,fixed
2,8,15.0,50000,HNSW,fixed
2,23,18.125,50000,HNSW,fixed
2,6,23.375,50000,HNSW,fixed
2,26,22.208,50000,HNSW,fixed
2,4,23.333,50000,HNSW,fixed
2,9,22.875,50000,HNSW,fixed
2,12,29.708,50000,HNSW,fixed
2,19,23.25,50000,HNSW,fixed
2,14,19.666,50000,HNSW,fixed
2,18,16.417,50000,HNSW,fixed
2,13,24.0,50000,HNSW,fixed
2,11,16.542,50000,HNSW,fixed
2,33,20.542,50000,HNSW,fixed
2,3,24.333,50000,HNSW,fixed
2,7,23.041,50000,HNSW,fixed
2,5,19.375,50000,HNSW,fixed
2,24,20.458,50000,HNSW,fixed
2,17,24.042,50000,HNSW,fixed
2,0,29.667,50000,HNSW,fixed
2,22,22.375,50000,HNSW,fixed
2,30,19.291,50000,HNSW,fixed
2,27,19.375,50000,HNSW,fixed
2,28,20.625,50000,HNSW,fixed
2,10,21.667,50000,HNSW,fixed
2,20,23.083,50000,HNSW,fixed
2,21,18.875,50000,HNSW,fixed
2,29,29.458,50000,HNSW,fixed
2,32,20.084,50000,HNSW,fixed
2,31,24.708,50000,HNSW,fixed
2,1,24.875,50000,HNSW,fixed
3,4,27.209,50000,HNSW,fixed
3,0,27.209,50000,HNSW,fixed
3,11,15.833,50000,HNSW,fixed
3,6,22.834,50000,HNSW,fixed
3,31,21.167,50000,HNSW,fixed
3,20,20.875,50000,HNSW,fixed
3,8,15.041,50000,HNSW,fixed
3,2,15.666,50000,HNSW,fixed
3,32,17.917,50000,HNSW,fixed
3,25,18.125,50000,HNSW,fixed
3,13,23.417,50000,HNSW,fixed
3,21,17.917,50000,HNSW,fixed
3,30,18.25,50000,HNSW,fixed
3,15,15.375,50000,HNSW,fixed
3,33,20.25,50000,HNSW,fixed
3,28,20.25,50000,HNSW,fixed
3,3,24.167,50000,HNSW,fixed
3,5,19.167,50000,HNSW,fixed
3,16,18.042,50000,HNSW,fixed
3,9,22.459,50000,HNSW,fixed
3,17,22.75,50000,HNSW,fixed
3,1,23.5,50000,HNSW,fixed
3,27,18.167,50000,HNSW,fixed
3,22,21.75,50000,HNSW,fixed
3,7,23.125,50000,HNSW,fixed
3,29,22.167,50000,HNSW,fixed
3,24,20.041,50000,HNSW,fixed
3,12,29.667,50000,HNSW,fixed
3,23,18.625,50000,HNSW,fixed
3,14,19.292,50000,HNSW,fixed
3,18,16.459,50000,HNSW,fixed
3,10,21.167,50000,HNSW,fixed
3,19,23.625,50000,HNSW,fixed
3,26,23.333,50000,HNSW,fixed
4,31,24.583,50000,HNSW,fixed
4,6,22.459,50000,HNSW,fixed
4,7,21.917,50000,HNSW,fixed
4,13,23.125,50000,HNSW,fixed
4,28,19.459,50000,HNSW,fixed
4,25,18.125,50000,HNSW,fixed
4,5,18.917,50000,HNSW,fixed
4,23,17.625,50000,HNSW,fixed
4,8,14.834,50000,HNSW,fixed
4,15,14.792,50000,HNSW,fixed
4,29,21.209,50000,HNSW,fixed
4,3,23.459,50000,HNSW,fixed
4,1,22.958,50000,HNSW,fixed
4,32,18.5,50000,HNSW,fixed
4,30,18.25,50000,HNSW,fixed
4,0,26.833,50000,HNSW,fixed
4,4,23.083,50000,HNSW,fixed
4,19,22.667,50000,HNSW,fixed
4,16,18.333,50000,HNSW,fixed
4,18,15.708,50000,HNSW,fixed
4,9,22.209,50000,HNSW,fixed
4,2,15.208,50000,HNSW,fixed
4,20,21.375,50000,HNSW,fixed
4,27,33.416,50000,HNSW,fixed
4,22,22.125,50000,HNSW,fixed
4,11,15.916,50000,HNSW,fixed
4,17,22.708,50000,HNSW,fixed
4,10,20.625,50000,HNSW,fixed
4,33,20.875,50000,HNSW,fixed
4,24,20.208,50000,HNSW,fixed
4,12,29.5,50000,HNSW,fixed
4,14,19.459,50000,HNSW,fixed
4,21,18.542,50000,HNSW,fixed
4,26,23.125,50000,HNSW,fixed
5,6,25.334,50000,HNSW,fixed
5,33,19.292,50000,HNSW,fixed
5,7,21.583,50000,HNSW,fixed
5,32,17.833,50000,HNSW,fixed
5,26,21.25,50000,HNSW,fixed
5,22,20.833,50000,HNSW,fixed
5,24,19.125,50000,HNSW,fixed
5,15,15.125,50000,HNSW,fixed
5,30,17.666,50000,HNSW,fixed
5,31,20.833,50000,HNSW,fixed
5,23,17.958,50000,HNSW,fixed
5,20,35.875,50000,HNSW,fixed
5,14,19.458,50000,HNSW,fixed
5,18,16.042,50000,HNSW,fixed
5,11,16.083,50000,HNSW,fixed
5,12,28.416,50000,HNSW,fixed
5,2,15.417,50000,HNSW,fixed
5,25,18.209,50000,HNSW,fixed
5,10,20.167,50000,HNSW,fixed
5,9,21.916,50000,HNSW,fixed
5,21,17.917,50000,HNSW,fixed
5,17,22.875,50000,HNSW,fixed
5,4,22.667,50000,HNSW,fixed
5,16,17.875,50000,HNSW,fixed
5,1,23.417,50000,HNSW,fixed
5,29,22.333,50000,HNSW,fixed
5,3,23.958,50000,HNSW,fixed
5,0,27.458,50000,HNSW,fixed
5,19,23.042,50000,HNSW,fixed
5,28,20.417,50000,HNSW,fixed
5,8,15.25,50000,HNSW,fixed
5,27,18.583,50000,HNSW,fixed
5,5,19.041,50000,HNSW,fixed
5,13,23.459,50000,HNSW,fixed
6,33,36.792,50000,HNSW,fixed
6,21,18.542,50000,HNSW,fixed
6,6,22.5,50000,HNSW,fixed
6,3,23.084,50000,HNSW,fixed
6,25,18.0,50000,HNSW,fixed
6,19,22.458,50000,HNSW,fixed
6,29,21.292,50000,HNSW,fixed
6,23,17.833,50000,HNSW,fixed
6,9,22.083,50000,HNSW,fixed
6,11,15.5,50000,HNSW,fixed
6,8,14.791,50000,HNSW,fixed
6,27,17.333,50000,HNSW,fixed
6,28,19.709,50000,HNSW,fixed
6,10,19.958,50000,HNSW,fixed
6,4,22.625,50000,HNSW,fixed
6,18,15.708,50000,HNSW,fixed
6,7,21.917,50000,HNSW,fixed
6,1,23.125,50000,HNSW,fixed
6,0,27.208,50000,HNSW,fixed
6,15,15.084,50000,HNSW,fixed
6,20,21.291,50000,HNSW,fixed
6,32,18.708,50000,HNSW,fixed
6,16,18.417,50000,HNSW,fixed
6,12,29.416,50000,HNSW,fixed
6,26,22.916,50000,HNSW,fixed
6,24,19.958,50000,HNSW,fixed
6,17,23.375,50000,HNSW,fixed
6,22,21.459,50000,HNSW,fixed
6,5,18.792,50000,HNSW,fixed
6,30,18.917,50000,HNSW,fixed
6,2,15.5,50000,HNSW,fixed
6,31,22.667,50000,HNSW,fixed
6,14,19.75,50000,HNSW,fixed
6,13,23.292,50000,HNSW,fixed
7,20,24.25,50000,HNSW,fixed
7,16,18.125,50000,HNSW,fixed
7,2,15.0,50000,HNSW,fixed
7,12,28.083,50000,HNSW,fixed
7,29,26.0,50000,HNSW,fixed
7,10,20.125,50000,HNSW,fixed
7,22,20.625,50000,HNSW,fixed
7,4,22.292,50000,HNSW,fixed
7,0,27.375,50000,HNSW,fixed
7,23,17.75,50000,HNSW,fixed
7,19,22.708,50000,HNSW,fixed
7,33,21.041,50000,HNSW,fixed
7,15,15.042,50000,HNSW,fixed
7,26,48.833,50000,HNSW,fixed
7,28,20.917,50000,HNSW,fixed
7,18,16.084,50000,HNSW,fixed
7,24,19.833,50000,HNSW,fixed
7,3,23.667,50000,HNSW,fixed
7,8,15.333,50000,HNSW,fixed
7,11,15.875,50000,HNSW,fixed
7,7,22.5,50000,HNSW,fixed
7,5,18.875,50000,HNSW,fixed
7,1,22.916,50000,HNSW,fixed
7,32,18.833,50000,HNSW,fixed
7,27,17.75,50000,HNSW,fixed
7,17,23.167,50000,HNSW,fixed
7,9,22.583,50000,HNSW,fixed
7,25,18.959,50000,HNSW,fixed
7,13,23.292,50000,HNSW,fixed
7,21,18.333,50000,HNSW,fixed
7,30,18.875,50000,HNSW,fixed
7,31,22.833,50000,HNSW,fixed
7,6,23.833,50000,HNSW,fixed
7,14,20.042,50000,HNSW,fixed
8,16,21.083,50000,HNSW,fixed
8,8,15.167,50000,HNSW,fixed
8,33,19.667,50000,HNSW,fixed
8,25,18.0,50000,HNSW,fixed
8,18,15.833,50000,HNSW,fixed
8,26,21.125,50000,HNSW,fixed
8,32,17.542,50000,HNSW,fixed
8,11,15.417,50000,HNSW,fixed
8,27,17.458,50000,HNSW,fixed
8,7,21.75,50000,HNSW,fixed
8,15,14.917,50000,HNSW,fixed
8,1,22.583,50000,HNSW,fixed
8,22,20.875,50000,HNSW,fixed
8,28,19.708,50000,HNSW,fixed
8,19,22.25,50000,HNSW,fixed
8,23,18.0,50000,HNSW,fixed
8,0,26.791,50000,HNSW,fixed
8,24,19.5,50000,HNSW,fixed
8,29,21.458,50000,HNSW,fixed
8,2,14.958,50000,HNSW,fixed
8,31,21.541,50000,HNSW,fixed
8,5,18.875,50000,HNSW,fixed
8,4,22.416,50000,HNSW,fixed
8,10,32.667,50000,HNSW,fixed
8,6,23.625,50000,HNSW,fixed
8,17,22.958,50000,HNSW,fixed
8,30,18.833,50000,HNSW,fixed
8,13,23.333,50000,HNSW,fixed
8,3,23.334,50000,HNSW,fixed
8,14,19.708,50000,HNSW,fixed
8,12,28.875,50000,HNSW,fixed
8,20,21.417,50000,HNSW,fixed
8,21,18.292,50000,HNSW,fixed
8,9,22.708,50000,HNSW,fixed
9,30,20.083,50000,HNSW,fixed
9,6,22.167,50000,HNSW,fixed
9,28,19.125,50000,HNSW,fixed
9,7,21.542,50000,HNSW,fixed
9,10,19.334,50000,HNSW,fixed
9,24,19.416,50000,HNSW,fixed
9,13,22.792,50000,HNSW,fixed
9,14,18.791,50000,HNSW,fixed
9,33,19.542,50000,HNSW,fixed
9,25,17.959,50000,HNSW,fixed
9,0,26.375,50000,HNSW,fixed
9,19,34.917,50000,HNSW,fixed
9,4,22.958,50000,HNSW,fixed
9,12,28.291,50000,HNSW,fixed
9,5,18.75,50000,HNSW,fixed
9,9,22.583,50000,HNSW,fixed
9,11,16.125,50000,HNSW,fixed
9,3,23.625,50000,HNSW,fixed
9,16,18.125,50000,HNSW,fixed
9,26,22.5,50000,HNSW,fixed
9,20,21.084,50000,HNSW,fixed
9,29,22.917,50000,HNSW,fixed
9,2,15.417,50000,HNSW,fixed
9,22,21.75,50000,HNSW,fixed
9,27,17.958,50000,HNSW,fixed
9,23,18.75,50000,HNSW,fixed
9,1,23.167,50000,HNSW,fixed
9,15,15.542,50000,HNSW,fixed
9,8,15.208,50000,HNSW,fixed
9,17,23.416,50000,HNSW,fixed
9,31,22.291,50000,HNSW,fixed
9,32,19.375,50000,HNSW,fixed
9,18,16.791,50000,HNSW,fixed
9,21,18.167,50000,HNSW,fixed
10,13,37.667,50000,HNSW,fixed
10,20,21.25,50000,HNSW,fixed
10,28,19.292,50000,HNSW,fixed
10,0,26.542,50000,HNSW,fixed
10,30,17.458,50000,HNSW,fixed
10,16,17.458,50000,HNSW,fixed
10,27,17.459,50000,HNSW,fixed
10,32,17.917,50000,HNSW,fixed
10,12,28.125,50000,HNSW,fixed
10,1,22.916,50000,HNSW,fixed
10,2,15.083,50000,HNSW,fixed
10,19,22.25,50000,HNSW,fixed
10,6,22.416,50000,HNSW,fixed
10,33,20.375,50000,HNSW,fixed
10,15,14.917,50000,HNSW,fixed
10,7,21.875,50000,HNSW,fixed
10,8,15.0,50000,HNSW,fixed
10,23,18.0,50000,HNSW,fixed
10,5,18.583,50000,HNSW,fixed
10,25,18.083,50000,HNSW,fixed
10,21,17.917,50000,HNSW,fixed
10,18,16.083,50000,HNSW,fixed
10,10,20.041,50000,HNSW,fixed
10,9,22.708,50000,HNSW,fixed
10,29,21.958,50000,HNSW,fixed
10,22,21.291,50000,HNSW,fixed
10,17,22.833,50000,HNSW,fixed
10,24,19.958,50000,HNSW,fixed
10,31,21.875,50000,HNSW,fixed
10,3,23.5,50000,HNSW,fixed
10,4,22.917,50000,HNSW,fixed
10,26,22.542,50000,HNSW,fixed
10,11,16.125,50000,HNSW,fixed
10,14,19.291,50000,HNSW,fixed
0,10,263.709,50000,IVF,tuned
0,33,259.041,50000,IVF,tuned
0,24,254.666,50000,IVF,tuned
0,5,280.542,50000,IVF,tuned
0,29,383.833,50000,IVF,tuned
0,19,225.292,50000,IVF,tuned
0,7,320.458,50000,IVF,tuned
0,20,193.833,50000,IVF,tuned
0,28,359.75,50000,IVF,tuned
0,18,367.375,50000,IVF,tuned
0,23,342.833,50000,IVF,tuned
0,30,466.334,50000,IVF,tuned
0,22,338.0,50000,IVF,tuned
0,6,177.333,50000,IVF,tuned
0,25,360.709,50000,IVF,tuned
0,16,265.417,50000,IVF,tuned
0,9,242.75,50000,IVF,tuned
0,26,345.792,50000,IVF,tuned
0,3,218.25,50000,IVF,tuned
0,0,349.334,50000,IVF,tuned
0,15,308.208,50000,IVF,tuned
0,17,263.792,50000,IVF,tuned
0,27,323.833,50000,IVF,tuned
0,12,271.791,50000,IVF,tuned
0,21,232.167,50000,IVF,tuned
0,11,241.958,50000,IVF,tuned
0,14,330.416,50000,IVF,tuned
0,32,297.625,50000,IVF,tuned
0,2,271.708,50000,IVF,tuned
0,4,340.75,50000,IVF,tuned
0,31,241.167,50000,IVF,tuned
0,1,423.416,50000,IVF,tuned
0,13,360.083,50000,IVF,tuned
0,8,210.791,50000,IVF,tuned
1,33,305.875,50000,IVF,tuned
1,10,252.583,50000,IVF,tuned
1,18,337.25,50000,IVF,tuned
1,26,368.541,50000,IVF,tuned
1,7,302.291,50000,IVF,tuned
1,17,264.875,50000,IVF,tuned
1,25,355.334,50000,IVF,tuned
1,12,293.375,50000,IVF,tuned
1,8,211.292,50000,IVF,tuned
1,6,174.375,50000,IVF,tuned
1,22,313.041,50000,IVF,tuned
1,5,273.333,50000,IVF,tuned
1,1,510.583,50000,IVF,tuned
1,27,356.25,50000,IVF,tuned
1,32,314.417,50000,IVF,tuned
1,21,233.167,50000,IVF,tuned
1,3,218.917,50000,IVF,tuned
1,20,214.584,50000,IVF,tuned
1,14,317.0,50000,IVF,tuned
1,19,225.0,50000,IVF,tuned
1,11,243.958,50000,IVF,tuned
1,2,278.209,50000,IVF,tuned
1,0,331.291,50000,IVF,tuned
1,24,254.666,50000,IVF,tuned
1,29,416.334,50000,IVF,tuned
1,4,323.208,50000,IVF,tuned
1,30,448.125,50000,IVF,tuned
1,15,316.333,50000,IVF,tuned
1,16,252.042,50000,IVF,tuned
1,23,342.458,50000,IVF,tuned
1,28,395.583,50000,IVF,tuned
1,13,351.25,50000,IVF,tuned
1,9,243.625,50000,IVF,tuned
1,31,258.583,50000,IVF,tuned
2,15,335.334,50000,IVF,tuned
2,16,248.208,50000,IVF,tuned
2,2,307.417,50000,IVF,tuned
2,25,357.291,50000,IVF,tuned
2,8,209.625,50000,IVF,tuned
2,23,360.209,50000,IVF,tuned
2,6,178.042,50000,IVF,tuned
2,26,371.667,50000,IVF,tuned
2,4,327.25,50000,IVF,tuned
2,9,284.0,50000,IVF,tuned
2,12,274.875,50000,IVF,tuned
2,19,226.333,50000,IVF,tuned
2,14,330.0,50000,IVF,tuned
2,18,336.709,50000,IVF,tuned
2,13,345.292,50000,IVF,tuned
2,11,340.167,50000,IVF,tuned
2,33,320.875,50000,IVF,tuned
2,3,226.375,50000,IVF,tuned
2,7,298.458,50000,IVF,tuned
2,5,293.417,50000,IVF,tuned
2,24,275.166,50000,IVF,tuned
2,17,268.541,50000,IVF,tuned
2,0,361.084,50000,IVF,tuned
2,22,328.5,50000,IVF,tuned
2,30,535.375,50000,IVF,tuned
2,27,334.167,50000,IVF,tuned
2,28,358.667,50000,IVF,tuned
2,10,251.583,50000,IVF,tuned
2,20,213.334,50000,IVF,tuned
2,21,235.25,50000,IVF,tuned
2,29,379.125,50000,IVF,tuned
2,32,339.5,50000,IVF,tuned
2,31,246.083,50000,IVF,tuned
2,1,419.333,50000,IVF,tuned
3,4,337.166,50000,IVF,tuned
3,0,354.375,50000,IVF,tuned
3,11,244.125,50000,IVF,tuned
3,6,178.167,50000,IVF,tuned
3,31,254.0,50000,IVF,tuned
3,20,191.916,50000,IVF,tuned
3,8,207.584,50000,IVF,tuned
3,2,261.875,50000,IVF,tuned
3,32,293.125,50000,IVF,tuned
3,25,377.625,50000,IVF,tuned
3,13,356.958,50000,IVF,tuned
3,21,233.208,50000,IVF,tuned
3,30,486.708,50000,IVF,tuned
3,15,325.958,50000,IVF,tuned
3,33,275.25,50000,IVF,tuned
3,28,361.583,50000,IVF,tuned
3,3,218.417,50000,IVF,tuned
3,5,258.083,50000,IVF,tuned
3,16,269.083,50000,IVF,tuned
3,9,244.75,50000,IVF,tuned
3,17,264.041,50000,IVF,tuned
3,1,437.084,50000,IVF,tuned
3,27,311.291,50000,IVF,tuned
3,22,311.708,50000,IVF,tuned
3,7,318.334,50000,IVF,tuned
3,29,382.75,50000,IVF,tuned
3,24,251.583,50000,IVF,tuned
3,12,270.083,50000,IVF,tuned
3,23,378.208,50000,IVF,tuned
3,14,323.209,50000,IVF,tuned
3,18,337.167,50000,IVF,tuned
3,10,267.167,50000,IVF,tuned
3,19,225.625,50000,IVF,tuned
3,26,345.666,50000,IVF,tuned
4,31,263.083,50000,IVF,tuned
4,6,197.459,50000,IVF,tuned
4,7,304.0,50000,IVF,tuned
4,13,342.458,50000,IVF,tuned
4,28,369.041,50000,IVF,tuned
4,25,353.916,50000,IVF,tuned
4,5,256.917,50000,IVF,tuned
4,23,381.875,50000,IVF,tuned
4,8,215.375,50000,IVF,tuned
4,15,302.208,50000,IVF,tuned
4,29,385.917,50000,IVF,tuned
4,3,233.291,50000,IVF,tuned
4,1,438.875,50000,IVF,tuned
4,32,294.334,50000,IVF,tuned
4,30,480.5,50000,IVF,tuned
4,0,370.458,50000,IVF,tuned
4,4,346.667,50000,IVF,tuned
4,19,230.167,50000,IVF,tuned
4,16,245.209,50000,IVF,tuned
4,18,334.792,50000,IVF,tuned
4,9,259.541,50000,IVF,tuned
4,2,267.041,50000,IVF,tuned
4,20,187.875,50000,IVF,tuned
4,27,304.708,50000,IVF,tuned
4,22,335.917,50000,IVF,tuned
4,11,248.208,50000,IVF,tuned
4,17,260.5,50000,IVF,tuned
4,10,262.417,50000,IVF,tuned
4,33,252.875,50000,IVF,tuned
4,24,253.25,50000,IVF,tuned
4,12,268.417,50000,IVF,tuned
4,14,334.458,50000,IVF,tuned
4,21,236.041,50000,IVF,tuned
4,26,345.583,50000,IVF,tuned
5,6,199.75,50000,IVF,tuned
5,33,510.25,50000,IVF,tuned
5,7,307.708,50000,IVF,tuned
5,32,294.5,50000,IVF,tuned
5,26,382.75,50000,IVF,tuned
5,22,316.833,50000,IVF,tuned
5,24,252.083,50000,IVF,tuned
5,15,319.292,50000,IVF,tuned
5,30,449.584,50000,IVF,tuned
5,31,238.25,50000,IVF,tuned
5,23,354.875,50000,IVF,tuned
5,20,192.541,50000,IVF,tuned
5,14,312.958,50000,IVF,tuned
5,18,348.208,50000,IVF,tuned
5,11,245.458,50000,IVF,tuned
5,12,267.375,50000,IVF,tuned
5,2,262.167,50000,IVF,tuned
5,25,366.459,50000,IVF,tuned
5,10,253.75,50000,IVF,tuned
5,9,243.083,50000,IVF,tuned
5,21,233.333,50000,IVF,tuned
5,17,292.084,50000,IVF,tuned
5,4,361.583,50000,IVF,tuned
5,16,246.334,50000,IVF,tuned
5,1,429.042,50000,IVF,tuned
5,29,380.125,50000,IVF,tuned
5,3,217.125,50000,IVF,tuned
5,0,351.917,50000,IVF,tuned
5,19,228.833,50000,IVF,tuned
5,28,357.792,50000,IVF,tuned
5,8,227.209,50000,IVF,tuned
5,27,306.083,50000,IVF,tuned
5,5,277.041,50000,IVF,tuned
5,13,349.125,50000,IVF,tuned
6,33,278.458,50000,IVF,tuned
6,21,234.833,50000,IVF,tuned
6,6,186.917,50000,IVF,tuned
6,3,220.625,50000,IVF,tuned
6,25,380.583,50000,IVF,tuned
6,19,228.0,50000,IVF,tuned
6,29,381.291,50000,IVF,tuned
6,23,360.916,50000,IVF,tuned
6,9,246.208,50000,IVF,tuned
6,11,274.5,50000,IVF,tuned
6,8,256.25,50000,IVF,tuned
6,27,342.084,50000,IVF,tuned
6,28,358.084,50000,IVF,tuned
6,10,277.625,50000,IVF,tuned
6,4,319.334,50000,IVF,tuned
6,18,336.833,50000,IVF,tuned
6,7,316.625,50000,IVF,tuned
6,1,422.0,50000,IVF,tuned
6,0,334.917,50000,IVF,tuned
6,15,323.25,50000,IVF,tuned
6,20,193.417,50000,IVF,tuned
6,32,328.959,50000,IVF,tuned
6,16,263.209,50000,IVF,tuned
6,12,306.375,50000,IVF,tuned
6,26,722.041,50000,IVF,tuned
6,24,793.917,50000,IVF,tuned
6,17,352.917,50000,IVF,tuned
6,22,380.541,50000,IVF,tuned
6,5,413.375,50000,IVF,tuned
6,30,474.292,50000,IVF,tuned
6,2,266.041,50000,IVF,tuned
6,31,258.583,50000,IVF,tuned
6,14,320.5,50000,IVF,tuned
6,13,357.625,50000,IVF,tuned
7,20,219.291,50000,IVF,tuned
7,16,283.625,50000,IVF,tuned
7,2,265.875,50000,IVF,tuned
7,12,298.875,50000,IVF,tuned
7,29,419.292,50000,IVF,tuned
7,10,274.459,50000,IVF,tuned
7,22,318.75,50000,IVF,tuned
7,4,415.0,50000,IVF,tuned
7,0,373.042,50000,IVF,tuned
7,23,702.334,50000,IVF,tuned
7,19,377.125,50000,IVF,tuned
7,33,270.458,50000,IVF,tuned
7,15,388.708,50000,IVF,tuned
7,26,378.042,50000,IVF,tuned
7,28,404.333,50000,IVF,tuned
7,18,349.458,50000,IVF,tuned
7,24,257.916,50000,IVF,tuned
7,3,235.167,50000,IVF,tuned
7,8,243.0,50000,IVF,tuned
7,11,245.667,50000,IVF,tuned
7,7,395.209,50000,IVF,tuned
7,5,343.958,50000,IVF,tuned
7,1,422.0,50000,IVF,tuned
7,32,297.583,50000,IVF,tuned
7,27,342.0,50000,IVF,tuned
7,17,276.292,50000,IVF,tuned
7,9,243.75,50000,IVF,tuned
7,25,372.584,50000,IVF,tuned
7,13,376.208,50000,IVF,tuned
7,21,238.292,50000,IVF,tuned
7,30,516.542,50000,IVF,tuned
7,31,250.042,50000,IVF,tuned
7,6,174.208,50000,IVF,tuned
7,14,341.042,50000,IVF,tuned
8,16,348.958,50000,IVF,tuned
8,8,229.375,50000,IVF,tuned
8,33,267.459,50000,IVF,tuned
8,25,381.0,50000,IVF,tuned
8,18,351.583,50000,IVF,tuned
8,26,348.459,50000,IVF,tuned
8,32,326.708,50000,IVF,tuned
8,11,248.958,50000,IVF,tuned
8,27,318.375,50000,IVF,tuned
8,7,310.458,50000,IVF,tuned
8,15,334.333,50000,IVF,tuned
8,1,439.416,50000,IVF,tuned
8,22,333.0,50000,IVF,tuned
8,28,387.208,50000,IVF,tuned
8,19,234.416,50000,IVF,tuned
8,23,368.625,50000,IVF,tuned
8,0,336.0,50000,IVF,tuned
8,24,257.625,50000,IVF,tuned
8,29,419.75,50000,IVF,tuned
8,2,343.625,50000,IVF,tuned
8,31,279.042,50000,IVF,tuned
8,5,267.25,50000,IVF,tuned
8,4,367.292,50000,IVF,tuned
8,10,261.084,50000,IVF,tuned
8,6,223.25,50000,IVF,tuned
8,17,291.417,50000,IVF,tuned
8,30,455.834,50000,IVF,tuned
8,13,355.458,50000,IVF,tuned
8,3,254.0,50000,IVF,tuned
8,14,316.875,50000,IVF,tuned
8,12,273.458,50000,IVF,tuned
8,20,189.917,50000,IVF,tuned
8,21,264.333,50000,IVF,tuned
8,9,243.667,50000,IVF,tuned
9,30,485.75,50000,IVF,tuned
9,6,197.917,50000,IVF,tuned
9,28,363.083,50000,IVF,tuned
9,7,363.416,50000,IVF,tuned
9,10,286.958,50000,IVF,tuned
9,24,261.042,50000,IVF,tuned
9,13,348.375,50000,IVF,tuned
9,14,316.292,50000,IVF,tuned
9,33,309.875,50000,IVF,tuned
9,25,442.709,50000,IVF,tuned
9,0,416.375,50000,IVF,tuned
9,19,237.959,50000,IVF,tuned
9,4,389.459,50000,IVF,tuned
9,12,373.875,50000,IVF,tuned
9,5,318.375,50000,IVF,tuned
9,9,296.333,50000,IVF,tuned
9,11,283.875,50000,IVF,tuned
9,3,224.291,50000,IVF,tuned
9,16,248.208,50000,IVF,tuned
9,26,350.708,50000,IVF,tuned
9,20,214.791,50000,IVF,tuned
9,29,386.541,50000,IVF,tuned
9,2,281.542,50000,IVF,tuned
9,22,331.25,50000,IVF,tuned
9,27,311.666,50000,IVF,tuned
9,23,693.125,50000,IVF,tuned
9,1,809.292,50000,IVF,tuned
9,15,331.209,50000,IVF,tuned
9,8,217.209,50000,IVF,tuned
9,17,285.083,50000,IVF,tuned
9,31,297.875,50000,IVF,tuned
9,32,325.292,50000,IVF,tuned
9,18,347.708,50000,IVF,tuned
9,21,274.417,50000,IVF,tuned
10,13,389.542,50000,IVF,tuned
10,20,224.542,50000,IVF,tuned
10,28,396.625,50000,IVF,tuned
10,0,343.709,50000,IVF,tuned
10,30,510.5,50000,IVF,tuned
10,16,257.208,50000,IVF,tuned
10,27,308.625,50000,IVF,tuned
10,32,352.083,50000,IVF,tuned
10,12,273.334,50000,IVF,tuned
10,1,902.75,50000,IVF,tuned
10,2,532.75,50000,IVF,tuned
10,19,238.917,50000,IVF,tuned
10,6,177.417,50000,IVF,tuned
10,33,256.584,50000,IVF,tuned
10,15,375.375,50000,IVF,tuned
10,7,324.25,50000,IVF,tuned
10,8,216.708,50000,IVF,tuned
10,23,384.375,50000,IVF,tuned
10,5,277.875,50000,IVF,tuned
10,25,369.458,50000,IVF,tuned
10,21,246.125,50000,IVF,tuned
10,18,391.584,50000,IVF,tuned
10,10,257.292,50000,IVF,tuned
10,9,248.0,50000,IVF,tuned
10,29,419.042,50000,IVF,tuned
10,22,322.583,50000,IVF,tuned
10,17,283.958,50000,IVF,tuned
10,24,291.625,50000,IVF,tuned
10,31,248.875,50000,IVF,tuned
10,3,265.75,50000,IVF,tuned
10,4,332.166,50000,IVF,tuned
10,26,384.833,50000,IVF,tuned
10,11,245.833,50000,IVF,tuned
10,14,316.75,50000,IVF,tuned
